"corpusid","externalids","url","title","authors","venue","publicationvenueid","year","referencecount","citationcount","influentialcitationcount","isopenaccess","s2fieldsofstudy","publicationtypes","publicationdate","journal","corpusid"
"23732922","{acl=null, dblp=null, arxiv=null, mag=2312550046, corpusid=23732922, pubmed=26985997, doi=10.1371/journal.pone.0151577, pubmedcentral=4795671}","https://www.semanticscholar.org/paper/d7531a02598d604283609139f8a139b6e2342f25","Metagenomic Analysis from the Interior of a Speleothem in Tjuv-Ante's Cave, Northern Sweden","[{authorid=6509444, name=Marie Lisandra Zepeda Mendoza}, {authorid=2060206447, name=Johannes E. K. Lundberg}, {authorid=3997537, name=M. Ivarsson}, {authorid=34783432, name=P. Campos}, {authorid=1850174, name=J. Nylander}, {authorid=7194043, name=T. Sallstedt}, {authorid=4699484, name=L. Dalén}]","PLoS ONE","0aed7a40-85f3-4c66-9e1b-c1556c57001b","2016","85","37","2","true","[{category=Environmental Science, source=s2-fos-model}, {category=Biology, source=s2-fos-model}, {category=Medicine, source=external}, {category=Biology, source=external}]","[JournalArticle]","2016-03-17","{name=PLoS ONE, pages=null, volume=11}","23732922"
"4821253","{acl=null, dblp=null, arxiv=null, mag=3098350502, corpusid=4821253, pubmed=29614109, doi=10.1371/journal.ppat.1006918, pubmedcentral=5882169}","https://www.semanticscholar.org/paper/cd72f0ae529dcff0784a1d6fd255dbb788824a8c","Mutations in the pantothenate kinase of Plasmodium falciparum confer diverse sensitivity profiles to antiplasmodial pantothenate analogues","[{authorid=12605664, name=Erick T. Tjhin}, {authorid=47924737, name=Christina Spry}, {authorid=49547753, name=Alan L Sewell}, {authorid=4782358, name=A. Hoegl}, {authorid=13448216, name=L. Barnard}, {authorid=2057222553, name=Anna E Sexton}, {authorid=40315056, name=G. Siddiqui}, {authorid=8630355, name=Vanessa M. Howieson}, {authorid=39424288, name=A. Maier}, {authorid=2790947, name=D. Creek}, {authorid=32909812, name=E. Strauss}, {authorid=123846743, name=R. Marquez}, {authorid=144884775, name=K. Auclair}, {authorid=6441376, name=K. Saliba}]","bioRxiv","027ffd21-ebb0-4af8-baf5-911124292fd0","2017","64","25","4","true","[{category=Biology, source=s2-fos-model}, {category=Medicine, source=s2-fos-model}, {category=Chemistry, source=external}, {category=Biology, source=external}, {category=Medicine, source=external}]","[JournalArticle]","2017-05-16","{name=PLoS Pathogens, pages=null, volume=14}","4821253"
"221342116","{acl=null, dblp=null, arxiv=null, mag=3046731036, corpusid=221342116, pubmed=32863914, doi=10.3892/ol.2020.11942, pubmedcentral=7436936}","https://www.semanticscholar.org/paper/f219abed8c3f24ffecc1b65fe7febeb31b857e23","Eukaryotic translation initiation factor 5A in the pathogenesis of cancers","[{authorid=2075391765, name=L. Ning}, {authorid=4493319, name=Lei Wang}, {authorid=2108598333, name=Honglai Zhang}, {authorid=7929276, name=Xuelong Jiao}, {authorid=49025727, name=Dong Chen}]","Oncology Letters","32d29099-0305-4734-b3ec-534d630e10ff","2020","157","15","0","true","[{category=Medicine, source=s2-fos-model}, {category=Biology, source=s2-fos-model}, {category=Medicine, source=external}]","[Review, JournalArticle]","2020-08-03","{name=Oncology Letters, pages=null, volume=20}","221342116"
"211473560","{acl=null, dblp=null, arxiv=null, mag=3005714460, corpusid=211473560, pubmed=32095336, doi=10.7717/peerj.8474, pubmedcentral=7020815}","https://www.semanticscholar.org/paper/98ca18f9bd73b48de96708759805fbfa3765d490","Comprehensive transcriptome analysis of reference genes for fruit development of Euscaphis konishii","[{authorid=48473620, name=Cheng-Long Yang}, {authorid=83559999, name=Xueyan Yuan}, {authorid=2159189902, name=Jie Zhang}, {authorid=48423847, name=Weihong Sun}, {authorid=1608976474, name=Zhongjian Liu}, {authorid=34207369, name=Shuangquan Zou}]","PeerJ","558a3215-8ffd-4b31-be7f-f653ca3b600d","2020","38","5","0","true","[{category=Biology, source=s2-fos-model}, {category=Environmental Science, source=s2-fos-model}, {category=Medicine, source=external}, {category=Biology, source=external}]","[JournalArticle]","2020-02-11","{name=PeerJ, pages=null, volume=8}","211473560"
"3691045","{acl=null, dblp=null, arxiv=null, mag=2512778199, corpusid=3691045, pubmed=27531837, doi=10.1101/lm.042564.116, pubmedcentral=4986855}","https://www.semanticscholar.org/paper/1b3ae4b97eea0013e4ef851e7a3f37ce64d28b67","An appetitive experience after fear memory destabilization attenuates fear retention: involvement GluN2B-NMDA receptors in the Basolateral Amygdala Complex","[{authorid=5418198, name=Roque I Ferrer Monti}, {authorid=6562360, name=Marcelo Giachero}, {authorid=6610190, name=J. M. Alfei}, {authorid=144258153, name=A. Bueno}, {authorid=4966041, name=G. Cuadra}, {authorid=34036628, name=V. Molina}]","Learning & memory (Cold Spring Harbor, N.Y.)","c0bd3472-da10-46f9-8fb4-e0ca22eb094e","2016","57","24","0","true","[{category=Biology, source=s2-fos-model}, {category=Psychology, source=s2-fos-model}, {category=Medicine, source=external}, {category=Psychology, source=external}]","[JournalArticle]","2016-09-01","{name=Learning & Memory, pages=465 - 478, volume=23}","3691045"
"17700636","{acl=null, dblp=null, arxiv=null, mag=2048649246, corpusid=17700636, pubmed=24499669, doi=10.5483/BMBRep.2014.47.3.272, pubmedcentral=4163876}","https://www.semanticscholar.org/paper/dcd1bd99ef78104db8d37a9fbbf4a008401c0a21","Perspectives on the therapeutic potential of short-chain fatty acid receptors","[{authorid=3287709, name=Sunhong Kim}, {authorid=14833998, name=Jeong-Hoon Kim}, {authorid=11642958, name=Bi-Oh Park}, {authorid=49222689, name=Y. Kwak}]","BMB Reports","dbbd6576-b1bc-47d0-86b4-e315b7c68239","2014","50","48","2","true","[{category=Biology, source=s2-fos-model}, {category=Medicine, source=s2-fos-model}, {category=Biology, source=external}, {category=Medicine, source=external}]","[Review, JournalArticle]","2014-03-01","{name=BMB Reports, pages=173 - 178, volume=47}","17700636"
"11780447","{acl=null, dblp=null, arxiv=null, mag=2060677877, corpusid=11780447, pubmed=23383297, doi=10.1371/journal.pone.0053192, pubmedcentral=3562192}","https://www.semanticscholar.org/paper/5d95a5b7ba90a5c5884e652dfa10526b3fc751b0","11β-Hydroxysteroid Dehydrogenase Type 1 Gene Knockout Attenuates Atherosclerosis and In Vivo Foam Cell Formation in Hyperlipidemic apoE−/− Mice","[{authorid=115462601, name=Ricardo A. García}, {authorid=5078396, name=D. Search}, {authorid=4700808, name=J. Lupisella}, {authorid=153526739, name=J. Ostrowski}, {authorid=48839169, name=Bo Guan}, {authorid=145471813, name=Jian Chen}, {authorid=7536256, name=Wen-pin Yang}, {authorid=3654868, name=Amy B. Truong}, {authorid=40372607, name=Aiqing He}, {authorid=31510143, name=Rongan Zhang}, {authorid=39905037, name=Mujing Yan}, {authorid=47291526, name=Samuel E. Hellings}, {authorid=4140624, name=Peter S. Gargalovic}, {authorid=5891143, name=Carol S. Ryan}, {authorid=50350251, name=L. Watson}, {authorid=3787976, name=Robert A. Langish}, {authorid=5765706, name=P. Shipkova}, {authorid=1471647443, name=N. Carson}, {authorid=2110315719, name=Joseph R. Taylor}, {authorid=153518035, name=Richard Z. Yang}, {authorid=40434303, name=G. Psaltis}, {authorid=5230920, name=T. Harrity}, {authorid=3999398, name=J. Robl}, {authorid=145823215, name=D. Gordon}]","PLoS ONE","0aed7a40-85f3-4c66-9e1b-c1556c57001b","2013","49","34","0","true","[{category=Medicine, source=s2-fos-model}, {category=Biology, source=s2-fos-model}, {category=Medicine, source=external}, {category=Chemistry, source=external}]","[JournalArticle]","2013-02-01","{name=PLoS ONE, pages=null, volume=8}","11780447"
"15886304","{acl=null, dblp=null, arxiv=null, mag=2465908347, corpusid=15886304, pubmed=27445734, doi=10.3389/fnbeh.2016.00139, pubmedcentral=4923148}","https://www.semanticscholar.org/paper/dd014f4f3c450d02b3435f4dfd617c03b3bbf0d3","Persistence of Gender Related-Effects on Visuo-Spatial and Verbal Working Memory in Right Brain-Damaged Patients","[{authorid=2864443, name=L. Piccardi}, {authorid=4418442, name=A. Matano}, {authorid=1399029254, name=G. D’Antuono}, {authorid=38378239, name=Dario Marin}, {authorid=6799419, name=P. Ciurli}, {authorid=5691696, name=C. Incoccia}, {authorid=3477325, name=P. Verde}, {authorid=3040042, name=P. Guariglia}]","Frontiers in Behavioral Neuroscience","810ce699-eb80-4394-8aac-a6d3c87840ed","2016","91","10","0","true","[{category=Psychology, source=s2-fos-model}, {category=Medicine, source=external}, {category=Psychology, source=external}]","[JournalArticle]","2016-06-28","{name=Frontiers in Behavioral Neuroscience, pages=null, volume=10}","15886304"
"2038329","{acl=null, dblp=null, arxiv=null, mag=2344053277, corpusid=2038329, pubmed=27200294, doi=10.3389/fonc.2016.00106, pubmedcentral=4846663}","https://www.semanticscholar.org/paper/063ed31b3dbbdc37b7d78d4506de393b1996ade1","Confronting the Care Delivery Challenges Arising from Precision Medicine","[{authorid=6463759, name=S. Temkin}, {authorid=2443984, name=P. Mainwaring}, {authorid=49808001, name=S. Gaillard}, {authorid=1970546, name=E. Kohn}, {authorid=144448906, name=S. Ivy}]","Frontiers in Oncology","fdeb07d1-a046-4a1a-98aa-167e7f8e667a","2016","40","3","0","true","[{category=Medicine, source=s2-fos-model}, {category=Medicine, source=external}]","[Review, JournalArticle]","2016-04-27","{name=Frontiers in Oncology, pages=null, volume=6}","2038329"
"52893344","{acl=null, dblp=null, arxiv=null, mag=2892555091, corpusid=52893344, pubmed=30268833, doi=10.1016/j.ebiom.2018.09.023, pubmedcentral=6197722}","https://www.semanticscholar.org/paper/c773b6f870eabc86bbcb719e46f16683491fc09d","Development and validation of a radiomics signature for clinically significant portal hypertension in cirrhosis (CHESS1701): a prospective multicenter study","[{authorid=16678490, name=Fuquan Liu}, {authorid=38611833, name=Zhenyuan Ning}, {authorid=47909205, name=Yanna Liu}, {authorid=3063529, name=Dengxiang Liu}, {authorid=1470565241, name=Jie Tian}, {authorid=8511388, name=Hong-wu Luo}, {authorid=39950206, name=W. An}, {authorid=2108692242, name=Yifei Huang}, {authorid=2114313618, name=Jialiang Zou}, {authorid=73324123, name=Chuan Liu}, {authorid=2144900213, name=Changchun Liu}, {authorid=2152509447, name=Lei Wang}, {authorid=3168855, name=Zaiyi Liu}, {authorid=47406292, name=Ruizhao Qi}, {authorid=28587302, name=Changzeng Zuo}, {authorid=79389096, name=Qingge Zhang}, {authorid=152924981, name=Jitao Wang}, {authorid=153432980, name=Dawei Zhao}, {authorid=2111768341, name=Y. Duan}, {authorid=2054592066, name=Baogang Peng}, {authorid=145386714, name=X. Qi}, {authorid=49889820, name=Yuening Zhang}, {authorid=2144209979, name=Yongping Yang}, {authorid=2363503, name=J. Hou}, {authorid=79564915, name=Jiahong Dong}, {authorid=121544523, name=Zhiwei Li}, {authorid=2113455241, name=Huiguo Ding}, {authorid=66562490, name=Yu Zhang}, {authorid=6860314, name=Xianghui Qi}]","EBioMedicine","ee1ffcf9-667a-4b07-8b57-b01287b3797d","2018","35","49","1","true","[{category=Medicine, source=s2-fos-model}, {category=Medicine, source=external}]","[Study, JournalArticle]","2018-09-27","{name=EBioMedicine, pages=151 - 158, volume=36}","52893344"
"49864692","{acl=null, dblp=null, arxiv=null, mag=2808905908, corpusid=49864692, pubmed=30018796, doi=10.1136/rmdopen-2017-000533, pubmedcentral=6045702}","https://www.semanticscholar.org/paper/0de2049f874fbf6ab3e3ed89e1bdb2b3c8e99351","Haematopoietic stem cell transplantation in systemic sclerosis","[{authorid=4606556, name=U. Walker}, {authorid=6729809, name=L. Saketkoo}, {authorid=4580511, name=O. Distler}]","RMD Open","d39ab6aa-0617-43cd-9c04-b4be46354f06","2018","51","37","6","true","[{category=Medicine, source=s2-fos-model}, {category=Medicine, source=external}]","[JournalArticle]","2018-06-01","{name=RMD Open, pages=null, volume=4}","49864692"
"12176355","{acl=null, dblp=null, arxiv=null, mag=2311314727, corpusid=12176355, pubmed=27010993, doi=10.1371/journal.pone.0152144, pubmedcentral=4806999}","https://www.semanticscholar.org/paper/115ced921bb642da2eb2be294c9df706b16be9a5","Structured Modeling and Analysis of Stochastic Epidemics with Immigration and Demographic Effects","[{authorid=33019780, name=Hendrik Baumann}, {authorid=1939396, name=W. Sandmann}]","PLoS ONE","0aed7a40-85f3-4c66-9e1b-c1556c57001b","2016","36","9","1","true","[{category=Mathematics, source=s2-fos-model}, {category=Medicine, source=s2-fos-model}, {category=Computer Science, source=external}, {category=Medicine, source=external}]","[JournalArticle]","2016-03-24","{name=PLoS ONE, pages=null, volume=11}","12176355"
"54480637","{acl=null, dblp=null, arxiv=null, mag=2903788720, corpusid=54480637, pubmed=30531125, doi=10.2116/analsci.18N023, pubmedcentral=null}","https://www.semanticscholar.org/paper/6562735087906277238847bb68c7d2bd87aa8a92","Direct Temperature-Swing Extraction of Rare-Earth Elements from Acidic Solution Using the Hydrophobic Interactions of Poly(N-isopropylacrylamide) with Diglycolamide-typed Ligands","[{authorid=52226584, name=Kaname Saga}, {authorid=2111480600, name=Hideya Suzuki}, {authorid=14134949, name=T. Matsumura}, {authorid=13038816, name=Takehiko Tsukahara}]","Analytical Sciences","5ca77533-29f8-48aa-bc16-1432a35ad9c1","2018","4","2","1","true","[{category=Chemistry, source=s2-fos-model}, {category=Materials Science, source=s2-fos-model}, {category=Chemistry, source=external}, {category=Medicine, source=external}]","[JournalArticle]","2018-12-07","{name=Analytical Sciences, pages=461-464, volume=35}","54480637"
"3746748","{acl=null, dblp=null, arxiv=null, mag=2591753486, corpusid=3746748, pubmed=28280064, doi=10.1503/cmaj.151043, pubmedcentral=null}","https://www.semanticscholar.org/paper/72951192de68a59c9f95903f209cfc54e950d4a6","Cardiac syncope in a woman with undiagnosed celiac disease","[{authorid=2801415, name=L. Samy}, {authorid=2418483, name=A. Barkun}, {authorid=2059202, name=T. Huynh}]","Canadian Medical Association Journal",,"2017","14","4","0","true","[{category=Medicine, source=s2-fos-model}, {category=Medicine, source=external}]","[JournalArticle, CaseReport]","2017-03-06","{name=Canadian Medical Association Journal, pages=E365 - E367, volume=189}","3746748"
"15880790","{acl=null, dblp=null, arxiv=null, mag=1985008482, corpusid=15880790, pubmed=24229326, doi=10.1186/1741-7015-11-205, pubmedcentral=3847236}","https://www.semanticscholar.org/paper/ade33cb9591964ecb18caf32c4aaeb27e84464a9","Myalgic encephalomyelitis/chronic fatigue syndrome and encephalomyelitis disseminata/multiple sclerosis show remarkable levels of similarity in phenomenology and neuroimmune characteristics","[{authorid=38700182, name=G. Morris}, {authorid=81989624, name=M. Maes}]","BMC Medicine","70337d1b-fdf7-4fcb-b391-e096feba3748","2013","368","118","5","true","[{category=Medicine, source=s2-fos-model}, {category=Medicine, source=external}]","[Review, JournalArticle]","2013-09-17","{name=BMC Medicine, pages=205 - 205, volume=11}","15880790"
"18419911","{acl=null, dblp=null, arxiv=null, mag=2015142370, corpusid=18419911, pubmed=25710006, doi=10.1155/2015/534738, pubmedcentral=4332760}","https://www.semanticscholar.org/paper/92be9538ae2a40ce51c706071d20225bc03f19da","Locus of Enterocyte Effacement: A Pathogenicity Island Involved in the Virulence of Enteropathogenic and Enterohemorragic Escherichia coli Subjected to a Complex Network of Gene Regulation","[{authorid=50226197, name=F. Franzin}, {authorid=5153077, name=M. Sircili}]","BioMed Research International","c52375db-5573-406f-a12b-854c7ba98498","2015","84","98","3","true","[{category=Biology, source=s2-fos-model}, {category=Medicine, source=s2-fos-model}, {category=Biology, source=external}, {category=Medicine, source=external}]","[Review, JournalArticle]","2015-02-02","{name=BioMed Research International, pages=null, volume=2015}","18419911"
"2402943","{acl=null, dblp=null, arxiv=null, mag=2750963000, corpusid=2402943, pubmed=28886102, doi=10.1371/journal.pone.0184043, pubmedcentral=5590873}","https://www.semanticscholar.org/paper/1c1588da7e1e493e37b7507a45770d53ef20ad0e","Three-dimensional friction measurement during hip simulation","[{authorid=145043277, name=R. Sonntag}, {authorid=145938021, name=Steffen Braun}, {authorid=1417222438, name=L. Al-Salehi}, {authorid=2287524, name=J. Reinders}, {authorid=49128798, name=U. Mueller}, {authorid=2205885889, name=J. P. Kretzer}]","PLoS ONE","0aed7a40-85f3-4c66-9e1b-c1556c57001b","2017","44","17","1","true","[{category=Engineering, source=s2-fos-model}, {category=Medicine, source=s2-fos-model}, {category=Materials Science, source=external}, {category=Medicine, source=external}]","[JournalArticle]","2017-09-08","{name=PLoS ONE, pages=null, volume=12}","2402943"
"15317167","{acl=null, dblp=null, arxiv=1507.02924, mag=3097987364, corpusid=15317167, pubmed=26473534, doi=10.1088/0034-4885/78/11/116901, pubmedcentral=null}","https://www.semanticscholar.org/paper/9ea7522d893f53263ce6ddf510db37305f298390","Magnetars: the physics behind observations. A review","[{authorid=7607051, name=R. Turolla}, {authorid=143705653, name=S. Zane}, {authorid=88728142, name=A. Watts}]","Reports on progress in physics. Physical Society",,"2015","450","279","12","true","[{category=Physics, source=s2-fos-model}, {category=Physics, source=external}, {category=Medicine, source=external}]","[JournalArticle, Review]","2015-07-10","{name=Reports on Progress in Physics, pages=null, volume=78}","15317167"
"9178306","{acl=null, dblp=null, arxiv=null, mag=2072103265, corpusid=9178306, pubmed=20806061, doi=10.1371/journal.pone.0011881, pubmedcentral=2929187}","https://www.semanticscholar.org/paper/2c3cff32d91d77fa0246e701e123d65ab3f6d0d9","PeakRegressor Identifies Composite Sequence Motifs Responsible for STAT1 Binding Sites and Their Potential rSNPs","[{authorid=2099242119, name=Jean-François Pessiot}, {authorid=2403522, name=H. Chiba}, {authorid=5329841, name=Hiroto Hyakkoku}, {authorid=1886765, name=Takeaki Taniguchi}, {authorid=2362479, name=W. Fujibuchi}]","PLoS ONE","0aed7a40-85f3-4c66-9e1b-c1556c57001b","2010","14","1","0","true","[{category=Biology, source=s2-fos-model}, {category=Computer Science, source=s2-fos-model}, {category=Biology, source=external}, {category=Medicine, source=external}]","[JournalArticle]","2010-08-27","{name=PLoS ONE, pages=null, volume=5}","9178306"
"25082083","{acl=null, dblp=null, arxiv=null, mag=2147181026, corpusid=25082083, pubmed=23197867, doi=10.5966/sctm.2012-0032, pubmedcentral=null}","https://www.semanticscholar.org/paper/72d0d45eeb9dfe53df51130921fbd471d09bf049","1α,25‐Dihydroxyvitamin D3 Modulates the Hair‐Inductive Capacity of Dermal Papilla Cells: Therapeutic Potential for Hair Regeneration","[{authorid=31701338, name=N. Aoi}, {authorid=3155510, name=Keita Inoue}, {authorid=3916782, name=T. Chikanishi}, {authorid=1873000, name=R. Fujiki}, {authorid=49658866, name=Hanako Yamamoto}, {authorid=6703505, name=H. Kato}, {authorid=32638796, name=Hitomi Eto}, {authorid=2054173669, name=Kentaro Doi}, {authorid=3782808, name=S. Itami}, {authorid=2568535, name=S. Kato}, {authorid=1981970, name=K. Yoshimura}]","Stem Cells Translational Medicine","351a7b45-82ea-4831-b5df-6cdc27f512d6","2012","62","35","1","true","[{category=Medicine, source=s2-fos-model}, {category=Medicine, source=external}, {category=Biology, source=external}]","[JournalArticle]","2012-08-01","{name=STEM CELLS Translational Medicine, pages=null, volume=1}","25082083"
"264043251","{acl=null, dblp=null, arxiv=null, mag=2295989183, corpusid=264043251, pubmed=26955968, doi=10.2174/1570159X14666160309114549, pubmedcentral=5327447}","https://www.semanticscholar.org/paper/6d115f38ee0e4fa0843c08614c9ea111c78082b2","Molecular and Cellular Mechanisms of Rapid-Acting Antidepressants Ketamine and Scopolamine","[]","Current Neuropharmacology","00b197ad-db71-4e63-95d6-23c50400ab53","2016","108","77","4","true","[{category=Medicine, source=s2-fos-model}, {category=Medicine, source=external}, {category=Psychology, source=external}]","[Review, JournalArticle]","2016-12-31","{name=Current Neuropharmacology, pages=11 - 20, volume=15}","264043251"
"9806093","{acl=null, dblp=null, arxiv=null, mag=2080915132, corpusid=9806093, pubmed=24550983, doi=10.1155/2014/170434, pubmedcentral=3914459}","https://www.semanticscholar.org/paper/04ef6eb827d6841530a2632312e70c62ae75fb30","Circulating Adipokines in Healthy versus Unhealthy Overweight and Obese Subjects","[{authorid=6292665, name=A. Alfadda}]","International Journal of Endocrinology","0822950e-275a-4312-9114-b1a6a5898af5","2014","40","34","3","true","[{category=Biology, source=s2-fos-model}, {category=Medicine, source=s2-fos-model}, {category=Medicine, source=external}]","[JournalArticle]","2014-01-16","{name=International Journal of Endocrinology, pages=null, volume=2014}","9806093"
"220120356","{acl=null, dblp=null, arxiv=null, mag=3028859673, corpusid=220120356, pubmed=32590810, doi=10.1097/MD.0000000000020984, pubmedcentral=7328972}","https://www.semanticscholar.org/paper/4a8d5109897ff46ed54df043c502e977f3e44d23","Xiaoaiping injection as adjunct therapy for patients with advanced esophageal carcinoma","[{authorid=2109342072, name=Zhen Liu}, {authorid=2188113016, name=Yanling Dong}, {authorid=1566783377, name=Meili Zhu}, {authorid=2067254214, name=Ying Mu}, {authorid=2146073100, name=Lemei Chen}]","Medicine","2ae18de8-1e0b-4f92-9aa3-866ffc4f36e7","2020","43","3","1","true","[{category=Medicine, source=s2-fos-model}, {category=Medicine, source=external}]","[JournalArticle, Review]","2020-05-26","{name=Medicine, pages=null, volume=99}","220120356"
"201115492","{acl=null, dblp=null, arxiv=null, mag=2969258598, corpusid=201115492, pubmed=31430331, doi=10.1371/journal.pone.0221338, pubmedcentral=6701781}","https://www.semanticscholar.org/paper/a0bdb00e98b12ed2609cc31ae99eac6f9929928e","Resource polymorphism in European whitefish: Analysis of fatty acid profiles provides more detailed evidence than traditional methods alone","[{authorid=145697566, name=Stephen M. Thomas}, {authorid=5188281, name=M. Kainz}, {authorid=87512898, name=P. Amundsen}, {authorid=143748772, name=B. Hayden}, {authorid=6979886, name=S. Taipale}, {authorid=6221891, name=K. Kahilainen}]","PLoS ONE","0aed7a40-85f3-4c66-9e1b-c1556c57001b","2019","78","10","0","true","[{category=Environmental Science, source=s2-fos-model}, {category=Biology, source=s2-fos-model}, {category=Medicine, source=external}, {category=Biology, source=external}]","[JournalArticle]","2019-08-20","{name=PLoS ONE, pages=null, volume=14}","201115492"
"227067890","{acl=null, dblp=null, arxiv=null, mag=3103546036, corpusid=227067890, pubmed=33207857, doi=10.5217/ir.2020.00025, pubmedcentral=8566837}","https://www.semanticscholar.org/paper/0af539301748a516ea83caff8fe738d8386200f1","Long-term safety and effectiveness of adalimumab in Japanese patients with Crohn’s disease: 3-year results from a real-world study","[{authorid=4051791, name=T. Hisamatsu}, {authorid=2111380272, name=Yasuo Suzuki}, {authorid=49556836, name=M. Kobayashi}, {authorid=2056464258, name=T. Hagiwara}, {authorid=65892409, name=T. Kawaberi}, {authorid=34806685, name=H. Ogata}, {authorid=5468466, name=T. Matsui}, {authorid=144096162, name=Mamoru Watanabe}, {authorid=49595204, name=T. Hibi}]","Intestinal Research","02c07c77-4178-40dc-9078-33103ee6bbe7","2020","33","12","0","true","[{category=Medicine, source=s2-fos-model}, {category=Medicine, source=external}]","[JournalArticle]","2020-11-20","{name=Intestinal Research, pages=408 - 418, volume=19}","227067890"
"4703886","{acl=null, dblp=null, arxiv=null, mag=2792569140, corpusid=4703886, pubmed=29516215, doi=10.1007/s00436-018-5775-0, pubmedcentral=5978925}","https://www.semanticscholar.org/paper/42a68e79f78fece3f27e41243e7b5b6592d74e67","Molecular detection and characterization of Theileria spp. infecting cattle in Sennar State, Sudan","[{authorid=144350203, name=Sofia B. Mohamed}, {authorid=7024367, name=Atif Alagib}, {authorid=36630706, name=Tahani B. AbdElkareim}, {authorid=145848979, name=Mohamed M. Hassan}, {authorid=1410015207, name=W. Johnson}, {authorid=145226308, name=H. Hussein}, {authorid=4159696, name=N. Taus}, {authorid=5824983, name=M. Ueti}]","Parasitology Research","bc1db5c6-8287-4548-b4b3-c2a7bf35f432","2018","23","16","0","true","[{category=Biology, source=s2-fos-model}, {category=Environmental Science, source=s2-fos-model}, {category=Medicine, source=s2-fos-model}, {category=Medicine, source=external}, {category=Biology, source=external}]","[JournalArticle]","2018-03-07","{name=Parasitology Research, pages=1271 - 1276, volume=117}","4703886"
"12793793","{acl=null, dblp=journals/ploscb/ToutounjiP14, arxiv=null, mag=2042788625, corpusid=12793793, pubmed=24651447, doi=10.1371/journal.pcbi.1003512, pubmedcentral=3961183}","https://www.semanticscholar.org/paper/51a2ee0b6d373daf4f1de60d940c3a0d2612f69d","Spatiotemporal Computations of an Excitable and Plastic Brain: Neuronal Plasticity Leads to Noise-Robust and Noise-Constructive Computations","[{authorid=2287346, name=Hazem Toutounji}, {authorid=1734512, name=G. Pipa}]","PLoS Comput. Biol.",,"2014","60","30","0","true","[{category=Computer Science, source=s2-fos-model}, {category=Computer Science, source=external}, {category=Medicine, source=external}]","[JournalArticle]","2014-03-01","{name=PLoS Computational Biology, pages=null, volume=10}","12793793"
"218609818","{acl=null, dblp=null, arxiv=null, mag=2103994392, corpusid=218609818, pubmed=22958367, doi=10.1186/2049-6958-7-5, pubmedcentral=3415124}","https://www.semanticscholar.org/paper/3884354cc643acd4de797c49f61e6d60c712e142","Anatomy and neuro-pathophysiology of the cough reflex arc","[{authorid=4188504, name=M. Polverino}, {authorid=5556192, name=F. Polverino}, {authorid=48884954, name=Marco Fasolino}, {authorid=5112483, name=Filippo Andò}, {authorid=153608327, name=A. Alfieri}, {authorid=2999614, name=F. De Blasio}]","Multidisciplinary Respiratory Medicine","71ed6d6b-423e-472c-8c0c-c64d8b25806c","2012","46","110","6","true","[{category=Medicine, source=s2-fos-model}, {category=Medicine, source=external}]","[JournalArticle, Review]","2012-06-18","{name=Multidisciplinary Respiratory Medicine, pages=5 - 5, volume=7}","218609818"
"30213736","{acl=null, dblp=null, arxiv=null, mag=2168128195, corpusid=30213736, pubmed=22553285, doi=10.1093/jxb/ers118, pubmedcentral=3398455}","https://www.semanticscholar.org/paper/d0f6064651686ac3a951e1005dd663beb431106e","Elevated CO2 and/or ozone modify lignification in the wood of poplars (Populus tremula x alba)","[{authorid=47947117, name=N. Richet}, {authorid=4921964, name=D. Afif}, {authorid=5894267, name=K. Tozo}, {authorid=50279141, name=B. Pollet}, {authorid=6641645, name=P. Maillard}, {authorid=144425528, name=F. Huber}, {authorid=4721459, name=P. Priault}, {authorid=6289047, name=J. Banvoy}, {authorid=40012847, name=P. Gross}, {authorid=6166625, name=P. Dizengremel}, {authorid=2741167, name=C. Lapierre}, {authorid=34021039, name=P. Perré}, {authorid=29901733, name=M. Cabané}]","Journal of Experimental Botany","2360b2ce-5340-4b89-b7d1-b4132d911e39","2012","55","35","1","true","[{category=Environmental Science, source=s2-fos-model}, {category=Medicine, source=external}, {category=Chemistry, source=external}]","[JournalArticle]","2012-05-02","{name=Journal of Experimental Botany, pages=4291 - 4301, volume=63}","30213736"
"108294106","{acl=null, dblp=null, arxiv=null, mag=2928506156, corpusid=108294106, pubmed=30970448, doi=10.5009/gnl18484, pubmedcentral=6622568}","https://www.semanticscholar.org/paper/53cd6f2818eec2bfc938cd0329228afe1c7fef30","Clinical Application of Circulating Tumor Cells in Gastric Cancer","[{authorid=2890995, name=M. Lee}, {authorid=2257851, name=G. Kim}, {authorid=5112380, name=Hye Kyung Jeon}, {authorid=6018908, name=S. J. Park}]","Gut and Liver","f3ef1bd9-b3c8-43e6-905e-e4e4e07f45f0","2019","71","22","0","true","[{category=Medicine, source=s2-fos-model}, {category=Medicine, source=external}]","[JournalArticle, Review]","2019-02-27","{name=Gut and Liver, pages=394 - 401, volume=13}","108294106"
"2561431","{acl=null, dblp=null, arxiv=null, mag=2027911088, corpusid=2561431, pubmed=23056420, doi=10.1371/journal.pone.0046718, pubmedcentral=3466280}","https://www.semanticscholar.org/paper/8ed82a63453175b31ef521fe0c87470561dad4b3","Pyocyanin Promotes Extracellular DNA Release in Pseudomonas aeruginosa","[{authorid=38715173, name=T. Das}, {authorid=50666354, name=M. Manefield}]","PLoS ONE","0aed7a40-85f3-4c66-9e1b-c1556c57001b","2012","36","200","9","true","[{category=Biology, source=s2-fos-model}, {category=Environmental Science, source=s2-fos-model}, {category=Biology, source=external}, {category=Medicine, source=external}]","[JournalArticle]","2012-10-08","{name=PLoS ONE, pages=null, volume=7}","2561431"
"58637424","{acl=null, dblp=null, arxiv=1807.00963, mag=2810182840, corpusid=58637424, pubmed=30655462, doi=10.1107/S1600577518015175, pubmedcentral=null}","https://www.semanticscholar.org/paper/a465fbf3f3e59b36cad3b07217a89809aff0c8b3","Proposal of X-ray absorption spectroscopy and magnetic circular dichroism using broadband free-electron lasers.","[{authorid=66234525, name=B. Deng}, {authorid=46758600, name=Jiawei Yan}, {authorid=51258046, name=Qingmin Zhang}, {authorid=66090778, name=Yaodong Sang}, {authorid=23783918, name=H. Deng}]","Journal of Synchrotron Radiation","6277ecc4-aad6-4158-be73-71bd7769430d","2018","53","7","0","true","[{category=Physics, source=s2-fos-model}, {category=Physics, source=external}, {category=Materials Science, source=external}, {category=Medicine, source=external}]","[JournalArticle]","2018-07-03","{name=Journal of synchrotron radiation, pages=
          1-10
        , volume=26 Pt 1}","58637424"
"13153328","{acl=null, dblp=null, arxiv=null, mag=2054387590, corpusid=13153328, pubmed=25692032, doi=10.1155/2015/601812, pubmedcentral=4321851}","https://www.semanticscholar.org/paper/9c888f7622732c9f33d97d03c764beda83bcf5ae","Evaluation of 24-Hour Arterial Stiffness Indices and Central Hemodynamics in Healthy Normotensive Subjects versus Treated or Untreated Hypertensive Patients: A Feasibility Study","[{authorid=8336419, name=Stefano Omboni}, {authorid=5819715, name=I. Posokhov}, {authorid=1423404490, name=A. Rogoza}]","International Journal of Hypertension","cc3f2f5f-8268-423b-b0a7-478756f07c90","2015","54","23","0","true","[{category=Medicine, source=s2-fos-model}, {category=Medicine, source=external}]","[JournalArticle]","2015-01-26","{name=International Journal of Hypertension, pages=null, volume=2015}","13153328"
"52040613","{acl=null, dblp=null, arxiv=null, mag=2885537176, corpusid=52040613, pubmed=30121900, doi=10.1007/s00439-018-1920-1, pubmedcentral=6132641}","https://www.semanticscholar.org/paper/deaf90d530efb862750ff6743282bdb961b82d94","South Korea: in the midst of a privacy reform centered on data sharing","[{authorid=2118625328, name=Hannah Kim}, {authorid=38092206, name=So Yoon Kim}, {authorid=2883827, name=Y. Joly}]","Human Genetics","43b87a47-bd26-4b65-918f-f9bbd159ea77","2018","37","14","1","true","[{category=Law, source=s2-fos-model}, {category=Political Science, source=s2-fos-model}, {category=Medicine, source=s2-fos-model}, {category=Biology, source=external}, {category=Medicine, source=external}]","[Review, JournalArticle]","2018-08-01","{name=Human Genetics, pages=627 - 635, volume=137}","52040613"
"56719500","{acl=null, dblp=null, arxiv=null, mag=2905644852, corpusid=56719500, pubmed=30583734, doi=10.1186/s13071-018-3215-8, pubmedcentral=6304787}","https://www.semanticscholar.org/paper/26342bda9e2e2867796fb935bf9b62be9f27846d","The Nix locus on the male-specific homologue of chromosome 1 in Aedes albopictus is a strong candidate for a male-determining factor","[{authorid=3950564, name=L. Gomulski}, {authorid=52550986, name=Marina Mariconti}, {authorid=52544836, name=A. Di Cosimo}, {authorid=4222617, name=F. Scolari}, {authorid=30868748, name=M. Manni}, {authorid=6484709, name=G. Savini}, {authorid=5339131, name=A. Malacrida}, {authorid=4142253, name=G. Gasperi}]","Parasites & Vectors","093944e8-526f-4721-b357-06780c5eb463","2018","61","14","0","true","[{category=Biology, source=s2-fos-model}, {category=Environmental Science, source=s2-fos-model}, {category=Biology, source=external}, {category=Medicine, source=external}]","[JournalArticle]","2018-12-01","{name=Parasites & Vectors, pages=null, volume=11}","56719500"
"3347406","{acl=null, dblp=null, arxiv=null, mag=2753171193, corpusid=3347406, pubmed=28858397, doi=10.1002/jcph.994, pubmedcentral=5811797}","https://www.semanticscholar.org/paper/a202f59c5effa1ed7293b2186c11b9fb8580060c","Model‐Based Approach to Predict Adherence to Protocol During Antiobesity Trials","[{authorid=17686564, name=V. D. Sharma}, {authorid=51067645, name=F. Combes}, {authorid=5592790, name=M. Vakilynejad}, {authorid=5154044, name=G. Lahu}, {authorid=4621435, name=L. Lesko}, {authorid=8162626, name=Mirjam N Trame}]","Journal of clinical pharmacology","33b50733-0be0-44b0-844a-63653da91391","2017","35","4","0","true","[{category=Medicine, source=s2-fos-model}, {category=Medicine, source=external}]","[Study, JournalArticle, ClinicalTrial]","2017-08-31","{name=Journal of Clinical Pharmacology, pages=240 - 253, volume=58}","3347406"
"1512545","{acl=null, dblp=null, arxiv=null, mag=2077496193, corpusid=1512545, pubmed=23166640, doi=10.1371/journal.pone.0049322, pubmedcentral=3498168}","https://www.semanticscholar.org/paper/5d88acfcc9b1fcad16a0f85164acba68a6000540","The Co-Chaperone Hch1 Regulates Hsp90 Function Differently than Its Homologue Aha1 and Confers Sensitivity to Yeast to the Hsp90 Inhibitor NVP-AUY922","[{authorid=50519847, name=H. Armstrong}, {authorid=6451792, name=Annemarie Wolmarans}, {authorid=47234919, name=Rebecca Mercier}, {authorid=32371212, name=BaoChan Mai}, {authorid=101682125, name=P. LaPointe}]","PLoS ONE","0aed7a40-85f3-4c66-9e1b-c1556c57001b","2012","61","31","1","true","[{category=Biology, source=s2-fos-model}, {category=Biology, source=external}, {category=Medicine, source=external}]","[JournalArticle, Study]","2012-11-14","{name=PLoS ONE, pages=null, volume=7}","1512545"
"200102","{acl=null, dblp=null, arxiv=null, mag=1506412644, corpusid=200102, pubmed=26157417, doi=10.3389/fneur.2015.00139, pubmedcentral=4478389}","https://www.semanticscholar.org/paper/3a5ef87760e4ef59f19a70c5f329b3e88de8260e","Cardiac Autonomic Dysfunction in Patients with Schizophrenia and Their Healthy Relatives – A Small Review","[{authorid=2424740, name=K. Bär}]","Frontiers in Neurology","3513ce18-3757-4358-b15f-7060af98e6d0","2015","72","55","2","true","[{category=Medicine, source=s2-fos-model}, {category=Psychology, source=s2-fos-model}, {category=Medicine, source=external}]","[Review, JournalArticle]","2015-06-24","{name=Frontiers in Neurology, pages=null, volume=6}","200102"
"263980197","{acl=null, dblp=null, arxiv=null, mag=2170584025, corpusid=263980197, pubmed=24024082, doi=10.7717/peerj.129, pubmedcentral=3746960}","https://www.semanticscholar.org/paper/ee5e156bbb2f2934832db9648170b97373ce95e2","DNA barcoding unveils skate (Chondrichthyes: Rajidae) species diversity in ‘ray’ products sold across Ireland and the UK","[{authorid=2052716730, name=A. Griffiths}, {authorid=2258122577, name=Dana D. Miller}, {authorid=47774989, name=A. Egan}, {authorid=2257689266, name=Jennifer Fox}, {authorid=2257661930, name=Adam Greenfield}, {authorid=2257817271, name=Stefano Mariani}]","PeerJ","558a3215-8ffd-4b31-be7f-f653ca3b600d","2013","37","37","0","true","[{category=Environmental Science, source=s2-fos-model}, {category=Biology, source=s2-fos-model}, {category=Biology, source=external}, {category=Medicine, source=external}]","[JournalArticle]","2013-08-13","{name=PeerJ, pages=null, volume=1}","263980197"
"204815422","{acl=null, dblp=null, arxiv=null, mag=2982062202, corpusid=204815422, pubmed=31631325, doi=10.1002/bit.27200, pubmedcentral=7003738}","https://www.semanticscholar.org/paper/65da3aa1343ab06518d2bdd3c2dc88b41cc09761","Characterization and mutagenesis of Chinese hamster ovary cells endogenous retroviruses to inactivate viral particle release","[{authorid=90268588, name=P. Duroy}, {authorid=32243572, name=S. Bosshard}, {authorid=1399808167, name=Emanuel Schmid‐Siegert}, {authorid=40618717, name=S. Neuenschwander}, {authorid=3981849, name=Ghislaine Arib}, {authorid=104960556, name=P. Lemercier}, {authorid=1415132967, name=Jacqueline Masternak}, {authorid=1411515723, name=Lucien Roesch}, {authorid=1411954850, name=Flavien Buron}, {authorid=4372036, name=P. Girod}, {authorid=1793133, name=I. Xenarios}, {authorid=1845144, name=N. Mermod}]","Biotechnology and Bioengineering","c8fda4ac-cb02-4767-8300-0aa3c04453a1","2019","72","6","1","true","[{category=Biology, source=s2-fos-model}, {category=Medicine, source=s2-fos-model}, {category=Medicine, source=external}, {category=Biology, source=external}]","[JournalArticle]","2019-11-12","{name=Biotechnology and Bioengineering, pages=466 - 485, volume=117}","204815422"
"264971717","{acl=null, dblp=null, arxiv=null, mag=2399009415, corpusid=264971717, pubmed=30034718, doi=10.1039/c6sc00513f, pubmedcentral=6021780}","https://www.semanticscholar.org/paper/65c4245d1662b1eaa0128d5263cf1b8ff29cd116","A “roller-wheel” Pt-containing small molecule that outperforms its polymer analogs in organic solar cells","[{authorid=2265216992, name=Wenhan He}, {authorid=null, name=Maksim Y. Livshits}, {authorid=null, name=Diane A. Dickie}, {authorid=2271528442, name=Jianzhong Yang}, {authorid=null, name=Rachel Quinnett}, {authorid=5641720, name=J. Rack}, {authorid=2271734149, name=Qin Wu}, {authorid=null, name=Yang Qin}]","Chemical Science","2a0713ba-a4af-4a0a-ae49-81b8edeca660","2016","64","14","1","true","[{category=Chemistry, source=s2-fos-model}, {category=Materials Science, source=s2-fos-model}, {category=Medicine, source=external}, {category=Chemistry, source=external}]","[JournalArticle]","2016-05-23","{name=Chemical Science, pages=5798 - 5804, volume=7}","264971717"
"8653905","{acl=null, dblp=null, arxiv=null, mag=2619523625, corpusid=8653905, pubmed=28684978, doi=10.3762/bjoc.13.98, pubmedcentral=5480346}","https://www.semanticscholar.org/paper/aa3238f1928cb9e2e433383ed0c102614f2bce2b","A strategic approach to [6,6]-bicyclic lactones: application towards the CD fragment of DHβE","[{authorid=11359331, name=T. Jepsen}, {authorid=12199239, name=Emil Glibstrup}, {authorid=7393937, name=François Crestey}, {authorid=144175170, name=A. Jensen}, {authorid=2761467, name=J. Kristensen}]","Beilstein Journal of Organic Chemistry","d019220c-56d5-4c73-b3d7-6c4061b3a42d","2017","28","3","0","true","[{category=Chemistry, source=s2-fos-model}, {category=Medicine, source=external}, {category=Chemistry, source=external}]","[JournalArticle]","2017-05-22","{name=Beilstein Journal of Organic Chemistry, pages=988 - 994, volume=13}","8653905"
"195699449","{acl=null, dblp=null, arxiv=1906.11781, mag=3102101297, corpusid=195699449, pubmed=31778986, doi=10.1088/1361-6633/ab5c91, pubmedcentral=null}","https://www.semanticscholar.org/paper/65954c08e1f6b1598e77ec3dcdf0a7163b4f4cf2","It is all about phases: ultrafast holographic photoelectron imaging","[{authorid=15622209, name=C. Figueira de Morisson Faria}, {authorid=145327259, name=A. Maxwell}]","Reports on progress in physics. Physical Society",,"2019","287","66","1","true","[{category=Physics, source=s2-fos-model}, {category=Physics, source=external}, {category=Medicine, source=external}]","[JournalArticle, Review]","2019-06-27","{name=Reports on Progress in Physics, pages=null, volume=83}","195699449"
"8162356","{acl=null, dblp=null, arxiv=null, mag=2019340101, corpusid=8162356, pubmed=23457460, doi=10.1371/journal.pone.0055075, pubmedcentral=3574160}","https://www.semanticscholar.org/paper/5593f78115432e319b181147250391e828ac9d28","The Anti-Migratory Effects of FKBPL and Its Peptide Derivative, AD-01: Regulation of CD44 and the Cytoskeletal Pathway","[{authorid=5411099, name=A. Yakkundi}, {authorid=39125099, name=L. McCallum}, {authorid=1401835397, name=Anthony A. O’Kane}, {authorid=145008739, name=H. Dyer}, {authorid=145890643, name=J. Worthington}, {authorid=3821499, name=Hayley D. McKeen}, {authorid=4529957, name=L. McClements}, {authorid=2111818186, name=C. Elliott}, {authorid=6700260, name=H. McCarthy}, {authorid=39917492, name=D. Hirst}, {authorid=47850993, name=T. Robson}]","PLoS ONE","0aed7a40-85f3-4c66-9e1b-c1556c57001b","2013","52","28","2","true","[{category=Biology, source=s2-fos-model}, {category=Medicine, source=s2-fos-model}, {category=Medicine, source=external}, {category=Biology, source=external}]","[JournalArticle]","2013-02-15","{name=PLoS ONE, pages=null, volume=8}","8162356"
"14106018","{acl=null, dblp=null, arxiv=null, mag=1737284183, corpusid=14106018, pubmed=26372967, doi=10.5116/ijme.55f2.7d9b, pubmedcentral=4583833}","https://www.semanticscholar.org/paper/8ef1d3c1936ba4615013ac27823fe00b1413ecae","Patient death in simulation-based medical education","[{authorid=3630264, name=L. Mileder}, {authorid=5681596, name=C. Vajda}, {authorid=5074150, name=T. Wegscheider}]","International Journal of Medical Education","4c15e016-238b-4fe9-9236-80876f990c4a","2015","10","9","0","true","[{category=Education, source=s2-fos-model}, {category=Medicine, source=s2-fos-model}, {category=Psychology, source=external}, {category=Medicine, source=external}]","[JournalArticle, Review]","2015-09-15","{name=International Journal of Medical Education, pages=109 - 110, volume=6}","14106018"
"5968013","{acl=null, dblp=null, arxiv=null, mag=1991444970, corpusid=5968013, pubmed=23450042, doi=10.2174/157015912803217288, pubmedcentral=3468881}","https://www.semanticscholar.org/paper/11d0bd0a41ea34926670bfc6330bc25cab4d2420","NMDA Neurotransmission Dysfunction in Behavioral and Psychological Symptoms of Alzheimer’s Disease","[{authorid=null, name=Yu-Jhen Huang}, {authorid=null, name=Chieh-Hsin Lin}, {authorid=null, name=Hsien-Yuan Lane}, {authorid=null, name=Guochuan E Tsai}]","Current Neuropharmacology","00b197ad-db71-4e63-95d6-23c50400ab53","2012","0","3","0","true","[{category=Medicine, source=s2-fos-model}, {category=Psychology, source=s2-fos-model}, {category=Psychology, source=external}, {category=Medicine, source=external}]","[JournalArticle, Review]","2012-08-31","{name=Current Neuropharmacology, pages=272 - 285, volume=10}","5968013"
"2448832","{acl=null, dblp=null, arxiv=null, mag=2071274705, corpusid=2448832, pubmed=22174842, doi=10.1371/journal.pone.0028592, pubmedcentral=3235141}","https://www.semanticscholar.org/paper/03460fcb2d12eba29aba26951d80c61af9b1a881","Postoperative Deterioration in Health Related Quality of Life as Predictor for Survival in Patients with Glioblastoma: A Prospective Study","[{authorid=1725097, name=A. Jakola}, {authorid=46569376, name=S. Gulati}, {authorid=10770394, name=C. Weber}, {authorid=3017760, name=G. Unsgård}, {authorid=145050914, name=O. Solheim}]","PLoS ONE","0aed7a40-85f3-4c66-9e1b-c1556c57001b","2011","39","61","0","true","[{category=Medicine, source=s2-fos-model}, {category=Medicine, source=external}]","[JournalArticle]","2011-12-09","{name=PLoS ONE, pages=null, volume=6}","2448832"
"263924920","{acl=null, dblp=null, arxiv=null, mag=2035714089, corpusid=263924920, pubmed=23308401, doi=10.1289/ehp.1205862, pubmedcentral=3621202}","https://www.semanticscholar.org/paper/c11f3f6fc5b6726e244b0764b1e4842626f2d7d6","Long-Term Exposure to Urban Air Pollution and Mortality in a Cohort of More than a Million Adults in Rome","[{authorid=6660199, name=G. Cesaroni}, {authorid=3867969, name=C. Badaloni}, {authorid=2837635, name=C. Gariazzo}, {authorid=3544648, name=M. Stafoggia}, {authorid=50350984, name=R. Sozzi}, {authorid=2249030153, name=M. Davoli}, {authorid=2237612510, name=F. Forastiere}]","Environmental Health Perspectives","74dbb751-54d9-4be5-baa6-52a5e58ea8dd","2013","40","301","22","true","[{category=Environmental Science, source=s2-fos-model}, {category=Biology, source=external}, {category=Medicine, source=external}]","[JournalArticle]","2013-01-08","{name=Environmental Health Perspectives, pages=324 - 331, volume=121}","263924920"
"1179065","{acl=null, dblp=null, arxiv=null, mag=2025577773, corpusid=1179065, pubmed=25901358, doi=10.1371/journal.pone.0123989, pubmedcentral=4406735}","https://www.semanticscholar.org/paper/aadb967994cf09bc933032ac422821050c9acbfe","Association between Cardiorespiratory Fitness and Health-Related Quality of Life among Patients at Risk for Cardiovascular Disease in Uruguay","[{authorid=6808584, name=Morgan N Clennin}, {authorid=33520276, name=Jonathan P. W. Payne}, {authorid=47989022, name=E. Rienzi}, {authorid=27346053, name=C. Lavie}, {authorid=6377701, name=S. Blair}, {authorid=8599311, name=R. Pate}, {authorid=145465283, name=X. Sui}]","PLoS ONE","0aed7a40-85f3-4c66-9e1b-c1556c57001b","2015","49","18","2","true","[{category=Medicine, source=s2-fos-model}, {category=Medicine, source=external}]","[JournalArticle]","2015-04-22","{name=PLoS ONE, pages=null, volume=10}","1179065"
"1597228","{acl=null, dblp=null, arxiv=null, mag=2162636223, corpusid=1597228, pubmed=22210891, doi=10.1093/nar/gkr1281, pubmedcentral=3351181}","https://www.semanticscholar.org/paper/a815aae568aaeb06524a95d5e5fdc7527bf118f0","Crystal structure of human polynucleotide phosphorylase: insights into its domain function in RNA binding and degradation","[{authorid=50554899, name=C. Lin}, {authorid=2143439673, name=Yi-Ting Wang}, {authorid=91848993, name=Wei-Zen Yang}, {authorid=34654466, name=Y. Hsiao}, {authorid=2151334616, name=Hanna S. Yuan}]","Nucleic Acids Research","da96c220-cd39-4894-bae6-d2d77c8e7aa9","2011","55","58","7","true","[{category=Biology, source=s2-fos-model}, {category=Chemistry, source=s2-fos-model}, {category=Biology, source=external}, {category=Medicine, source=external}]","[JournalArticle]","2011-12-30","{name=Nucleic Acids Research, pages=4146 - 4157, volume=40}","1597228"
"125434334","{acl=null, dblp=journals/wcl/LaiWLCXM19a, arxiv=1811.03777, mag=2951246892, corpusid=125434334, pubmed=null, doi=10.1109/LWC.2018.2890031, pubmedcentral=null}","https://www.semanticscholar.org/paper/2fd9e6d8a70da947d21891c9fb79c713337908ef","Codeword Position Index Based Sparse Code Multiple Access System","[{authorid=27572220, name=Ke Lai}, {authorid=49080010, name=Lei Wen}, {authorid=145258820, name=Jing Lei}, {authorid=1992682, name=Gaojie Chen}, {authorid=144621298, name=P. Xiao}, {authorid=1785750, name=A. Maaref}]","IEEE Wireless Communications Letters","f8912cb6-c5cb-446c-bb21-596484c48df0","2018","9","6","0","true","[{category=Computer Science, source=s2-fos-model}, {category=Engineering, source=s2-fos-model}, {category=Engineering, source=external}, {category=Computer Science, source=external}]","[JournalArticle]","2018-11-08","{name=IEEE Wireless Communications Letters, pages=737-740, volume=8}","125434334"
"2030172","{acl=null, dblp=null, arxiv=null, mag=2749167448, corpusid=2030172, pubmed=28810874, doi=10.1186/s12929-017-0364-6, pubmedcentral=5556354}","https://www.semanticscholar.org/paper/358e7910fa98ad34e304bdf4a0f7a205375dcde0","Sudden cardiac death: focus on the genetics of channelopathies and cardiomyopathies","[{authorid=2450402, name=S. Magi}, {authorid=2754496, name=V. Lariccia}, {authorid=50137130, name=Marta Maiolino}, {authorid=6498701, name=S. Amoroso}, {authorid=5000840, name=S. Gratteri}]","Journal of Biomedical Sciences","db0006bf-7589-4a3f-a886-73869a2eecde","2017","148","27","1","true","[{category=Biology, source=s2-fos-model}, {category=Medicine, source=s2-fos-model}, {category=Biology, source=external}, {category=Medicine, source=external}]","[Review, JournalArticle]","2017-08-15","{name=Journal of Biomedical Science, pages=null, volume=24}","2030172"
"3992961","{acl=null, dblp=null, arxiv=null, mag=2747782815, corpusid=3992961, pubmed=28853050, doi=10.1007/s40262-017-0590-9, pubmedcentral=5856878}","https://www.semanticscholar.org/paper/1320702be645dc26eb5b29fbb3d52936c34a9935","Clinical Pharmacokinetics and Pharmacodynamics of the Epidermal Growth Factor Receptor Inhibitor Panitumumab in the Treatment of Colorectal Cancer","[{authorid=3729524, name=S. Ketzer}, {authorid=1997086137, name=Kirsten J.M. Schimmel}, {authorid=144296887, name=M. Koopman}, {authorid=144592614, name=H. Guchelaar}]","Clinical Pharmacokinetics","f9124e67-fd8b-4245-b0b9-af8c522de958","2017","109","13","0","true","[{category=Medicine, source=s2-fos-model}, {category=Medicine, source=external}]","[Review, JournalArticle]","2017-08-29","{name=Clinical Pharmacokinetics, pages=455 - 473, volume=57}","3992961"
"56175476","{acl=null, dblp=null, arxiv=null, mag=2905259002, corpusid=56175476, pubmed=30557410, doi=10.1371/journal.pone.0209123, pubmedcentral=6296559}","https://www.semanticscholar.org/paper/f96e57038aa9c7a8f2f0aaeec5c7dae32a056ad7","Compartment models for the electrical stimulation of retinal bipolar cells","[{authorid=1853474, name=F. Rattay}, {authorid=5434330, name=H. Bassereh}, {authorid=52165917, name=Isabel Stiennon}]","PLoS ONE","0aed7a40-85f3-4c66-9e1b-c1556c57001b","2018","60","9","3","true","[{category=Engineering, source=s2-fos-model}, {category=Medicine, source=external}, {category=Chemistry, source=external}]","[JournalArticle]","2018-12-17","{name=PLoS ONE, pages=null, volume=13}","56175476"
"3956477","{acl=null, dblp=null, arxiv=null, mag=2792347744, corpusid=3956477, pubmed=29535531, doi=10.2147/OTT.S149428, pubmedcentral=5840274}","https://www.semanticscholar.org/paper/939f47bf79cbf04830651bbc12e1fa090c103f0a","Genetic association between HER2 and ESR2 polymorphisms and ovarian cancer: a meta-analysis","[{authorid=144961763, name=L. Tang}, {authorid=1741340401, name=Jianming Li}, {authorid=9227938, name=Meihua Bao}, {authorid=49236171, name=J. Xiang}, {authorid=2109274939, name=Yiwei Chen}, {authorid=2152540523, name=Yan Wang}]","OncoTargets and Therapy","a3c92136-86d8-407a-9c91-45bd53eb2c77","2018","35","7","0","true","[{category=Medicine, source=s2-fos-model}, {category=Medicine, source=external}]","[JournalArticle]","2018-03-01","{name=OncoTargets and therapy, pages=1055 - 1066, volume=11}","3956477"
"2915857","{acl=null, dblp=null, arxiv=null, mag=1974462142, corpusid=2915857, pubmed=22509244, doi=10.1371/journal.pone.0032133, pubmedcentral=3324484}","https://www.semanticscholar.org/paper/bbdb777aadb1d688cb48bb3730a04e41a0d3e5c7","Discrimination Training with Multimodal Stimuli Changes Activity in the Mushroom Body of the Hawkmoth Manduca sexta","[{authorid=2307723, name=Anna Balkenius}, {authorid=2199148, name=B. Hansson}]","PLoS ONE","0aed7a40-85f3-4c66-9e1b-c1556c57001b","2012","60","11","0","true","[{category=Biology, source=s2-fos-model}, {category=Biology, source=external}, {category=Medicine, source=external}]","[JournalArticle]","2012-04-11","{name=PLoS ONE, pages=null, volume=7}","2915857"
"33197607","{acl=null, dblp=journals/scientometrics/Packalen19, arxiv=1801.03417, mag=2784275186, corpusid=33197607, pubmed=31662588, doi=10.1007/s11192-018-2991-4, pubmedcentral=null}","https://www.semanticscholar.org/paper/6ebc6519024ac7825acc823a498902f422f21762","Edge factors: scientific frontier positions of nations","[{authorid=2791145, name=Mikko Packalen}]","Scientometrics","96c1b36d-3833-4ec5-8806-48b8a93f901d","2018","49","10","1","true","[{category=Education, source=s2-fos-model}, {category=Medicine, source=external}, {category=Political Science, source=external}, {category=Computer Science, source=external}, {category=Biology, source=external}]","[JournalArticle]","2018-01-10","{name=Scientometrics, pages=787 - 808, volume=118}","33197607"
"3607724","{acl=null, dblp=null, arxiv=null, mag=2775349133, corpusid=3607724, pubmed=29198283, doi=10.1017/S1355617717001102, pubmedcentral=5939823}","https://www.semanticscholar.org/paper/6c3be00e11b273cc01940bd038047a9ba7fc6e0e","HIV-Associated Neurocognitive Disorders: A Global Perspective","[{authorid=10022784, name=R. Saloner}, {authorid=3314652, name=L. Cysique}]","Journal of the International Neuropsychological Society","cf8d3117-9c45-49f5-90c8-ac094bc0ce9a","2017","107","66","4","true","[{category=Medicine, source=s2-fos-model}, {category=Medicine, source=external}]","[Review, JournalArticle]","2017-10-01","{name=Journal of the International Neuropsychological Society, pages=860 - 869, volume=23}","3607724"
"263965572","{acl=null, dblp=null, arxiv=null, mag=2886101892, corpusid=263965572, pubmed=30068611, doi=10.1136/bmjopen-2017-021172, pubmedcentral=6074666}","https://www.semanticscholar.org/paper/b9c0853be1cb4d72c0c8739b5a7aed4ab5862d25","Defining and measuring health equity effects in research on task shifting interventions in high-income countries: a systematic review protocol","[]","BMJ Open","e6216b43-2428-4aaf-8101-b40e1dfd2810","2018","0","3","0","true","[{category=Medicine, source=s2-fos-model}, {category=Medicine, source=external}]","[JournalArticle, Review]","2018-07-01","{name=BMJ Open, pages=null, volume=8}","263965572"
"16027780","{acl=null, dblp=null, arxiv=null, mag=1999848700, corpusid=16027780, pubmed=25961014, doi=10.1155/2015/390863, pubmedcentral=4413255}","https://www.semanticscholar.org/paper/62cb37b550bed678eda7cda30d7dab18029eccc7","Diabetes and Its Link with Cancer: Providing the Fuel and Spark to Launch an Aggressive Growth Regime","[{authorid=47001113, name=Sanket Joshi}, {authorid=2299754, name=Menghan Liu}, {authorid=1774189, name=N. Turner}]","BioMed Research International","c52375db-5573-406f-a12b-854c7ba98498","2015","130","26","0","true","[{category=Medicine, source=s2-fos-model}, {category=Medicine, source=external}]","[Review, JournalArticle]","2015-04-15","{name=BioMed Research International, pages=null, volume=2015}","16027780"
"12611595","{acl=null, dblp=null, arxiv=null, mag=2621327486, corpusid=12611595, pubmed=28570625, doi=10.1371/journal.pone.0177861, pubmedcentral=5453475}","https://www.semanticscholar.org/paper/177c9f81049b6e8530f685a20100f9d06fbd90ad","An androgen response element driven reporter assay for the detection of androgen receptor activity in prostate cells","[{authorid=2763878, name=W. Azeem}, {authorid=3839327, name=M. R. Hellem}, {authorid=4374240, name=J. R. Olsen}, {authorid=3857885, name=Y. Hua}, {authorid=5133322, name=K. Marvyin}, {authorid=47045836, name=Y. Qu}, {authorid=2182328812, name=B. Lin}, {authorid=7814030, name=X. Ke}, {authorid=4555782, name=A. Øyan}, {authorid=47977801, name=K. Kalland}]","PLoS ONE","0aed7a40-85f3-4c66-9e1b-c1556c57001b","2017","60","11","0","true","[{category=Biology, source=s2-fos-model}, {category=Medicine, source=s2-fos-model}, {category=Biology, source=external}, {category=Medicine, source=external}]","[JournalArticle]","2017-06-01","{name=PLoS ONE, pages=null, volume=12}","12611595"
"102353909","{acl=null, dblp=journals/jcphy/Lozano-DuranB19, arxiv=1806.01914, mag=2805831031, corpusid=102353909, pubmed=31631902, doi=10.1016/j.jcp.2019.04.063, pubmedcentral=null}","https://www.semanticscholar.org/paper/6f115f0784e9f6457b75fff90ccc8806b4452ce7","Error scaling of large-eddy simulation in the outer region of wall-bounded turbulence","[{authorid=1399995313, name=A. Lozano-Durán}, {authorid=48978319, name=H. J. Bae}]","Journal of Computational Physics","58606051-2e63-4034-8496-9d4ed773bb49","2018","104","35","6","true","[{category=Physics, source=s2-fos-model}, {category=Engineering, source=s2-fos-model}, {category=Computer Science, source=external}, {category=Physics, source=external}, {category=Medicine, source=external}]","[JournalArticle]","2018-06-05","{name=Journal of computational physics, pages=
          532-555
        , volume=392}","102353909"
"16841005","{acl=null, dblp=null, arxiv=null, mag=2028525784, corpusid=16841005, pubmed=25933107, doi=10.1371/journal.pone.0124949, pubmedcentral=4416772}","https://www.semanticscholar.org/paper/4559a06f66c29278bc5780f5fc92f5ac5c9d2b50","NOD1 and NOD2 Genetic Variants in Association with Risk of Gastric Cancer and Its Precursors in a Chinese Population","[{authorid=2109549046, name=Zhe-Xuan Li}, {authorid=2115641657, name=Yu-mei Wang}, {authorid=6910175, name=Fu-Bing Tang}, {authorid=2146642179, name=Lian Zhang}, {authorid=1698138, name=Yang Zhang}, {authorid=1987786, name=Jun‐ling Ma}, {authorid=121687964, name=T. Zhou}, {authorid=144101042, name=W. You}, {authorid=123082779, name=K. Pan}]","PLoS ONE","0aed7a40-85f3-4c66-9e1b-c1556c57001b","2015","42","30","0","true","[{category=Medicine, source=s2-fos-model}, {category=Biology, source=external}, {category=Medicine, source=external}]","[JournalArticle]","2015-05-01","{name=PLoS ONE, pages=null, volume=10}","16841005"
"3749926","{acl=null, dblp=null, arxiv=null, mag=2747932519, corpusid=3749926, pubmed=28910447, doi=10.1167/iovs.17-21835, pubmedcentral=5598320}","https://www.semanticscholar.org/paper/195c6e958f014f41a6510afb4381001aa5cd25d0","Orexin-A Suppresses Signal Transmission to Dopaminergic Amacrine Cells From Outer and Inner Retinal Photoreceptors","[{authorid=4546661, name=S. Qiao}, {authorid=145465219, name=W. Zhou}, {authorid=39695487, name=Lei-Lei Liu}, {authorid=31644590, name=Dao-Qi Zhang}, {authorid=90183202, name=Y. Zhong}]","Investigative Ophthalmology and Visual Science","e52aeb8d-b929-43a2-b584-f0f5fbcfd9f4","2017","51","13","0","true","[{category=Biology, source=s2-fos-model}, {category=Medicine, source=s2-fos-model}, {category=Chemistry, source=external}, {category=Medicine, source=external}]","[JournalArticle]","2017-09-01","{name=Investigative Ophthalmology & Visual Science, pages=4712 - 4721, volume=58}","3749926"
"40520539","{acl=null, dblp=null, arxiv=null, mag=2058330236, corpusid=40520539, pubmed=23482155, doi=10.1364/OE.21.005872, pubmedcentral=null}","https://www.semanticscholar.org/paper/7574d84970ca098573812ddcc84865d1ce2e5121","Rapid scanning of spin noise with two free running ultrafast oscillators.","[{authorid=34039430, name=J. Hübner}, {authorid=2086649537, name=J. Lonnemann}, {authorid=2741407, name=Petrissa Zell}, {authorid=39976811, name=H. Kuhn}, {authorid=10202718, name=F. Berski}, {authorid=2390148, name=M. Oestreich}]","Optics Express","f06e7ee6-cd20-45a8-91f9-6c84bcddc5fd","2013","16","13","1","true","[{category=Physics, source=s2-fos-model}, {category=Physics, source=external}, {category=Medicine, source=external}]","[JournalArticle]","2013-03-11","{name=Optics express, pages=
          5872-8
        , volume=21 5}","40520539"
"4433792","{acl=null, dblp=null, arxiv=1704.07893, mag=3102453923, corpusid=4433792, pubmed=28429018, doi=10.1039/C7SM00459A, pubmedcentral=null}","https://www.semanticscholar.org/paper/bade93a4bd04a0c7f66d95b2971738b72a8e4581","Force-induced elastic matrix-mediated interactions in the presence of a rigid wall.","[{authorid=48775586, name=A. Menzel}]","Soft Matter","17f6408c-b93b-4464-a146-c96f32cd95a0","2017","69","16","0","true","[{category=Engineering, source=s2-fos-model}, {category=Materials Science, source=s2-fos-model}, {category=Physics, source=s2-fos-model}, {category=Medicine, source=external}, {category=Materials Science, source=external}, {category=Physics, source=external}]","[JournalArticle]","2017-04-25","{name=Soft matter, pages=
          3373-3384
        , volume=13 18}","4433792"
"215413708","{acl=null, dblp=null, arxiv=null, mag=2784114096, corpusid=215413708, pubmed=29316978, doi=10.1186/s13567-017-0502-x, pubmedcentral=5761136}","https://www.semanticscholar.org/paper/7d3d8fd2b8b6c32eddf4fe2fcfb2d36740faf680","In vivo testing of novel vaccine prototypes against Actinobacillus pleuropneumoniae","[{authorid=47854413, name=Fabio Antenucci}, {authorid=6586785, name=Cyrielle Fougeroux}, {authorid=4712242, name=Alannah S. Deeney}, {authorid=6309822, name=C. Ørskov}, {authorid=4126938, name=A. Rycroft}, {authorid=6240949, name=P. Holst}, {authorid=5302687, name=A. Bojesen}]","Veterinary Research","b0da1d48-a755-4069-9d00-10acffe77467","2018","50","19","0","true","[{category=Medicine, source=s2-fos-model}, {category=Biology, source=s2-fos-model}, {category=Agricultural and Food Sciences, source=s2-fos-model}, {category=Biology, source=external}, {category=Medicine, source=external}]","[JournalArticle]","2018-01-08","{name=Veterinary Research, pages=null, volume=49}","215413708"
"262633467","{acl=null, dblp=null, arxiv=null, mag=2977041607, corpusid=262633467, pubmed=31632136, doi=10.2147/CMAR.S211603, pubmedcentral=6775496}","https://www.semanticscholar.org/paper/028c98cc7885c32351349ca20fb560b8f54e9088","Preoperative Hyponatremia And Hypocalcemia Predict Poor Prognosis In Elderly Gastric Cancer Patients","[{authorid=2112307, name=Jingxuan Xu}, {authorid=2116118707, name=Xiaodong Chen}, {authorid=2144796547, name=Xiang Wang}, {authorid=1390806609, name=Ce Zhu}, {authorid=2264688773, name=Yuanbo Hu}, {authorid=47008490, name=Xinxin Yang}, {authorid=2264451649, name=Chongyong Xu}, {authorid=2256930412, name=Xian Shen}]","Cancer Management and Research","0cb93666-8c83-4aa0-8b3a-ff24f0c4b9fc","2019","33","13","0","true","[{category=Medicine, source=s2-fos-model}, {category=Medicine, source=external}]","[JournalArticle]","2019-09-01","{name=Cancer Management and Research, pages=8765 - 8780, volume=11}","262633467"
"4978374","{acl=null, dblp=null, arxiv=null, mag=2797460241, corpusid=4978374, pubmed=29630602, doi=10.1371/journal.pone.0194173, pubmedcentral=5890970}","https://www.semanticscholar.org/paper/06cb43da7358c3a895e29ffcb4baa6c8e99208a6","Comprehensive Geriatric Assessment and quality of life after localized prostate cancer radiotherapy in elderly patients","[{authorid=3605963, name=A. Goineau}, {authorid=37648111, name=L. Campion}, {authorid=1422121163, name=B. d’Aillières}, {authorid=48568270, name=B. Vié}, {authorid=32346360, name=Agnès Ghesquière}, {authorid=47808915, name=G. Bera}, {authorid=40895834, name=Didier Jaffres}, {authorid=6975615, name=G. de Laroche}, {authorid=5499980, name=N. Magné}, {authorid=10442252, name=X. Artignan}, {authorid=6160583, name=J. Chamois}, {authorid=32758388, name=P. Bergerot}, {authorid=72576611, name=E. Martin}, {authorid=2078547, name=G. Créhange}, {authorid=1412759614, name=E. Deniaud-Alexandre}, {authorid=47011193, name=X. Buthaud}, {authorid=145838919, name=Y. Belkacemi}, {authorid=50359817, name=M. Doré}, {authorid=3552501, name=L. De decker}, {authorid=4244920, name=S. Supiot}]","PLoS ONE","0aed7a40-85f3-4c66-9e1b-c1556c57001b","2018","55","27","1","true","[{category=Medicine, source=s2-fos-model}, {category=Medicine, source=external}]","[Study, JournalArticle]","2018-04-09","{name=PLoS ONE, pages=null, volume=13}","4978374"
"16620717","{acl=null, dblp=null, arxiv=null, mag=1988175885, corpusid=16620717, pubmed=24100606, doi=10.1007/s00436-013-3625-7, pubmedcentral=3898139}","https://www.semanticscholar.org/paper/2d9feb3d2d5aa51399cc496f74ed4e86877c774b","Occurrence of gastrointestinal parasites in slaughter rabbits","[{authorid=3826294, name=K. Szkucik}, {authorid=1389701717, name=R. Pyz-Łukasik}, {authorid=4846788, name=K. Szczepaniak}, {authorid=4957063, name=W. Paszkiewicz}]","Parasitology Research","bc1db5c6-8287-4548-b4b3-c2a7bf35f432","2013","29","44","7","true","[{category=Agricultural and Food Sciences, source=s2-fos-model}, {category=Medicine, source=s2-fos-model}, {category=Medicine, source=external}, {category=Biology, source=external}]","[JournalArticle]","2013-10-08","{name=Parasitology Research, pages=59 - 64, volume=113}","16620717"
"16400436","{acl=null, dblp=null, arxiv=null, mag=2134939911, corpusid=16400436, pubmed=23936535, doi=10.1371/journal.pone.0071960, pubmedcentral=3735562}","https://www.semanticscholar.org/paper/cdbc84d52a402e9f976d5bbb890df33e674573d5","Slx8 Removes Pli1-Dependent Protein-SUMO Conjugates Including SUMOylated Topoisomerase I to Promote Genome Stability","[{authorid=4037199, name=R. Steinacher}, {authorid=118321440, name=Fekret Osman}, {authorid=36724277, name=A. Lorenz}, {authorid=4202293, name=Claire Bryer}, {authorid=3080210, name=M. Whitby}]","PLoS ONE","0aed7a40-85f3-4c66-9e1b-c1556c57001b","2013","67","17","0","true","[{category=Biology, source=s2-fos-model}, {category=Biology, source=external}, {category=Medicine, source=external}]","[JournalArticle]","2013-08-06","{name=PLoS ONE, pages=null, volume=8}","16400436"
"16119721","{acl=null, dblp=null, arxiv=null, mag=2093133419, corpusid=16119721, pubmed=25411597, doi=10.1111/jdi.12156, pubmedcentral=4210070}","https://www.semanticscholar.org/paper/59b57be94f98dbcc580d6cba16f654adb85d5c14","Randomized, placebo‐controlled, double‐blind glycemic control trial of novel sodium‐dependent glucose cotransporter 2 inhibitor ipragliflozin in Japanese patients with type 2 diabetes mellitus","[{authorid=5792044, name=A. Kashiwagi}, {authorid=35055350, name=Ken-ichi Kazuta}, {authorid=47491887, name=S. Yoshida}, {authorid=49712746, name=Itsuro Nagase}]","Journal of Diabetes Investigation","1e770d84-08d9-4d99-8aaf-2bf68eea6d16","2013","33","85","1","true","[{category=Medicine, source=s2-fos-model}, {category=Medicine, source=external}]","[JournalArticle]","2013-11-28","{name=Journal of Diabetes Investigation, pages=382 - 391, volume=5}","16119721"
"208017475","{acl=null, dblp=null, arxiv=null, mag=2982953195, corpusid=208017475, pubmed=31724344, doi=10.1117/1.JBO.24.11.116501, pubmedcentral=7003141}","https://www.semanticscholar.org/paper/3da8e65941d49d70a7cadf578c13b0196067fc56","Line scanning, fiber bundle fluorescence HiLo endomicroscopy with confocal slit detection","[{authorid=2143571405, name=Haojie Zhang}, {authorid=38981871, name=Khushi Vyas}, {authorid=144574968, name=Guang-Zhong Yang}]","Journal of Biomedical Optics","3a712262-b7d9-4756-94a1-57c2f9d4197c","2019","28","9","0","true","[{category=Engineering, source=s2-fos-model}, {category=Materials Science, source=external}, {category=Medicine, source=external}, {category=Engineering, source=external}]","[JournalArticle]","2019-03-04","{name=Journal of Biomedical Optics, pages=null, volume=24}","208017475"
"36977221","{acl=null, dblp=null, arxiv=null, mag=2396161771, corpusid=36977221, pubmed=26182919, doi=10.13075/ijomeh.1896.00343, pubmedcentral=null}","https://www.semanticscholar.org/paper/0dce4f02bfa2b2a489e1f80a7a93bca8bf0b5fbd","Bisphenol A - Application, sources of exposure and potential risks in infants, children and pregnant women.","[{authorid=152590551, name=K. Mikołajewska}, {authorid=4917358, name=Joanna Stragierowicz}, {authorid=4019403, name=J. Gromadzińska}]","International Journal of Occupational Medicine and Environmental Health","6793bab8-ff4a-4076-87a2-ee9deac019a5","2015","108","122","4","true","[{category=Environmental Science, source=s2-fos-model}, {category=Medicine, source=s2-fos-model}, {category=Medicine, source=external}]","[Review, JournalArticle]","2015-04-07","{name=International journal of occupational medicine and environmental health, pages=
          209-41
        , volume=28 2}","36977221"
"4044476","{acl=null, dblp=null, arxiv=null, mag=2088628022, corpusid=4044476, pubmed=24130804, doi=10.1371/journal.pone.0076891, pubmedcentral=3794923}","https://www.semanticscholar.org/paper/f12e8011fe665c85e58f68c89e3cceb3814f9348","Transmission of Mycobacterium tuberculosis between Farmers and Cattle in Central Ethiopia","[{authorid=3674281, name=G. Ameni}, {authorid=35188868, name=Konjit Tadesse}, {authorid=4320435, name=Elena Hailu}, {authorid=4258262, name=Yohannes Deresse}, {authorid=5321700, name=G. Medhin}, {authorid=3525042, name=A. Aseffa}, {authorid=8099684, name=G. Hewinson}, {authorid=1999687, name=M. Vordermeier}, {authorid=7282054, name=S. Berg}]","PLoS ONE","0aed7a40-85f3-4c66-9e1b-c1556c57001b","2013","38","73","6","true","[{category=Environmental Science, source=s2-fos-model}, {category=Medicine, source=s2-fos-model}, {category=Medicine, source=external}]","[JournalArticle]","2013-10-10","{name=PLoS ONE, pages=null, volume=8}","4044476"
"265818211","{acl=null, dblp=null, arxiv=null, mag=3013671288, corpusid=265818211, pubmed=32222812, doi=10.1007/s00134-020-06022-5, pubmedcentral=7101866}","https://www.semanticscholar.org/paper/f0f4c07ed249a04a5df88467136cf98b3c1b7d67","Surviving Sepsis Campaign: guidelines on the management of critically ill adults with Coronavirus Disease 2019 (COVID-19)","[{authorid=8527327, name=W. Alhazzani}, {authorid=2257580029, name=M. H. Møller}, {authorid=2237374239, name=Yaseen M. Arabi}, {authorid=2247993845, name=M. Loeb}, {authorid=2270510890, name=Michelle Ng Gong}, {authorid=2248619273, name=Eddy Fan}, {authorid=4587140, name=S. Oczkowski}, {authorid=2242042789, name=Mitchell M. Levy}, {authorid=3923173, name=L. Derde}, {authorid=2271280243, name=Amy Dzierba}, {authorid=2270023226, name=Bin Du}, {authorid=2271291497, name=Michael Aboodi}, {authorid=2253379384, name=Hannah Wunsch}, {authorid=2253477509, name=M. Cecconi}, {authorid=2270383954, name=Younsuck Koh}, {authorid=2244841454, name=Daniel S. Chertow}, {authorid=2270845729, name=Kathryn Maitland}, {authorid=2427460, name=F. Alshamsi}, {authorid=2257715385, name=Emilie Belley-Cote}, {authorid=2250635774, name=Massimiliano Greco}, {authorid=1596723503, name=M. Laundy}, {authorid=2269927937, name=Jill S. Morgan}, {authorid=2266408835, name=Jozef Kesecioglu}, {authorid=2238460956, name=Allison Mcgeer}, {authorid=2270104049, name=Leonard Mermel}, {authorid=35238619, name=M. Mammen}, {authorid=2245708549, name=Paul E. Alexander}, {authorid=2271294019, name=Amy Arrington}, {authorid=3257837, name=J. Centofanti}, {authorid=2237679628, name=G. Citerio}, {authorid=3658286, name=Bandar Baw}, {authorid=2237833394, name=Ziad A. Memish}, {authorid=2240317933, name=Naomi Hammond}, {authorid=2240772222, name=F. G. Hayden}, {authorid=2262193821, name=Laura Evans}, {authorid=2270352788, name=Andrew Rhodes}]","Intensive Care Medicine","2294caa9-0a4e-478e-9cad-c0218907d492","2020","242","27","3","true","[{category=Medicine, source=s2-fos-model}, {category=Medicine, source=external}]","[JournalArticle, Review]","2020-03-28","{name=Intensive Care Medicine, pages=854 - 887, volume=46}","265818211"
"2389990","{acl=null, dblp=journals/corr/RevolT13, arxiv=1312.3300, mag=1986813661, corpusid=2389990, pubmed=null, doi=10.1109/TC.2014.2322593, pubmedcentral=null}","https://www.semanticscholar.org/paper/abde4eea688e40910fc18a32ac990419844f5035","Numerical Reproducibility and Parallel Computations: Issues for Interval Algorithms","[{authorid=1783111, name=N. Revol}, {authorid=1765905, name=Philippe Théveny}]","IEEE transactions on computers","42cd70f7-45f1-4f5a-9723-42d222d6c56e","2013","59","25","1","true","[{category=Computer Science, source=s2-fos-model}, {category=Mathematics, source=s2-fos-model}, {category=Computer Science, source=external}]","[JournalArticle]","2013-12-11","{name=IEEE Transactions on Computers, pages=1915-1924, volume=63}","2389990"
"104792","{acl=null, dblp=null, arxiv=null, mag=2167144689, corpusid=104792, pubmed=22785621, doi=10.1534/genetics.111.137265, pubmedcentral=3389967}","https://www.semanticscholar.org/paper/f9ec0499c948cbaecf3d3b6a5b6005781745925f","RNA Degradation in Saccharomyces cerevisae","[{authorid=143635523, name=R. Parker}]","Genetics","52e52381-3a21-433a-9ab9-1f3fcd40e267","2012","396","350","57","true","[{category=Biology, source=s2-fos-model}, {category=Medicine, source=external}, {category=Biology, source=external}]","[Review, JournalArticle]","2012-07-01","{name=Genetics, pages=671 - 702, volume=191}","104792"
"33135807","{acl=null, dblp=null, arxiv=null, mag=2777372086, corpusid=33135807, pubmed=29267373, doi=10.1371/journal.pone.0189739, pubmedcentral=5739413}","https://www.semanticscholar.org/paper/cd3a228f8f835f47363e3ee0645d86b41f90313a","Combinations of genetic variants associated with bipolar disorder","[{authorid=4918719, name=E. Mellerup}, {authorid=1777021, name=O. Andreassen}, {authorid=6044494, name=B. Bennike}, {authorid=144672414, name=H. Dam}, {authorid=144837550, name=S. Djurovic}, {authorid=39769229, name=M. Jørgensen}, {authorid=2915804, name=L. Kessing}, {authorid=3747789, name=P. Koefoed}, {authorid=2045139, name=I. Melle}, {authorid=29986276, name=O. Mors}, {authorid=5005133, name=G. L. Moeller}]","PLoS ONE","0aed7a40-85f3-4c66-9e1b-c1556c57001b","2017","20","5","0","true","[{category=Biology, source=s2-fos-model}, {category=Medicine, source=s2-fos-model}, {category=Medicine, source=external}, {category=Biology, source=external}]","[JournalArticle]","2017-12-21","{name=PLoS ONE, pages=null, volume=12}","33135807"
"4662445","{acl=null, dblp=null, arxiv=null, mag=2793475236, corpusid=4662445, pubmed=29579102, doi=10.1371/journal.pone.0193568, pubmedcentral=5868762}","https://www.semanticscholar.org/paper/b2e48bc48fa16d4e8d061e1c0ad833158c80ccd4","Association between cognitive function and supplementation with omega-3 PUFAs and other nutrients in ≥ 75 years old patients: A randomized multicenter study","[{authorid=2086073490, name=J. Baleztena}, {authorid=1397803200, name=M. Ruíz-Canela}, {authorid=1399266084, name=C. Sayón-Orea}, {authorid=2067378457, name=M. Pardo}, {authorid=1419585264, name=Teresa Añorbe}, {authorid=1419585298, name=Jose Ignacio Gost}, {authorid=2064762455, name=Carmen Gómez}, {authorid=1419591188, name=Belen Ilarregui}, {authorid=84100962, name=M. Bes-Rastrollo}]","PLoS ONE","0aed7a40-85f3-4c66-9e1b-c1556c57001b","2018","70","35","4","true","[{category=Medicine, source=s2-fos-model}, {category=Medicine, source=external}]","[Study, JournalArticle]","2018-03-26","{name=PLoS ONE, pages=null, volume=13}","4662445"
"3711132","{acl=null, dblp=journals/nar/CernyBS16, arxiv=null, mag=2346016685, corpusid=3711132, pubmed=27150812, doi=10.1093/nar/gkw381, pubmedcentral=4987927}","https://www.semanticscholar.org/paper/bd789dfbe9e08772ed5cd98c7d38e641e1571169","DNATCO: assignment of DNA conformers at dnatco.org","[{authorid=47040323, name=J. Černý}, {authorid=8635402, name=Paulína Božíková}, {authorid=2082451918, name=B. Schneider}]","Nucleic Acids Res.",,"2016","8","11","0","true","[{category=Biology, source=s2-fos-model}, {category=Computer Science, source=s2-fos-model}, {category=Medicine, source=external}, {category=Computer Science, source=external}, {category=Biology, source=external}]","[JournalArticle]","2016-05-05","{name=Nucleic Acids Research, pages=W284 - W287, volume=44}","3711132"
"5044147","{acl=null, dblp=null, arxiv=null, mag=2129015774, corpusid=5044147, pubmed=25738801, doi=10.1371/journal.pone.0119162, pubmedcentral=4349581}","https://www.semanticscholar.org/paper/aa88f55881ac288b53122481316faf3ee49792a4","A Novel Assay Reveals Hygrotactic Behavior in Drosophila","[{authorid=4041872, name=F. Ji}, {authorid=2153091152, name=Yan Zhu}]","PLoS ONE","0aed7a40-85f3-4c66-9e1b-c1556c57001b","2015","40","17","1","true","[{category=Biology, source=s2-fos-model}, {category=Environmental Science, source=s2-fos-model}, {category=Biology, source=external}, {category=Medicine, source=external}]","[JournalArticle]","2015-03-04","{name=PLoS ONE, pages=null, volume=10}","5044147"
"14915432","{acl=null, dblp=null, arxiv=null, mag=1978508004, corpusid=14915432, pubmed=20419162, doi=10.1371/journal.pone.0010135, pubmedcentral=2855345}","https://www.semanticscholar.org/paper/7ebc1eadb70ec4c6ec0e96bf3dc72a54d528e9d0","Heparanase Promotes Engraftment and Prevents Graft versus Host Disease in Stem Cell Transplantation","[{authorid=5292399, name=M. Bitan}, {authorid=46535451, name=L. Weiss}, {authorid=3708760, name=M. Zeira}, {authorid=5988207, name=E. Zcharia}, {authorid=145462753, name=S. Slavin}, {authorid=1703695, name=A. Nagler}, {authorid=4576189, name=I. Vlodavsky}]","PLoS ONE","0aed7a40-85f3-4c66-9e1b-c1556c57001b","2010","67","16","0","true","[{category=Medicine, source=s2-fos-model}, {category=Biology, source=external}, {category=Medicine, source=external}]","[JournalArticle]","2010-04-15","{name=PLoS ONE, pages=null, volume=5}","14915432"
"2496286","{acl=null, dblp=null, arxiv=null, mag=2065110791, corpusid=2496286, pubmed=23152851, doi=10.1371/journal.pone.0049074, pubmedcentral=3495772}","https://www.semanticscholar.org/paper/248bb2cd5125406618f4ba788a1130c0bb38e27b","Effects of Slow Deep Breathing at High Altitude on Oxygen Saturation, Pulmonary and Systemic Hemodynamics","[{authorid=1882281, name=G. Bilo}, {authorid=6536790, name=M. Revera}, {authorid=6356946, name=M. Bussotti}, {authorid=3636460, name=D. Bonacina}, {authorid=2988737, name=K. Styczkiewicz}, {authorid=6028927, name=G. Caldara}, {authorid=39489241, name=A. Giglio}, {authorid=1935738, name=A. Faini}, {authorid=143829111, name=A. Giuliano}, {authorid=36722126, name=C. Lombardi}, {authorid=1401769334, name=K. Kawecka-Jaszcz}, {authorid=6478764, name=G. Mancia}, {authorid=3774642, name=P. Agostoni}, {authorid=2433504, name=G. Parati}]","PLoS ONE","0aed7a40-85f3-4c66-9e1b-c1556c57001b","2012","29","71","3","true","[{category=Environmental Science, source=s2-fos-model}, {category=Medicine, source=s2-fos-model}, {category=Medicine, source=external}]","[JournalArticle, ClinicalTrial]","2012-11-12","{name=PLoS ONE, pages=null, volume=7}","2496286"
"7060738","{acl=null, dblp=null, arxiv=null, mag=1979880136, corpusid=7060738, pubmed=20949064, doi=10.1371/journal.pone.0013258, pubmedcentral=2951366}","https://www.semanticscholar.org/paper/49bdc3a0d891aae7ffc7a586088dfcecb377175f","Environmental Symbiont Acquisition May Not Be the Solution to Warming Seas for Reef-Building Corals","[{authorid=3815686, name=M. Coffroth}, {authorid=35048657, name=D. M. Poland}, {authorid=46976205, name=E. Petrou}, {authorid=2585230, name=D. Brazeau}, {authorid=145135905, name=Jennie C. Holmberg}]","PLoS ONE","0aed7a40-85f3-4c66-9e1b-c1556c57001b","2010","38","104","9","true","[{category=Environmental Science, source=s2-fos-model}, {category=Biology, source=external}, {category=Medicine, source=external}]","[JournalArticle]","2010-10-07","{name=PLoS ONE, pages=null, volume=5}","7060738"
"8139531","{acl=null, dblp=null, arxiv=null, mag=2044615343, corpusid=8139531, pubmed=22140320, doi=10.2147/VHRM.S26194, pubmedcentral=3225352}","https://www.semanticscholar.org/paper/8faf28fe0ed9b025353e50c3578357e1f86b2c79","Effect of alcohol and tobacco use on vascular dementia: a matched case control study","[{authorid=5427783, name=P. Takahashi}, {authorid=92000751, name=C. Caldwell}, {authorid=3940309, name=P. Targonski}]","Vascular Health and Risk Management","8ec616ed-f246-48e1-8fe3-2bca422f60c1","2011","29","10","1","true","[{category=Medicine, source=s2-fos-model}, {category=Medicine, source=external}]","[JournalArticle]","2011-11-15","{name=Vascular Health and Risk Management, pages=685 - 691, volume=7}","8139531"
"67858252","{acl=null, dblp=null, arxiv=null, mag=2914548207, corpusid=67858252, pubmed=30763396, doi=10.1371/journal.pone.0212304, pubmedcentral=6375619}","https://www.semanticscholar.org/paper/dd3702e49e27e878a85c415379dcf7d9272baf50","Is type of depressive symptoms associated with patient-perceived need for professional psychological care in depressed individuals with diabetes?","[{authorid=120265570, name=L. V. Donk}, {authorid=4250558, name=J. Fleer}, {authorid=6841423, name=R. Sanderman}, {authorid=6841423, name=R. Sanderman}, {authorid=2282500, name=P. Emmelkamp}, {authorid=5089676, name=T. Links}, {authorid=7352625, name=K. Tovote}, {authorid=6191280, name=M. Schroevers}]","PLoS ONE","0aed7a40-85f3-4c66-9e1b-c1556c57001b","2019","45","6","0","true","[{category=Medicine, source=s2-fos-model}, {category=Psychology, source=s2-fos-model}, {category=Medicine, source=external}]","[JournalArticle]","2019-02-14","{name=PLoS ONE, pages=null, volume=14}","67858252"
"5021333","{acl=null, dblp=null, arxiv=null, mag=2107202617, corpusid=5021333, pubmed=25053905, doi=10.3348/kjr.2014.15.4.456, pubmedcentral=4105808}","https://www.semanticscholar.org/paper/dfebe8694864eff9e20e779a4d38639dd49d8894","Contrast-Induced Nephropathy in Patients Undergoing Intravenous Contrast-Enhanced Computed Tomography in Korea: A Multi-Institutional Study in 101487 Patients","[{authorid=81305163, name=Joongyub Lee}, {authorid=2693656, name=J. Y. Cho}, {authorid=31493160, name=H. Lee}, {authorid=2732911, name=Y. Jeong}, {authorid=6474831, name=C. K. Kim}, {authorid=11643155, name=B. K. Park}, {authorid=3964510, name=D. Sung}, {authorid=29344571, name=B. Kang}, {authorid=28007065, name=S. Jung}, {authorid=40301843, name=E. J. Lee}, {authorid=4743392, name=B. Yi}, {authorid=1998220, name=Seong Jin Park}, {authorid=2157206769, name=J. Kim}, {authorid=1966488, name=D. Jung}, {authorid=123405551, name=C. Sung}, {authorid=145431134, name=Yongsoo Kim}, {authorid=2156925449, name=Youngrae Lee}, {authorid=2171103999, name=Sun Ho Kim}, {authorid=6028349, name=S. Yoon}, {authorid=120752010, name=B. Park}, {authorid=1455965145, name=S. H. Kim}]","Korean Journal of Radiology","8f35a116-5553-4e6a-8c69-58abf9971707","2014","22","25","2","true","[{category=Medicine, source=s2-fos-model}, {category=Medicine, source=external}]","[Study, JournalArticle]","2014-07-09","{name=Korean Journal of Radiology, pages=456 - 463, volume=15}","5021333"
"44094262","{acl=null, dblp=null, arxiv=null, mag=2801021630, corpusid=44094262, pubmed=29805225, doi=10.14202/vetworld.2018.557-561, pubmedcentral=5960799}","https://www.semanticscholar.org/paper/8ec12b4ee33e0331f1731410d8e59108a4ad823b","Cloning and sequence analysis of a partial CDS of leptospiral ligA gene in pET-32a – Escherichia coli DH5α system","[{authorid=41136636, name=M. Soman}, {authorid=49913674, name=M. Mini}, {authorid=32263260, name=S. Joseph}, {authorid=2115282302, name=Jobin Thomas}, {authorid=40623906, name=N. Chacko}, {authorid=4030698, name=T. G. Sumithra}, {authorid=5450654, name=R. Ambily}, {authorid=41193950, name=B. K. Mani}, {authorid=46187783, name=R. Balan}]","Veterinary World","5a00a5c5-92a9-4e17-8efd-7cd5662c84fb","2018","22","2","0","true","[{category=Biology, source=s2-fos-model}, {category=Biology, source=external}, {category=Medicine, source=external}]","[JournalArticle]","2018-04-01","{name=Veterinary World, pages=557 - 561, volume=11}","44094262"
"17453091","{acl=null, dblp=null, arxiv=null, mag=1969206830, corpusid=17453091, pubmed=27023455, doi=10.1007/s40037-013-0063-2, pubmedcentral=3722371}","https://www.semanticscholar.org/paper/25de0a48eadf0fe281423e69852a495ef92f81ff","An exploratory study into the impact and acceptability of formatively used progress testing in postgraduate obstetrics and gynaecology","[{authorid=3678177, name=M. Dijksterhuis}, {authorid=4145954, name=L. Schuwirth}, {authorid=144348957, name=D. Braat}, {authorid=1833307, name=F. Scheele}]","Perspectives on Medical Education","1b969292-afa9-4c52-b729-cb74c540c78f","2013","36","14","0","true","[{category=Medicine, source=s2-fos-model}, {category=Medicine, source=external}]","[JournalArticle]","2013-06-01","{name=Perspectives on Medical Education, pages=126 - 141, volume=2}","17453091"
"2585677","{acl=null, dblp=journals/tsp/WangKS12, arxiv=1111.6664, mag=3005164523, corpusid=2585677, pubmed=null, doi=10.1109/TSP.2012.2218810, pubmedcentral=null}","https://www.semanticscholar.org/paper/8521d4c6178d1c0238f6d431fed0fbff0c74eaa1","Generalized Orthogonal Matching Pursuit","[{authorid=2152766292, name=Jian Wang}, {authorid=2975474, name=Seokbeop Kwon}, {authorid=145500030, name=B. Shim}]","IEEE Transactions on Signal Processing","1f6f3f05-6a23-42f0-8d31-98ab8089c1f2","2011","37","544","50","true","[{category=Computer Science, source=s2-fos-model}, {category=Computer Science, source=external}, {category=Mathematics, source=external}]","[JournalArticle]","2011-11-29","{name=IEEE Transactions on Signal Processing, pages=6202-6216, volume=60}","2585677"
"5085951","{acl=null, dblp=null, arxiv=null, mag=1534929591, corpusid=5085951, pubmed=25955497, doi=10.1371/journal.pone.0126416, pubmedcentral=4425408}","https://www.semanticscholar.org/paper/70ddddf6566e1d8770efdce5fcbc6a375afcf87b","Combining GWAS and RNA-Seq Approaches for Detection of the Causal Mutation for Hereditary Junctional Epidermolysis Bullosa in Sheep","[{authorid=1399388019, name=A. Suárez-Vega}, {authorid=1399076733, name=B. Gutiérrez-Gil}, {authorid=145679288, name=J. Benavides}, {authorid=38497440, name=V. Pérez}, {authorid=1399532986, name=G. Tosser-Klopp}, {authorid=2448954, name=C. Klopp}, {authorid=5580839, name=Stephen J. Keennel}, {authorid=144321023, name=J. Arranz}]","PLoS ONE","0aed7a40-85f3-4c66-9e1b-c1556c57001b","2015","59","17","1","true","[{category=Biology, source=s2-fos-model}, {category=Medicine, source=s2-fos-model}, {category=Biology, source=external}, {category=Medicine, source=external}]","[JournalArticle]","2015-05-08","{name=PLoS ONE, pages=null, volume=10}","5085951"
"54461047","{acl=null, dblp=null, arxiv=null, mag=2904993790, corpusid=54461047, pubmed=30618916, doi=10.3389/fpsyg.2018.02456, pubmedcentral=6297874}","https://www.semanticscholar.org/paper/1809cd064f0473916989929c29a35a0d795244fe","Can Recovery From an Eating Disorder Be Measured? Toward a Standardized Questionnaire","[{authorid=1401473038, name=R. Bachner-Melman}, {authorid=1390166005, name=L. Lev-Ari}, {authorid=5168275, name=A. Zohar}, {authorid=52218793, name=S. Lev}]","Frontiers in Psychology","89097a03-8be6-4e2d-ae2c-a6df64c77a06","2018","95","15","0","true","[{category=Medicine, source=s2-fos-model}, {category=Psychology, source=s2-fos-model}, {category=Medicine, source=external}, {category=Psychology, source=external}]","[JournalArticle]","2018-12-11","{name=Frontiers in Psychology, pages=null, volume=9}","54461047"
"15551861","{acl=null, dblp=null, arxiv=null, mag=2217395689, corpusid=15551861, pubmed=26798512, doi=10.1155/2015/529107, pubmedcentral=4698669}","https://www.semanticscholar.org/paper/3ee827681e3fefd3404446759422151c930ff471","Cognitive Behavioral Therapy in Psychiatric Nursing in Japan","[{authorid=2067133368, name=Naoki Yoshinaga}, {authorid=6992129, name=Akiko Nosaki}, {authorid=49162866, name=Yuta Hayashi}, {authorid=5691844, name=Hiroki Tanoue}, {authorid=90044011, name=E. Shimizu}, {authorid=2813715, name=H. Kunikata}, {authorid=47960190, name=Yoshie Okada}, {authorid=8148987, name=Y. Shiraishi}]","Nursing Research and Practice","bead3745-1725-429c-8583-9e2ed2bc99d9","2015","36","7","0","true","[{category=Medicine, source=s2-fos-model}, {category=Psychology, source=s2-fos-model}, {category=Medicine, source=external}]","[Review, JournalArticle]","2015-12-20","{name=Nursing Research and Practice, pages=null, volume=2015}","15551861"
"51702588","{acl=null, dblp=null, arxiv=null, mag=2884034193, corpusid=51702588, pubmed=30027629, doi=10.1002/etc.4205, pubmedcentral=null}","https://www.semanticscholar.org/paper/6d0b774590f53967604a983b78aa1119fe8a4389","Toward sustainable environmental quality: Priority research questions for Europe","[{authorid=5344042, name=P. J. Van den Brink}, {authorid=3968229, name=A. Boxall}, {authorid=5412597, name=L. Maltby}, {authorid=143937898, name=B. Brooks}, {authorid=40459703, name=M. Rudd}, {authorid=2757567, name=T. Backhaus}, {authorid=2507112, name=D. Spurgeon}, {authorid=9829591, name=V. Verougstraete}, {authorid=1403314458, name=Charmaine Ajao}, {authorid=6799626, name=G. Ankley}, {authorid=4744816, name=S. Apitz}, {authorid=22456934, name=K. Arnold}, {authorid=3407739, name=T. Brodin}, {authorid=1398777704, name=M. Cañedo‐Argüelles}, {authorid=2086719890, name=J. Chapman}, {authorid=48581381, name=J. Corrales}, {authorid=5256686, name=Marie-Agnès Coutellec}, {authorid=1767778, name=T. Fernandes}, {authorid=2264782, name=J. Fick}, {authorid=4801822, name=A. Ford}, {authorid=12698280, name=G. Giménez Papiol}, {authorid=2788552, name=Ksenia J. Groh}, {authorid=93349299, name=Thomas H Hutchinson}, {authorid=145515130, name=H. Kruger}, {authorid=2077400100, name=Jussi Kukkonen}, {authorid=4530356, name=S. Loutseti}, {authorid=46556186, name=S. Marshall}, {authorid=145668489, name=D. Muir}, {authorid=1399875160, name=M. Ortiz-Santaliestra}, {authorid=12920048, name=K. B. Paul}, {authorid=145726399, name=A. Rico}, {authorid=1399298547, name=Ismael Rodea-Palomares}, {authorid=3735929, name=J. Römbke}, {authorid=46894644, name=T. Rydberg}, {authorid=5139598, name=H. Segner}, {authorid=2060127111, name=M. Smit}, {authorid=6838091, name=C. V. van Gestel}, {authorid=3296074, name=M. Vighi}, {authorid=143965169, name=I. Werner}, {authorid=17940607, name=Elke I. Zimmer}, {authorid=10378326, name=J. van Wensem}]","Environmental Toxicology and Chemistry","9d8f309b-50f7-4983-a95f-e61421a27554","2018","232","96","2","true","[{category=Environmental Science, source=s2-fos-model}, {category=Medicine, source=external}]","[JournalArticle]","2018-07-19","{name=Environmental Toxicology and Chemistry, pages=null, volume=37}","51702588"
"4105471","{acl=null, dblp=null, arxiv=null, mag=2743264919, corpusid=4105471, pubmed=29094166, doi=10.1167/iovs.17-21712, pubmedcentral=5667401}","https://www.semanticscholar.org/paper/4978f0cd7b2d6a69af53c47e636aa60431287454","The Relationship Between High-Order Aberration and Anterior Ocular Biometry During Accommodation in Young Healthy Adults","[{authorid=39389115, name=B. Ke}, {authorid=36768727, name=X. Mao}, {authorid=144585096, name=Hong Jiang}, {authorid=4833269, name=Ji-chang He}, {authorid=3034535, name=Che Liu}, {authorid=2145625468, name=Min Li}, {authorid=2112499036, name=Ying Yuan}, {authorid=38944214, name=Jianhua Wang}]","Investigative Ophthalmology and Visual Science","e52aeb8d-b929-43a2-b584-f0f5fbcfd9f4","2017","42","13","1","true","[{category=Medicine, source=s2-fos-model}, {category=Physics, source=s2-fos-model}, {category=Medicine, source=external}, {category=Physics, source=external}]","[JournalArticle]","2017-11-01","{name=Investigative Ophthalmology & Visual Science, pages=5628 - 5635, volume=58}","4105471"
"58025636","{acl=null, dblp=null, arxiv=null, mag=2904417497, corpusid=58025636, pubmed=30662349, doi=10.7150/ijbs.28304, pubmedcentral=6329915}","https://www.semanticscholar.org/paper/e967535010699db538eeec642f544f820a7ace4a","G Protein-Coupled Estrogen Receptor 1 Inhibits Angiotensin II-Induced Cardiomyocyte Hypertrophy via the Regulation of PI3K-Akt-mTOR Signalling and Autophagy","[{authorid=103454290, name=Hui Pei}, {authorid=2158627164, name=Wei Wang}, {authorid=2110601284, name=Di Zhao}, {authorid=2093561791, name=Hongyan Su}, {authorid=39912363, name=G. Su}, {authorid=33019470, name=Zhuo Zhao}]","International Journal on Biological Sciences","8e9ac490-4c8b-49ab-8a33-d0691dfd8dc8","2019","55","34","0","true","[{category=Medicine, source=s2-fos-model}, {category=Biology, source=s2-fos-model}, {category=Chemistry, source=external}, {category=Medicine, source=external}]","[JournalArticle]","2019-01-06","{name=International Journal of Biological Sciences, pages=81 - 92, volume=15}","58025636"
"3204884","{acl=null, dblp=null, arxiv=null, mag=1553302771, corpusid=3204884, pubmed=25427105, doi=10.1371/journal.pone.0114053, pubmedcentral=4245259}","https://www.semanticscholar.org/paper/6074f666c4fb68c80bad80a96bf7b2ecb4605df3","Different Influences of Hematocrit on the Results of Two Point-Of-Care Platelet Function Tests, the VerifyNow Assay and Multiple Electrode Platelet Aggregometry","[{authorid=6400886, name=Yun Gi Kim}, {authorid=115492951, name=J. Suh}, {authorid=24495819, name=Jin Joo Park}, {authorid=145520025, name=I. Oh}, {authorid=72958505, name=C. Yoon}, {authorid=145892991, name=Young-Seok Cho}, {authorid=122499831, name=T. Youn}, {authorid=143678948, name=I. Chae}, {authorid=47591930, name=D. Choi}]","PLoS ONE","0aed7a40-85f3-4c66-9e1b-c1556c57001b","2014","23","27","2","true","[{category=Medicine, source=s2-fos-model}, {category=Medicine, source=external}]","[JournalArticle, ClinicalTrial]","2014-11-25","{name=PLoS ONE, pages=null, volume=9}","3204884"
"204967333","{acl=null, dblp=null, arxiv=null, mag=2982655487, corpusid=204967333, pubmed=31661529, doi=10.1371/journal.pone.0224394, pubmedcentral=6818780}","https://www.semanticscholar.org/paper/37901bcfc51376cf4fd82425b4baf0eb3c54f743","The role of hope for health professionals in rehabilitation: A qualitative study on unfavorable prognosis communication","[{authorid=1390123727, name=Mirjam Amati}, {authorid=7926730, name=N. Grignoli}, {authorid=3183586, name=S. Rubinelli}, {authorid=33462456, name=J. Amann}, {authorid=33910037, name=Claudia Zanini}]","PLoS ONE","0aed7a40-85f3-4c66-9e1b-c1556c57001b","2019","66","10","0","true","[{category=Medicine, source=s2-fos-model}, {category=Psychology, source=s2-fos-model}, {category=Medicine, source=external}, {category=Psychology, source=external}]","[JournalArticle]","2019-10-29","{name=PLoS ONE, pages=null, volume=14}","204967333"
"266037615","{acl=null, dblp=null, arxiv=null, mag=2038554929, corpusid=266037615, pubmed=25525379, doi=10.2147/CEG.S27530, pubmedcentral=4266241}","https://www.semanticscholar.org/paper/7be38119c25f0d7a7e0d83d5f8b1298851bc43fa","Systematic review of randomized controlled trials of probiotics, prebiotics, and synbiotics in inflammatory bowel disease","[{authorid=6049412, name=Yezaz A Ghouri}, {authorid=2270074997, name=David M Richards}, {authorid=2272365266, name=Erik F Rahimi}, {authorid=2272365454, name=Joseph T Krill}, {authorid=32148856, name=Katherine Jelinek}, {authorid=2260789051, name=Andrew W. DuPont}]","Clinical and Experimental Gastroenterology","ed61c9c6-3c38-4e53-8245-e3c43e6b0ada","2014","81","2","0","true","[{category=Medicine, source=s2-fos-model}, {category=Medicine, source=external}]","[Review, JournalArticle]","2014-12-09","{name=Clinical and Experimental Gastroenterology, pages=473 - 487, volume=7}","266037615"
"52283906","{acl=null, dblp=null, arxiv=null, mag=2888731556, corpusid=52283906, pubmed=30225254, doi=10.1155/2018/4567019, pubmedcentral=6129324}","https://www.semanticscholar.org/paper/2ca19baf7f8112e732e3a7cd24dfac716889f196","Synthesis and Evaluation of Biological Activity of New Arylphosphoramidates","[{authorid=51304311, name=Amal Thebti}, {authorid=1387235430, name=M. Sanhoury}, {authorid=152909697, name=H. Ouzari}, {authorid=1429775035, name=T. Barhoumi-Slimi}]","BioMed Research International","c52375db-5573-406f-a12b-854c7ba98498","2018","33","3","0","true","[{category=Chemistry, source=s2-fos-model}, {category=Medicine, source=external}, {category=Chemistry, source=external}]","[JournalArticle]","2018-08-26","{name=BioMed Research International, pages=null, volume=2018}","52283906"
"129941730","{acl=null, dblp=null, arxiv=null, mag=3010025831, corpusid=129941730, pubmed=31017216, doi=10.1590/0034-7167-2018-0530, pubmedcentral=null}","https://www.semanticscholar.org/paper/ae2c311f942e6fe98ee0b6ea9525a933e15c2519","Medical Device-Related Pressure Injuries: an integrative literature review.","[{authorid=2092186226, name=Sabrina Guterres da Silva Galetto}, {authorid=2054768865, name=E. Nascimento}, {authorid=34820585, name=Patrícia Madalena Vieira Hermida}, {authorid=11888722, name=Luciana Bihain Hagemann de Malfussi}]","Revista Brasileira de Enfermagem","09bcd524-40bc-4a51-92da-8699eea977b8","2019","25","41","2","true","[{category=Medicine, source=s2-fos-model}, {category=Medicine, source=external}]","[Review, JournalArticle]","2019-03-01","{name=Revista brasileira de enfermagem, pages=
          505-512
        , volume=72 2}","129941730"
"12340546","{acl=null, dblp=null, arxiv=null, mag=2604648886, corpusid=12340546, pubmed=28383665, doi=10.1093/gbe/evx061, pubmedcentral=5405338}","https://www.semanticscholar.org/paper/f94423de27c6b8cc15d99e6e0f6a0ea0b98e595d","A Pan-Genomic Approach to Understand the Basis of Host Adaptation in Achromobacter","[{authorid=5423038, name=Julie Jeukens}, {authorid=2464567, name=L. Freschi}, {authorid=145304345, name=A. T. Vincent}, {authorid=1402115000, name=Jean‐Guillaume Emond‐Rheault}, {authorid=1414016371, name=I. Kukavica-Ibrulj}, {authorid=145326682, name=S. Charette}, {authorid=26624056, name=R. Lévesque}]","Genome Biology and Evolution","c6f71bca-e328-4cd5-9d7c-034a231d9a5c","2017","96","42","3","true","[{category=Biology, source=s2-fos-model}, {category=Environmental Science, source=s2-fos-model}, {category=Medicine, source=s2-fos-model}, {category=Biology, source=external}, {category=Medicine, source=external}]","[JournalArticle]","2017-04-01","{name=Genome Biology and Evolution, pages=1030 - 1046, volume=9}","12340546"
"12443918","{acl=null, dblp=journals/jota/HaddouM14, arxiv=1006.2030, mag=2953301454, corpusid=12443918, pubmed=null, doi=10.1007/s10957-013-0398-1, pubmedcentral=null}","https://www.semanticscholar.org/paper/9ebbda3d05b697ae4189033d57372ff1561180f1","Smoothing Methods for Nonlinear Complementarity Problems","[{authorid=3288035, name=M. Haddou}, {authorid=46943770, name=Patrick Maheux}]","Journal of Optimization Theory and Applications","10f7c310-c1b6-4a0d-8946-5c4b6c28fec6","2010","19","26","2","true","[{category=Mathematics, source=s2-fos-model}, {category=Economics, source=s2-fos-model}, {category=Mathematics, source=external}, {category=Computer Science, source=external}]","[JournalArticle]","2010-06-10","{name=Journal of Optimization Theory and Applications, pages=711 - 729, volume=160}","12443918"
"15841895","{acl=null, dblp=null, arxiv=null, mag=2518728679, corpusid=15841895, pubmed=27695350, doi=10.2147/JAA.S107773, pubmedcentral=5029846}","https://www.semanticscholar.org/paper/3f3b14b5acd04a4acbcabd7bbc41a7e0f4583181","Study of the correlations between fractional exhaled nitric oxide in exhaled breath and atopic status, blood eosinophils, FCER2 mutation, and asthma control in Vietnamese children","[{authorid=1404022067, name=Hanh Nguyen-Thi-Bich}, {authorid=1404022081, name=Huong Duong-Thi-Ly}, {authorid=35151470, name=V. Thom}, {authorid=1406200221, name=Nhung Pham-Thi-Hong}, {authorid=2269484634, name=Long Doan Dinh}, {authorid=1406200008, name=H. Le-Thi-Minh}, {authorid=2580451, name=T. Craig}, {authorid=1403595890, name=S. Duong-Quy}]","Journal of Asthma and Allergy","1c69ac74-ff53-4376-97e2-b232a5708977","2016","22","23","0","true","[{category=Medicine, source=s2-fos-model}, {category=Medicine, source=external}]","[JournalArticle]","2016-09-14","{name=Journal of Asthma and Allergy, pages=163 - 170, volume=9}","15841895"
"3033132","{acl=null, dblp=journals/bmcbi/IerselKLS14, arxiv=1205.3417, mag=2122931663, corpusid=3033132, pubmed=24884964, doi=10.1186/1471-2105-15-127, pubmedcentral=4023542}","https://www.semanticscholar.org/paper/6bfe32dcb38bb5d8eaee84ce49fb9824d46bda1a","A practical approximation algorithm for solving massive instances of hybridization number for binary and nonbinary trees","[{authorid=7516843, name=L. Iersel}, {authorid=1791380, name=S. Kelk}, {authorid=40543458, name=Nela Lekic}, {authorid=1787496, name=Céline Scornavacca}]","BMC Bioinformatics","be3f884c-b44a-496a-a593-1cad3f89d254","2012","34","12","0","true","[{category=Biology, source=s2-fos-model}, {category=Computer Science, source=s2-fos-model}, {category=Computer Science, source=external}, {category=Biology, source=external}, {category=Medicine, source=external}]","[JournalArticle]","2012-05-15","{name=BMC Bioinformatics, pages=127 - 127, volume=15}","3033132"
"7686281","{acl=null, dblp=null, arxiv=null, mag=2134120087, corpusid=7686281, pubmed=21663949, doi=10.1016/S0140-6736(11)60739-3, pubmedcentral=3145073}","https://www.semanticscholar.org/paper/9fdaf84c651405a3a70c7a01a45eb0f124c41565","The effects of lowering LDL cholesterol with simvastatin plus ezetimibe in patients with chronic kidney disease (Study of Heart and Renal Protection): a randomised placebo-controlled trial","[{authorid=5278382, name=C. Baigent}, {authorid=4608787, name=M. Landray}, {authorid=145404352, name=C. Reith}, {authorid=5029279, name=J. Emberson}, {authorid=145950803, name=D. Wheeler}, {authorid=145795689, name=C. Tomson}, {authorid=2456975, name=C. Wanner}, {authorid=145685993, name=V. Krane}, {authorid=1930712, name=A. Cass}, {authorid=48244283, name=J. Craig}, {authorid=145259700, name=B. Neal}, {authorid=2240529344, name=Lixin Jiang}, {authorid=5681733, name=L. Hooi}, {authorid=2262663507, name=A. Levin}, {authorid=34046547, name=L. Agodoa}, {authorid=4625955, name=M. Gaziano}, {authorid=6204938, name=B. Kasiske}, {authorid=2107296489, name=R. Walker}, {authorid=6884936, name=Z. Massy}, {authorid=1398298002, name=B. Feldt-Rasmussen}, {authorid=6294120, name=U. Krairittichai}, {authorid=37125752, name=V. Ophascharoensuk}, {authorid=5078313, name=B. Fellström}, {authorid=6379636, name=H. Holdaas}, {authorid=1398951102, name=V. Tesar}, {authorid=144212635, name=A. Więcek}, {authorid=3880818, name=D. Grobbee}, {authorid=80518345, name=D. de Zeeuw}, {authorid=1401286988, name=C. Grönhagen‐Riska}, {authorid=39956326, name=T. Dasgupta}, {authorid=2087241685, name=D. Lewis}, {authorid=5518774, name=W. Herrington}, {authorid=4716918, name=M. Mafham}, {authorid=152871830, name=W. Majoni}, {authorid=49364129, name=K. Wallendszus}, {authorid=6849880, name=R. Grimm}, {authorid=40085046, name=T. Pedersen}, {authorid=6421404, name=J. Tobert}, {authorid=143850413, name=J. Armitage}, {authorid=49123654, name=A. Baxter}, {authorid=47653900, name=C. Bray}, {authorid=2109381071, name=Yiping Chen}, {authorid=49794895, name=Zhengming Chen}, {authorid=145475096, name=M. Hill}, {authorid=112991356, name=C. Knott}, {authorid=144185517, name=S. Parish}, {authorid=2059682612, name=D. Simpson}, {authorid=4797329, name=P. Sleight}, {authorid=1434906520, name=A. Young}, {authorid=1453865153, name=R. Collins}]","The Lancet","ba627f0e-abf9-4f01-8146-73118f4ebaf9","2011","35","2123","74","true","[{category=Medicine, source=s2-fos-model}, {category=Medicine, source=external}]","[JournalArticle, Study]","2011-06-09","{name=Lancet, pages=2181 - 2192, volume=377}","7686281"
"17852430","{acl=null, dblp=null, arxiv=null, mag=1970379448, corpusid=17852430, pubmed=23349989, doi=10.1371/journal.pone.0054918, pubmedcentral=3551765}","https://www.semanticscholar.org/paper/0646bb65d0bbb306853802a1fff549cb170fe1f5","A Comparison of Ku0063794, a Dual mTORC1 and mTORC2 Inhibitor, and Temsirolimus in Preclinical Renal Cell Carcinoma Models","[{authorid=1682058, name=H. Zhang}, {authorid=4096142, name=Dror Berel}, {authorid=2108801450, name=Yanping Wang}, {authorid=2158237009, name=Ping Li}, {authorid=4131432, name=N. Bhowmick}, {authorid=4947614, name=R. Figlin}, {authorid=82608865, name=Hyung L. Kim}]","PLoS ONE","0aed7a40-85f3-4c66-9e1b-c1556c57001b","2013","37","63","3","true","[{category=Medicine, source=s2-fos-model}, {category=Medicine, source=external}, {category=Chemistry, source=external}]","[JournalArticle]","2013-01-22","{name=PLoS ONE, pages=null, volume=8}","17852430"
"203408203","{acl=null, dblp=null, arxiv=null, mag=2972772349, corpusid=203408203, pubmed=32148858, doi=10.1107/S205225252000072X, pubmedcentral=7055375}","https://www.semanticscholar.org/paper/1a69c41abed39368a7779b0ae6c9f0e5586e0698","Comparing serial X-ray crystallography and microcrystal electron diffraction (MicroED) as methods for routine structure determination from small macromolecular crystals","[{authorid=35697919, name=A. Wolff}, {authorid=40947524, name=I. Young}, {authorid=144472574, name=R. Sierra}, {authorid=6236114, name=A. Brewster}, {authorid=12932701, name=M. Martynowycz}, {authorid=4622323, name=E. Nango}, {authorid=35249964, name=M. Sugahara}, {authorid=2007982, name=T. Nakane}, {authorid=1556289781, name=K. Ito}, {authorid=46969713, name=A. Aquila}, {authorid=34592296, name=A. Bhowmick}, {authorid=10351835, name=J. Biel}, {authorid=49087700, name=S. Carbajo}, {authorid=5172882, name=A. Cohen}, {authorid=1556510938, name=S. Cortez}, {authorid=47527868, name=Ana González}, {authorid=2674039, name=T. Hino}, {authorid=1857451, name=D. Im}, {authorid=3670640, name=J. Koralek}, {authorid=48298694, name=M. Kubo}, {authorid=1556515935, name=T. S. Lazarou}, {authorid=50644578, name=Takashi Nomura}, {authorid=49138737, name=S. Owada}, {authorid=47411815, name=Avi J. Samelson}, {authorid=143931463, name=Rie Tanaka}, {authorid=2116798587, name=Tomoyuki Tanaka}, {authorid=40059480, name=Erin M. Thompson}, {authorid=2279029, name=H. van den Bedem}, {authorid=6073933, name=R. A. Woldeyes}, {authorid=6874710, name=F. Yumoto}, {authorid=2150717107, name=Wei Zhao}, {authorid=49408192, name=K. Tono}, {authorid=3756397, name=S. Boutet}, {authorid=34673873, name=S. Iwata}, {authorid=3441668, name=T. Gonen}, {authorid=3000958, name=N. Sauter}, {authorid=2160667, name=J. Fraser}, {authorid=1737789911, name=M. Thompson}]","bioRxiv","027ffd21-ebb0-4af8-baf5-911124292fd0","2019","77","24","0","true","[{category=Materials Science, source=s2-fos-model}, {category=Chemistry, source=s2-fos-model}, {category=Biology, source=external}, {category=Medicine, source=external}, {category=Materials Science, source=external}]","[JournalArticle]","2019-09-12","{name=IUCrJ, pages=306 - 323, volume=7}","203408203"
"3602573","{acl=null, dblp=null, arxiv=null, mag=2619833575, corpusid=3602573, pubmed=28620329, doi=10.3389/fpsyg.2017.00891, pubmedcentral=5450519}","https://www.semanticscholar.org/paper/c3eb3ecc5f16f97811d05f2fe12062c5dc70287a","Job Satisfaction, Retirement Attitude and Intended Retirement Age: A Conditional Process Analysis across Workers’ Level of Household Income","[{authorid=2272754694, name=Eleanor M. M. Davies}, {authorid=2255787913, name=Beatrice I. J. M. Van der Heijden}, {authorid=38708556, name=M. Flynn}]","Frontiers in Psychology","89097a03-8be6-4e2d-ae2c-a6df64c77a06","2017","111","47","1","true","[{category=Business, source=s2-fos-model}, {category=Economics, source=s2-fos-model}, {category=Psychology, source=external}, {category=Medicine, source=external}]","[JournalArticle]","2017-05-31","{name=Frontiers in Psychology, pages=null, volume=8}","3602573"
"2311994","{acl=null, dblp=null, arxiv=null, mag=2043333284, corpusid=2311994, pubmed=23593428, doi=10.1371/journal.pone.0061191, pubmedcentral=3625168}","https://www.semanticscholar.org/paper/6fff553b28741415d4e6b5336ca3c84d788d7865","Observed Agreement Problems between Sub-Scales and Summary Components of the SF-36 Version 2 - An Alternative Scoring Method Can Correct the Problem","[{authorid=145499451, name=G. Tucker}, {authorid=40388864, name=R. Adams}, {authorid=2110954557, name=David Wilson}]","PLoS ONE","0aed7a40-85f3-4c66-9e1b-c1556c57001b","2013","48","22","2","true","[{category=Medicine, source=s2-fos-model}, {category=Medicine, source=external}]","[JournalArticle, Review]","2013-04-12","{name=PLoS ONE, pages=null, volume=8}","2311994"
"12253725","{acl=null, dblp=null, arxiv=null, mag=1983211199, corpusid=12253725, pubmed=24919062, doi=10.1371/journal.pone.0099266, pubmedcentral=4053345}","https://www.semanticscholar.org/paper/cba0ec0697b91052653420009e730fc0f36ac0ee","Improving the Accuracy and Efficiency of Respiratory Rate Measurements in Children Using Mobile Devices","[{authorid=144660470, name=W. Karlen}, {authorid=31922920, name=Heng Gan}, {authorid=50167323, name=Michelle Chiu}, {authorid=1843661, name=D. Dunsmuir}, {authorid=6069261, name=Guohai Zhou}, {authorid=2068443415, name=G. Dumont}, {authorid=145682503, name=J. Ansermino}]","PLoS ONE","0aed7a40-85f3-4c66-9e1b-c1556c57001b","2014","20","64","0","true","[{category=Medicine, source=s2-fos-model}, {category=Medicine, source=external}, {category=Mathematics, source=external}]","[JournalArticle]","2014-06-11","{name=PLoS ONE, pages=null, volume=9}","12253725"
"49358425","{acl=null, dblp=null, arxiv=null, mag=2782796396, corpusid=49358425, pubmed=29937889, doi=10.4314/ahs.v17i4.26, pubmedcentral=5870276}","https://www.semanticscholar.org/paper/90b6ebe4bfe4e70afe0fe5c153eb34c8fd10c683","Suicidal ideation and associated factors among school going adolescents in Swaziland","[{authorid=50859019, name=Aseel M. Almansour}, {authorid=74259838, name=S. Siziya}]","African Health Sciences","5fd34496-0990-463a-8ec3-d8187ff033dd","2017","12","30","3","true","[{category=Psychology, source=s2-fos-model}, {category=Sociology, source=s2-fos-model}, {category=Medicine, source=external}]","[JournalArticle, Review]","2017-12-01","{name=African Health Sciences, pages=1172 - 1177, volume=17}","49358425"
"297875","{acl=null, dblp=null, arxiv=null, mag=2023064014, corpusid=297875, pubmed=24894832, doi=10.1186/1756-3305-7-259, pubmedcentral=4049472}","https://www.semanticscholar.org/paper/1bba52120cf8885b1b8f9136b7b7248b391c2f88","Analysis of differentially expressed genes in two immunologically distinct strains of Eimeria maxima using suppression subtractive hybridization and dot-blot hybridization","[{authorid=2109001852, name=Dan-dan Liu}, {authorid=2109037115, name=Jianmei Li}, {authorid=2513217, name=Liqin Cao}, {authorid=2117195701, name=Shangshang Wang}, {authorid=4928693, name=Hong-xiao Han}, {authorid=7861605, name=Yantao Wu}, {authorid=38214175, name=J. Tao}]","Parasites & Vectors","093944e8-526f-4721-b357-06780c5eb463","2014","45","4","0","true","[{category=Biology, source=s2-fos-model}, {category=Biology, source=external}, {category=Medicine, source=external}]","[JournalArticle]","2014-06-03","{name=Parasites & Vectors, pages=259 - 259, volume=7}","297875"
"13193464","{acl=null, dblp=null, arxiv=null, mag=2093257326, corpusid=13193464, pubmed=25093497, doi=10.1038/bjc.2014.431, pubmedcentral=4200085}","https://www.semanticscholar.org/paper/8022f92307f28114d38f6fd4e448adb30e7fa6bd","In vitro and in vivo anticancer effects of mevalonate pathway modulation on human cancer cells","[{authorid=49113632, name=Pengfei Jiang}, {authorid=5128929, name=Rajesh Mukthavaram}, {authorid=145264167, name=Ying S. Chao}, {authorid=4547715, name=Natsuko Nomura}, {authorid=4911334, name=I. Bharati}, {authorid=152502685, name=V. Fogal}, {authorid=2438433, name=S. Pastorino}, {authorid=2230757891, name=Teng Dayu}, {authorid=48532957, name=X. Cong}, {authorid=5735118, name=S. Pingle}, {authorid=144962896, name=S. Kapoor}, {authorid=143660220, name=K. Shetty}, {authorid=121213366, name=A. Aggrawal}, {authorid=47708558, name=S. Vali}, {authorid=3016116, name=T. Abbasi}, {authorid=2068918265, name=Chien Shu}, {authorid=7930955, name=S. Kesari}]","British Journal of Cancer","a7abfa95-0b9f-4416-9cd2-3271591663d2","2014","46","151","3","true","[{category=Medicine, source=s2-fos-model}, {category=Medicine, source=external}]","[JournalArticle]","2014-08-05","{name=British Journal of Cancer, pages=1562 - 1571, volume=111}","13193464"
"7649462","{acl=null, dblp=null, arxiv=null, mag=2606016227, corpusid=7649462, pubmed=28419109, doi=10.1371/journal.pone.0175555, pubmedcentral=5395145}","https://www.semanticscholar.org/paper/9ab6241bf37ecea897c85c2e35be8684ee213654","Polymorphisms in the selectin gene cluster are associated with fertility and survival time in a population of Holstein Friesian cows","[{authorid=2118653029, name=Xing Chen}, {authorid=50201674, name=Shujun Zhang}, {authorid=32557083, name=Zhangrui Cheng}, {authorid=24341194, name=J. Cooke}, {authorid=5491670, name=D. Werling}, {authorid=5108865, name=D. Wathes}, {authorid=5601803, name=G. Pollott}]","PLoS ONE","0aed7a40-85f3-4c66-9e1b-c1556c57001b","2017","74","7","0","true","[{category=Agricultural and Food Sciences, source=s2-fos-model}, {category=Biology, source=external}, {category=Medicine, source=external}]","[JournalArticle]","2017-04-18","{name=PLoS ONE, pages=null, volume=12}","7649462"
"53711325","{acl=null, dblp=null, arxiv=null, mag=2901878787, corpusid=53711325, pubmed=30466401, doi=10.1186/s12870-018-1503-2, pubmedcentral=6251216}","https://www.semanticscholar.org/paper/fe48ad7b88e2cd1befec72c51efe3d9f17a453f8","Identification of a SiCL1 gene controlling leaf curling and capsule indehiscence in sesame via cross-population association mapping and genomic variants screening","[{authorid=48212381, name=Haiyang Zhang}, {authorid=6658517, name=H. Miao}, {authorid=14384225, name=Li-bin Wei}, {authorid=2144183060, name=Chun Li}, {authorid=33308858, name=Y. Duan}, {authorid=2111432170, name=Fangfang Xu}, {authorid=47155782, name=Wenwen Qu}, {authorid=145638771, name=R. Zhao}, {authorid=35406598, name=Ming Ju}, {authorid=5753742, name=Shuxian Chang}]","BMC Plant Biology","388d50fd-182a-4f42-bf37-f5fd7ce508fc","2018","48","20","0","true","[{category=Agricultural and Food Sciences, source=s2-fos-model}, {category=Biology, source=s2-fos-model}, {category=Medicine, source=external}, {category=Biology, source=external}]","[JournalArticle]","2018-11-22","{name=BMC Plant Biology, pages=null, volume=18}","53711325"
"18423634","{acl=null, dblp=null, arxiv=null, mag=2059259376, corpusid=18423634, pubmed=23901303, doi=10.2147/NSS.S31063, pubmedcentral=3724567}","https://www.semanticscholar.org/paper/0a97d1fbaf1c8145be9e3d3d617aeaf81acf8f45","Sleep duration, cardiovascular disease, and proinflammatory biomarkers","[{authorid=2263398, name=M. Grandner}, {authorid=1402214193, name=Megan Sands-Lincoln}, {authorid=2067428592, name=V. Pak}, {authorid=4409718, name=S. Garland}]","Nature and Science of Sleep","2853e695-605a-467a-850f-64119eb2c09b","2013","184","190","4","true","[{category=Environmental Science, source=s2-fos-model}, {category=Medicine, source=s2-fos-model}, {category=Medicine, source=external}]","[JournalArticle, Review]","2013-07-22","{name=Nature and Science of Sleep, pages=93 - 107, volume=5}","18423634"
"3855134","{acl=null, dblp=null, arxiv=null, mag=2790716528, corpusid=3855134, pubmed=29529827, doi=10.1364/OE.26.006351, pubmedcentral=null}","https://www.semanticscholar.org/paper/de5fa4eee8f738834416465fe4924345e960e8bf","Integration of high-speed GaAs metal-semiconductor-metal photodetectors by means of transfer printing for 850 nm wavelength photonic interposers.","[{authorid=4025912, name=Guanyu Chen}, {authorid=51127465, name=J. Goyvaerts}, {authorid=114290420, name=S. Kumari}, {authorid=134228346, name=J. Van Kerrebrouck}, {authorid=9951260, name=M. Muneeb}, {authorid=11765317, name=S. Uvin}, {authorid=144398246, name=Yu Yu}, {authorid=102276773, name=G. Roelkens}]","Optics Express","f06e7ee6-cd20-45a8-91f9-6c84bcddc5fd","2018","25","23","1","true","[{category=Engineering, source=s2-fos-model}, {category=Physics, source=s2-fos-model}, {category=Materials Science, source=external}, {category=Medicine, source=external}]","[JournalArticle]","2018-03-05","{name=Optics express, pages=
          6351-6359
        , volume=26 5}","3855134"
"56170849","{acl=null, dblp=journals/qip/SongYZLC19, arxiv=1703.02858, mag=2964051540, corpusid=56170849, pubmed=null, doi=10.1007/s11128-018-2143-z, pubmedcentral=null}","https://www.semanticscholar.org/paper/91508b12ec464e150f7e798964b78ccc6e353034","Polygamy relation for the Rényi-$$\alpha $$α entanglement of assistance in multi-qubit systems","[{authorid=1611246452, name=Wei Song}, {authorid=145804264, name=Ming Yang}, {authorid=2048929403, name=Jun-Long Zhao}, {authorid=3399672, name=Da-Chuang Li}, {authorid=3398851, name=Z. Cao}]","Quantum Information Processing","f509d2f6-f64c-4a9d-a468-4d226978713f","2017","64","8","0","true","[{category=Physics, source=s2-fos-model}, {category=Physics, source=external}, {category=Computer Science, source=external}]","[JournalArticle]","2017-03-08","{name=Quantum Information Processing, pages=1-12, volume=18}","56170849"
"225332698","{acl=null, dblp=journals/nms/WahlstromTE21, arxiv=null, mag=3082293445, corpusid=225332698, pubmed=null, doi=10.1177/1461444820952795, pubmedcentral=null}","https://www.semanticscholar.org/paper/fff56c6e982c1f77f6762b3f821eac43bd0fc9d7","Dynamics of violent and dehumanizing rhetoric in far-right social media","[{authorid=66930052, name=Mattias Wahlström}, {authorid=8207425, name=Anton Törnberg}, {authorid=51082252, name=H. Ekbrand}]","New Media & Society","a9adf059-5c23-4df1-915b-a3ce3bb66500","2020","64","32","0","true","[{category=Political Science, source=s2-fos-model}, {category=Sociology, source=s2-fos-model}, {category=Computer Science, source=external}, {category=Sociology, source=external}]","[JournalArticle]","2020-08-30","{name=New Media & Society, pages=3290 - 3311, volume=23}","225332698"
"3326031","{acl=null, dblp=null, arxiv=null, mag=1820550290, corpusid=3326031, pubmed=23700507, doi=10.4161/adip.18951, pubmedcentral=3661118}","https://www.semanticscholar.org/paper/543519295516508d0e8b46a21969070d3d80f4b6","Brown adipose tissue","[{authorid=2270389369, name=Kristy Townsend}, {authorid=2248441660, name=Yu-Hua Tseng}]","Adipocyte","a4c18e31-e18a-4717-a563-b2f648ef4aea","2012","152","234","9","true","[{category=Medicine, source=s2-fos-model}, {category=Biology, source=s2-fos-model}, {category=Biology, source=external}, {category=Medicine, source=external}]","[JournalArticle, Review]","2012-01-01","{name=Adipocyte, pages=13 - 24, volume=1}","3326031"
"220071069","{acl=null, dblp=null, arxiv=null, mag=3037132511, corpusid=220071069, pubmed=32588908, doi=10.1002/jimd.12278, pubmedcentral=7689772}","https://www.semanticscholar.org/paper/161c53f18702d12a58ed8c3585065eae648a790e","Early infantile epileptic encephalopathy due to biallelic pathogenic variants in PIGQ: Report of seven new subjects and review of the literature","[{authorid=144372464, name=D. Johnstone}, {authorid=144526345, name=T. Nguyen}, {authorid=74846360, name=J. Zambonin}, {authorid=4785349, name=K. Kernohan}, {authorid=1398557316, name=A. St‐Denis}, {authorid=27860345, name=N. Baratang}, {authorid=3320058, name=T. Hartley}, {authorid=35107166, name=M. Geraghty}, {authorid=2824465, name=J. Richer}, {authorid=144448191, name=J. Majewski}, {authorid=2070053, name=E. Bareke}, {authorid=32686005, name=A. Guerin}, {authorid=4134660, name=Manuela Pendziwiat}, {authorid=145543400, name=L. Pena}, {authorid=4530773, name=H. Braakman}, {authorid=1768650914, name=Karen W Grip}, {authorid=31769559, name=A. Edmondson}, {authorid=144557376, name=M. He}, {authorid=6400493, name=Rebecca C. Spillmann}, {authorid=50742787, name=E. Eklund}, {authorid=34364319, name=A. Bayat}, {authorid=52539144, name=Undiagnosed Diseases Network}, {authorid=3552957, name=H. McMillan}, {authorid=4107454, name=K. Boycott}, {authorid=3286104, name=Philippe M. Campeau}]","Journal of Inherited Metabolic Disease","0934d6c3-2f14-46d4-abd4-58adfed53265","2020","44","13","0","true","[{category=Medicine, source=s2-fos-model}, {category=Medicine, source=external}]","[JournalArticle, Review]","2020-06-26","{name=Journal of Inherited Metabolic Disease, pages=1321 - 1332, volume=43}","220071069"
"1765375","{acl=null, dblp=null, arxiv=null, mag=2074120453, corpusid=1765375, pubmed=22242127, doi=10.1371/journal.pone.0029501, pubmedcentral=3248431}","https://www.semanticscholar.org/paper/a6f7c28b1c2ac24a6992ca923c3ad28913609c8b","Role of Conserved Non-Coding Regulatory Elements in LMW Glutenin Gene Expression","[{authorid=21040662, name=A. Juhász}, {authorid=4502085, name=S. Makai}, {authorid=3092889, name=E. Sebestyén}, {authorid=145448531, name=L. Tamás}, {authorid=143618018, name=E. Balázs}]","PLoS ONE","0aed7a40-85f3-4c66-9e1b-c1556c57001b","2011","78","24","2","true","[{category=Biology, source=s2-fos-model}, {category=Environmental Science, source=s2-fos-model}, {category=Medicine, source=external}, {category=Biology, source=external}]","[JournalArticle]","2011-12-29","{name=PLoS ONE, pages=null, volume=6}","1765375"
"6240458","{acl=null, dblp=null, arxiv=null, mag=1588500474, corpusid=6240458, pubmed=26240580, doi=10.4070/kcj.2015.45.4.273, pubmedcentral=4521104}","https://www.semanticscholar.org/paper/c51f059988692234772331874b54de2d93c07a87","The Theory of Relativity in E (ectopy) and C (coupling): Who Will Prove It?","[{authorid=87906706, name=M. Cha}, {authorid=2168636, name=Seil Oh}]","Korean Circulation Journal","06f9f224-e5e4-4f7e-81e0-dd9a5edfdf5d","2015","8","0","0","true","[{category=Medicine, source=s2-fos-model}, {category=Physics, source=s2-fos-model}, {category=Medicine, source=external}]","[JournalArticle]","2015-07-01","{name=Korean Circulation Journal, pages=273 - 274, volume=45}","6240458"
"2475101","{acl=null, dblp=null, arxiv=null, mag=1117857765, corpusid=2475101, pubmed=26246311, doi=10.1038/jhh.2015.78, pubmedcentral=4744577}","https://www.semanticscholar.org/paper/5ac57b3335bd886371c97cbb4a6f97b8ba535c9d","Uncontrolled blood pressure and risks of sleep apnea among Blacks: Findings from the Metabolic Syndrome Outcome (MetSO) study","[{authorid=50266197, name=A. Seixas}, {authorid=5052362, name=J. Ravenell}, {authorid=38228760, name=N. Williams}, {authorid=46881131, name=Stephen K Williams}, {authorid=6060154, name=F. Zizi}, {authorid=3567596, name=G. Ogedegbe}, {authorid=146807102, name=G. Jean-Louis}]","Journal of Human Hypertension","fb56f5e8-8e86-4039-a84a-76d6a4d9ef1e","2015","46","2","0","true","[{category=Environmental Science, source=s2-fos-model}, {category=Medicine, source=s2-fos-model}, {category=Medicine, source=external}]","[JournalArticle]","2015-05-06","{name=Journal of human hypertension, pages=149 - 152, volume=30}","2475101"
"15282116","{acl=null, dblp=null, arxiv=null, mag=2017675732, corpusid=15282116, pubmed=24409157, doi=10.3389/fpsyt.2013.00182, pubmedcentral=3884147}","https://www.semanticscholar.org/paper/f0f83b7d181a1fce632f5ba1fa5e1bb98dbcf120","A Systematic Review of Cognitive Function in First-Episode Psychosis, Including a Discussion on Childhood Trauma, Stress, and Inflammation","[{authorid=144634215, name=M. Aas}, {authorid=1856631, name=P. Dazzan}, {authorid=5709269, name=V. Mondelli}, {authorid=2045139, name=I. Melle}, {authorid=2234176827, name=R. Murray}, {authorid=5365189, name=C. Pariante}]","Frontiers in Psychiatry","07931092-9002-4e9f-a62d-00af30be540f","2014","107","190","6","true","[{category=Psychology, source=s2-fos-model}, {category=Medicine, source=s2-fos-model}, {category=Psychology, source=external}, {category=Medicine, source=external}]","[Review, JournalArticle]","2014-01-08","{name=Frontiers in Psychiatry, pages=null, volume=4}","15282116"
"15910071","{acl=null, dblp=null, arxiv=null, mag=2000454937, corpusid=15910071, pubmed=25919110, doi=10.1371/journal.pone.0122214, pubmedcentral=4412498}","https://www.semanticscholar.org/paper/63b47c771f9c5ca92ae9fc53151f5da9010af016","A Systematic Review of Pharmacological Treatment Options Used to Reduce Ischemia Reperfusion Injury in Rat Liver Transplantation","[{authorid=48030348, name=K. Yamanaka}, {authorid=51018673, name=P. Houben}, {authorid=145159862, name=H. Bruns}, {authorid=16137563, name=D. Schultze}, {authorid=4109299, name=E. Hatano}, {authorid=1698236, name=P. Schemmer}]","PLoS ONE","0aed7a40-85f3-4c66-9e1b-c1556c57001b","2015","102","37","0","true","[{category=Medicine, source=s2-fos-model}, {category=Medicine, source=external}]","[Review, MetaAnalysis, JournalArticle]","2015-04-28","{name=PLoS ONE, pages=null, volume=10}","15910071"
"8070375","{acl=null, dblp=null, arxiv=null, mag=2122431977, corpusid=8070375, pubmed=24918998, doi=10.1590/1806-9282.60.02.008, pubmedcentral=null}","https://www.semanticscholar.org/paper/256ee4b417f4eaf843118fd2ed9f70e69c361797","Diabetes mellitus and impaired glucose tolerance in urban adult population.","[{authorid=13576280, name=Walter Rodrigues Júnior}, {authorid=13682256, name=S. Gaban}, {authorid=49517340, name=E. Pontes}, {authorid=2064316917, name=Celso Correia Souza}, {authorid=50625326, name=Lilian Patussi Gimenes}, {authorid=66943307, name=P. F. Lacerda}, {authorid=89281654, name=M. Cunha}, {authorid=13887105, name=José Valério Librelotto Stefanello II}, {authorid=47395694, name=L. M. Brum}, {authorid=2107300993, name=L. A. Oliveira}, {authorid=13057743, name=Clarissa Rocha Silva}, {authorid=40483984, name=Andrezza Louise Delmondes Ribeiro}]","Revista da Associação Médica Brasileira","d2d1a1f4-4bf9-4325-ba1e-4861ad8a31cf","2014","27","7","0","true","[{category=Medicine, source=s2-fos-model}, {category=Medicine, source=external}]","[JournalArticle]","2014-03-01","{name=Revista da Associacao Medica Brasileira, pages=
          118-24
        , volume=60 2}","8070375"
"44891336","{acl=null, dblp=null, arxiv=null, mag=2610167394, corpusid=44891336, pubmed=28472150, doi=10.1371/journal.pone.0176173, pubmedcentral=5417441}","https://www.semanticscholar.org/paper/f092e3ea69c10a60a537214ffa1a5f2e411000bd","Both MAPK and STAT3 signal transduction pathways are necessary for IL-6-dependent hepatic stellate cells activation","[{authorid=10807572, name=Polina Kagan}, {authorid=9414862, name=M. Sultan}, {authorid=10782154, name=I. Tachlytski}, {authorid=48326725, name=M. Safran}, {authorid=84241332, name=Z. Ben‐Ari}]","PLoS ONE","0aed7a40-85f3-4c66-9e1b-c1556c57001b","2017","32","53","4","true","[{category=Medicine, source=s2-fos-model}, {category=Biology, source=s2-fos-model}, {category=Chemistry, source=external}, {category=Medicine, source=external}]","[JournalArticle]","2017-05-04","{name=PLoS ONE, pages=null, volume=12}","44891336"
"73495611","{acl=null, dblp=null, arxiv=null, mag=2912077313, corpusid=73495611, pubmed=30778399, doi=10.1038/s41893-019-0220-7, pubmedcentral=6376198}","https://www.semanticscholar.org/paper/2055c468a3bc4ab348c8d239fce91edb7d27aae3","China and India lead in greening of the world through land-use management","[{authorid=2109491568, name=Chi Chen}, {authorid=39974344, name=T. Park}, {authorid=2011362843, name=Xuhui Wang}, {authorid=1751339, name=S. Piao}, {authorid=3316452, name=Baodong Xu}, {authorid=40166913, name=R. Chaturvedi}, {authorid=47405147, name=R. Fuchs}, {authorid=4262118, name=V. Brovkin}, {authorid=1845504, name=P. Ciais}, {authorid=3012171, name=R. Fensholt}, {authorid=1403552195, name=H. Tømmervik}, {authorid=3855766, name=G. Bala}, {authorid=7001351, name=Zaichun Zhu}, {authorid=48834077, name=R. Nemani}, {authorid=7543846, name=R. Myneni}]","Nature Sustainability","92ba34d7-80e1-40dc-abdb-79a0e956776d","2019","61","1431","74","true","[{category=Environmental Science, source=s2-fos-model}, {category=Economics, source=s2-fos-model}, {category=Medicine, source=external}, {category=Environmental Science, source=external}]","[JournalArticle]","2019-01-31","{name=Nature sustainability, pages=122 - 129, volume=2}","73495611"
"10059","{acl=null, dblp=null, arxiv=null, mag=2559268155, corpusid=10059, pubmed=27909729, doi=10.3892/ijmm.2016.2815, pubmedcentral=5179189}","https://www.semanticscholar.org/paper/2d9568ea4c384dc3d39e66f5dd5ce099b041ddc5","Self-renewal molecular mechanisms of colorectal cancer stem cells","[{authorid=7890066, name=Tianhui Pan}, {authorid=81946139, name=Jinghong Xu}, {authorid=6077045, name=Yongliang Zhu}]","International Journal of Molecular Medicine","745944ea-f957-4f93-b907-050cdc009517","2016","155","43","2","true","[{category=Biology, source=s2-fos-model}, {category=Medicine, source=s2-fos-model}, {category=Biology, source=external}, {category=Medicine, source=external}]","[Review, JournalArticle]","2016-11-30","{name=International Journal of Molecular Medicine, pages=9 - 20, volume=39}","10059"
"5097658","{acl=null, dblp=null, arxiv=null, mag=2062523318, corpusid=5097658, pubmed=25774292, doi=10.1186/s40104-015-0001-8, pubmedcentral=4358872}","https://www.semanticscholar.org/paper/6ddec9467fa9f1fc7d28d9344e09581aeb8f562a","Developmental programming: the role of growth hormone","[{authorid=31475165, name=A. Oberbauer}]","Journal of Animal Science and Biotechnology","3edab69f-33c0-48a5-986e-7e3b9423c364","2015","101","23","2","true","[{category=Biology, source=s2-fos-model}, {category=Medicine, source=s2-fos-model}, {category=Biology, source=external}, {category=Medicine, source=external}]","[JournalArticle, Review]","2015-02-12","{name=Journal of Animal Science and Biotechnology, pages=null, volume=6}","5097658"
"4683687","{acl=null, dblp=null, arxiv=null, mag=2784442221, corpusid=4683687, pubmed=29416383, doi=10.2147/NSS.S124657, pubmedcentral=5789079}","https://www.semanticscholar.org/paper/cb9b509facabc8b4fc9b26c69e3ebc8a913b81ea","Obstructive sleep apnea: current perspectives","[{authorid=46927461, name=A. Osman}, {authorid=40606212, name=S. Carter}, {authorid=39512095, name=J. Carberry}, {authorid=3695912, name=D. Eckert}]","Nature and Science of Sleep","2853e695-605a-467a-850f-64119eb2c09b","2018","175","241","6","true","[{category=Medicine, source=s2-fos-model}, {category=Medicine, source=external}]","[Review, JournalArticle]","2018-01-23","{name=Nature and Science of Sleep, pages=21 - 34, volume=10}","4683687"
"3469782","{acl=null, dblp=null, arxiv=null, mag=2789088395, corpusid=3469782, pubmed=29473512, doi=10.2174/1570159X16666180222155833, pubmedcentral=6251044}","https://www.semanticscholar.org/paper/f1e106a14d64ac3de5af34fca2f5c7c16dbd9c9e","The Role of Inflammatory Response in Stroke Associated Programmed Cell Death","[{authorid=152209957, name=K. Duris}, {authorid=8114274, name=Z. Splichal}, {authorid=2252042868, name=Michal Jurajda}]","Current Neuropharmacology","00b197ad-db71-4e63-95d6-23c50400ab53","2018","128","43","5","true","[{category=Biology, source=s2-fos-model}, {category=Medicine, source=s2-fos-model}, {category=Medicine, source=external}]","[Review, JournalArticle]","2018-10-05","{name=Current Neuropharmacology, pages=1365 - 1374, volume=16}","3469782"
"8431065","{acl=null, dblp=journals/tac/ArslanY17, arxiv=1506.07924, mag=2345652363, corpusid=8431065, pubmed=null, doi=10.1109/TAC.2016.2598476, pubmedcentral=null}","https://www.semanticscholar.org/paper/3a68e5a525af1300385ebf8d31554e97f1e70bea","Decentralized Q-Learning for Stochastic Teams and Games","[{authorid=34921523, name=Gürdal Arslan}, {authorid=22666897, name=S. Yüksel}]","IEEE Transactions on Automatic Control","1283a59c-0d1f-48c3-81d7-02172f597e70","2015","54","99","17","true","[{category=Computer Science, source=s2-fos-model}, {category=Mathematics, source=s2-fos-model}, {category=Computer Science, source=external}, {category=Mathematics, source=external}]","[JournalArticle]","2015-06-25","{name=IEEE Transactions on Automatic Control, pages=1545-1558, volume=62}","8431065"
"4222324","{acl=null, dblp=null, arxiv=null, mag=2794325299, corpusid=4222324, pubmed=29518079, doi=10.1371/journal.pone.0192715, pubmedcentral=5843172}","https://www.semanticscholar.org/paper/fa7b3a63690d3db2e02f59a328c8f358e4cf5159","Cuticular fatty acids of Galleria mellonella (Lepidoptera) inhibit fungal enzymatic activities of pathogenic Conidiobolus coronatus","[{authorid=144028305, name=A. Wrońska}, {authorid=4337488, name=M. Boguś}, {authorid=88004505, name=E. Włóka}, {authorid=9615964, name=Michalina Kazek}, {authorid=38880308, name=A. Kaczmarek}, {authorid=2092074520, name=K. Zalewska}]","PLoS ONE","0aed7a40-85f3-4c66-9e1b-c1556c57001b","2018","45","27","0","true","[{category=Biology, source=s2-fos-model}, {category=Environmental Science, source=s2-fos-model}, {category=Chemistry, source=external}, {category=Medicine, source=external}]","[JournalArticle]","2018-03-08","{name=PLoS ONE, pages=null, volume=13}","4222324"
"167217873","{acl=null, dblp=null, arxiv=null, mag=2945973250, corpusid=167217873, pubmed=31191421, doi=10.3389/fpsyg.2019.01269, pubmedcentral=6549439}","https://www.semanticscholar.org/paper/ef0b3ec5aa68e5df3ac868ace893af5404068145","Human Flourishing in Cross Cultural Settings. Evidence From the United States, China, Sri Lanka, Cambodia, and Mexico","[{authorid=1403531479, name=Dorota Węziak‐Białowolska}, {authorid=3514554, name=E. McNeely}, {authorid=2218275, name=T. VanderWeele}]","Frontiers in Psychology","89097a03-8be6-4e2d-ae2c-a6df64c77a06","2019","76","60","1","true","[{category=Sociology, source=s2-fos-model}, {category=Psychology, source=s2-fos-model}, {category=Medicine, source=external}, {category=Psychology, source=external}]","[JournalArticle, Review]","2019-05-29","{name=Frontiers in Psychology, pages=null, volume=10}","167217873"
"3958245","{acl=null, dblp=null, arxiv=1511.04769, mag=2952001800, corpusid=3958245, pubmed=27125656, doi=10.1007/s11538-016-0165-1, pubmedcentral=null}","https://www.semanticscholar.org/paper/0254bd0e34ba34d531e0bf93a34cbaad3cc09c10","Dynamical Models of Task Organization in Social Insect Colonies","[{authorid=145388825, name=Yun Kang}, {authorid=1729346, name=G. Theraulaz}]","Bulletin of Mathematical Biology","8a47ce78-e793-4315-8bf8-b09466ebf633","2015","152","21","1","true","[{category=Biology, source=s2-fos-model}, {category=Environmental Science, source=s2-fos-model}, {category=Biology, source=external}, {category=Mathematics, source=external}, {category=Computer Science, source=external}, {category=Medicine, source=external}]","[JournalArticle]","2015-11-15","{name=Bulletin of Mathematical Biology, pages=879 - 915, volume=78}","3958245"
"17717799","{acl=null, dblp=null, arxiv=null, mag=2599470704, corpusid=17717799, pubmed=28420963, doi=10.3389/fnmol.2017.00090, pubmedcentral=5376598}","https://www.semanticscholar.org/paper/ee80a75bcc99ef311712754424045feff4ae5565","RNA-Seq Analysis of Microglia Reveals Time-Dependent Activation of Specific Genetic Programs following Spinal Cord Injury","[{authorid=6431215, name=H. Noristani}, {authorid=5429946, name=Y. Gerber}, {authorid=34420085, name=J. Sabourin}, {authorid=120202512, name=M. Le Corre}, {authorid=5847904, name=N. Lonjon}, {authorid=1401612061, name=N. Mestre-Frances}, {authorid=3583544, name=H. Hirbec}, {authorid=37398466, name=F. Perrin}]","Frontiers in Molecular Neuroscience","7101fb84-a263-47ee-80ff-743ece1018d3","2017","85","54","4","true","[{category=Biology, source=s2-fos-model}, {category=Medicine, source=s2-fos-model}, {category=Biology, source=external}, {category=Medicine, source=external}]","[JournalArticle]","2017-04-03","{name=Frontiers in Molecular Neuroscience, pages=null, volume=10}","17717799"
"52269909","{acl=null, dblp=null, arxiv=null, mag=2885012247, corpusid=52269909, pubmed=30214559, doi=10.3892/ol.2018.9225, pubmedcentral=6126213}","https://www.semanticscholar.org/paper/c294136b179bb8708479ac1f6e6269fa87206d77","Clinicopathological and genetic characteristics associated with brain metastases from lung adenocarcinoma and utility as prognostic factors","[{authorid=3007147, name=Hiromasa Kobayashi}, {authorid=5366933, name=M. Hamasaki}, {authorid=48327348, name=T. Morishita}, {authorid=26392899, name=Masayo Yoshimura}, {authorid=4395184, name=Masani Nonaka}, {authorid=144553378, name=H. Abe}, {authorid=28106038, name=Tooru Inoue}, {authorid=2371897, name=K. Nabeshima}]","Oncology Letters","32d29099-0305-4734-b3ec-534d630e10ff","2018","39","7","0","true","[{category=Medicine, source=s2-fos-model}, {category=Medicine, source=external}]","[JournalArticle]","2018-07-27","{name=Oncology Letters, pages=4243 - 4252, volume=16}","52269909"
"17048566","{acl=null, dblp=null, arxiv=null, mag=2045247091, corpusid=17048566, pubmed=24791011, doi=10.1155/2014/980948, pubmedcentral=3985192}","https://www.semanticscholar.org/paper/8dedaec4d679b84f933cc3200d1abee6d6079756","Evaluation of Biochemical, Haematological, and Histopathological Responses and Recovery Ability of Common Carp (Cyprinus carpio L.) after Acute Exposure to Atrazine Herbicide","[{authorid=3601107, name=J. Blahova}, {authorid=4328298, name=H. Modrá}, {authorid=89996056, name=Marie Ševčíková}, {authorid=3148613, name=P. Marsalek}, {authorid=5730219, name=Lenka Zelníčková}, {authorid=143753283, name=M. Škorič}, {authorid=2416045, name=Z. Svobodová}]","BioMed Research International","c52375db-5573-406f-a12b-854c7ba98498","2014","39","53","4","true","[{category=Biology, source=s2-fos-model}, {category=Environmental Science, source=s2-fos-model}, {category=Biology, source=external}, {category=Medicine, source=external}]","[JournalArticle]","2014-03-27","{name=BioMed Research International, pages=null, volume=2014}","17048566"
"8252542","{acl=null, dblp=null, arxiv=null, mag=2065456370, corpusid=8252542, pubmed=24216954, doi=10.1364/OE.21.027306, pubmedcentral=null}","https://www.semanticscholar.org/paper/0d7829abf50dc816838d0ba2e3e51bd648f2e92f","Quantum effects and nonlocality in strongly coupled plasmonic nanowire dimers.","[{authorid=35212654, name=T. V. Teperik}, {authorid=5621707, name=P. Nordlander}, {authorid=3119133, name=J. Aizpurua}, {authorid=49008306, name=A. Borisov}]","Optics Express","f06e7ee6-cd20-45a8-91f9-6c84bcddc5fd","2013","88","123","5","true","[{category=Physics, source=s2-fos-model}, {category=Physics, source=external}, {category=Medicine, source=external}]","[JournalArticle]","2013-11-04","{name=Optics express, pages=
          27306-25
        , volume=21 22}","8252542"
"16533315","{acl=null, dblp=null, arxiv=null, mag=2026844511, corpusid=16533315, pubmed=24960805, doi=10.1093/jscr/2012.3.1, pubmedcentral=3649510}","https://www.semanticscholar.org/paper/f10ba67db05a1afc7155891f6f496d0c87a828f2","Stomach torsion in pregnancy as a complication of laparoscopic adjustable gastric banding","[{authorid=1729534615, name=D. Mohamed}, {authorid=3710560, name=A. El Hadi}, {authorid=5437649, name=B. Smajer}]","Journal of Surgical Case Reports","7ea2dcc1-e8b4-44a4-a84e-2b0f4457f8b0","2012","5","4","0","true","[{category=Medicine, source=s2-fos-model}, {category=Medicine, source=external}]","[JournalArticle, Review]","2012-03-01","{name=Journal of Surgical Case Reports, pages=1 - 1, volume=2012}","16533315"
"3873381","{acl=null, dblp=null, arxiv=null, mag=2087536234, corpusid=3873381, pubmed=21887217, doi=10.1371/journal.pone.0022283, pubmedcentral=3159570}","https://www.semanticscholar.org/paper/3b847867aa75d568893efec413562d8359c9fa06","Sodium Coupled Bicarbonate Influx Regulates Intracellular and Apical pH in Cultured Rat Caput Epididymal Epithelium","[{authorid=50123570, name=W. Zuo}, {authorid=2153701132, name=Sheng Li}, {authorid=2110284296, name=Jiehong Huang}, {authorid=4567543, name=Deng-Liang Yang}, {authorid=2116290988, name=Geng Zhang}, {authorid=6050557, name=Siliang Chen}, {authorid=3940411, name=Y. Ruan}, {authorid=6879727, name=Ke-Nan Ye}, {authorid=144212184, name=C. H. Cheng}, {authorid=145662100, name=Wen-Liang Zhou}]","PLoS ONE","0aed7a40-85f3-4c66-9e1b-c1556c57001b","2011","49","16","0","true","[{category=Biology, source=s2-fos-model}, {category=Medicine, source=s2-fos-model}, {category=Chemistry, source=external}, {category=Medicine, source=external}]","[JournalArticle]","2011-08-22","{name=PLoS ONE, pages=null, volume=6}","3873381"
"247814","{acl=null, dblp=null, arxiv=null, mag=2172229459, corpusid=247814, pubmed=23192243, doi=10.1136/bmjopen-2012-001686, pubmedcentral=3533018}","https://www.semanticscholar.org/paper/d563a2dd7a2858defe8ef927469f7f53732d0932","Impact of universal health insurance coverage in Thailand on sales and market share of medicines for non-communicable diseases: an interrupted time series study","[{authorid=4489495, name=Laura F. Garabedian}, {authorid=1384188635, name=D. Ross-Degnan}, {authorid=7837695, name=S. Ratanawijitrasin}, {authorid=144119383, name=P. Stephens}, {authorid=31427998, name=A. Wagner}]","BMJ Open","e6216b43-2428-4aaf-8101-b40e1dfd2810","2012","49","26","0","true","[{category=Economics, source=s2-fos-model}, {category=Medicine, source=s2-fos-model}, {category=Medicine, source=external}]","[JournalArticle]","2012-11-27","{name=BMJ Open, pages=null, volume=2}","247814"
"27367334","{acl=null, dblp=null, arxiv=null, mag=2612928701, corpusid=27367334, pubmed=28489865, doi=10.1371/journal.pone.0176904, pubmedcentral=5425176}","https://www.semanticscholar.org/paper/6d199d6a61dbf3bd9364372bd02f3bac9999f79f","Awareness, treatment, and control of hypertension is low among adults in Aksum town, northern Ethiopia: A sequential quantitative-qualitative study","[{authorid=10775863, name=Teklay Aredehey Gebrihet}, {authorid=10701806, name=Kebede Haile Mesgna}, {authorid=10727691, name=Y. Gebregiorgis}, {authorid=4421356, name=A. Kahsay}, {authorid=9642618, name=Negassie Berhe Weldehaweria}, {authorid=9661456, name=M. Weldu}]","PLoS ONE","0aed7a40-85f3-4c66-9e1b-c1556c57001b","2017","56","32","1","true","[{category=Medicine, source=s2-fos-model}, {category=Medicine, source=external}]","[JournalArticle]","2017-05-10","{name=PLoS ONE, pages=null, volume=12}","27367334"
"2329161","{acl=null, dblp=null, arxiv=null, mag=2023747548, corpusid=2329161, pubmed=24341623, doi=10.1042/BSR20130094, pubmedcentral=null}","https://www.semanticscholar.org/paper/d279cc5cfbb14bb35e0ae914bcc0a09b02c44d25","A combination of SILAC and nucleotide acyl phosphate labelling reveals unexpected targets of the Rsk inhibitor BI-D1870.","[{authorid=40205271, name=A. J. Edgar}, {authorid=2169897, name=M. Trost}, {authorid=144936764, name=C. Watts}, {authorid=5240016, name=R. Zaru}]","Bioscience Reports","678ce279-560b-4a6c-af55-ff68d5c2b544","2014","66","13","1","true","[{category=Biology, source=s2-fos-model}, {category=Chemistry, source=s2-fos-model}, {category=Medicine, source=s2-fos-model}, {category=Medicine, source=external}, {category=Biology, source=external}]","[JournalArticle]","2014-02-01","{name=Bioscience reports, pages=null, volume=null}","2329161"
"263505967","{acl=null, dblp=null, arxiv=null, mag=2330485564, corpusid=263505967, pubmed=27051606, doi=10.5588/pha.15.0064, pubmedcentral=4809721}","https://www.semanticscholar.org/paper/7dfb67b119da3fb41514ca8016b5ffa276b8a9b9","Coverage of clinic-based TB screening in South Africa may be low in key risk groups","[]","Public Health Action","411b3897-93c7-4bd8-8fc8-7c0c5e1251b2","2015","11","7","0","true","[{category=Medicine, source=s2-fos-model}, {category=Medicine, source=external}]","[JournalArticle, Review]","2015-01-25","{name=Public Health Action, pages=19 - 21, volume=6}","263505967"
"8216360","{acl=null, dblp=null, arxiv=null, mag=2008667373, corpusid=8216360, pubmed=22558467, doi=10.1371/journal.pone.0036453, pubmedcentral=3338647}","https://www.semanticscholar.org/paper/c691cc6a19329858f8e7bdaf5bb64d5fbb68f852","Ablation of Sim1 Neurons Causes Obesity through Hyperphagia and Reduced Energy Expenditure","[{authorid=48203538, name=Dong Xi}, {authorid=143638121, name=N. Gandhi}, {authorid=4939253, name=Meizan Lai}, {authorid=6900630, name=B. Kublaoui}]","PLoS ONE","0aed7a40-85f3-4c66-9e1b-c1556c57001b","2012","60","87","3","true","[{category=Biology, source=s2-fos-model}, {category=Medicine, source=s2-fos-model}, {category=Biology, source=external}, {category=Medicine, source=external}]","[JournalArticle]","2012-04-27","{name=PLoS ONE, pages=null, volume=7}","8216360"
"8510952","{acl=null, dblp=null, arxiv=null, mag=2062160470, corpusid=8510952, pubmed=22334625, doi=10.1093/eurheartj/ehr441, pubmedcentral=3279314}","https://www.semanticscholar.org/paper/2563eade81c6943d2ca3fed4f3e4f7d3212ee40b","Plant sterols and cardiovascular disease: a systematic review and meta-analysis†","[{authorid=6133142, name=B. Genser}, {authorid=6133142, name=B. Genser}, {authorid=4544195, name=G. Silbernagel}, {authorid=2223796603, name=G. D. Backer}, {authorid=144462051, name=E. Bruckert}, {authorid=6266075, name=R. Carmena}, {authorid=1970003, name=M. Chapman}, {authorid=46868953, name=J. Deanfield}, {authorid=51101325, name=O. Descamps}, {authorid=1742170, name=E. Rietzschel}, {authorid=21200731, name=K. C. Dias}, {authorid=2159658351, name=Winfried März}, {authorid=2159658351, name=Winfried März}, {authorid=2159658351, name=Winfried März}]","European Heart Journal","3e3fb1ae-7d3b-430c-9f51-5d7b4f6906e0","2012","71","189","4","true","[{category=Environmental Science, source=s2-fos-model}, {category=Medicine, source=s2-fos-model}, {category=Medicine, source=external}]","[Review, MetaAnalysis, JournalArticle]","2012-02-01","{name=European Heart Journal, pages=444 - 451, volume=33}","8510952"
"2660789","{acl=null, dblp=null, arxiv=null, mag=2512702381, corpusid=2660789, pubmed=27518192, doi=10.1371/journal.pone.0160843, pubmedcentral=4982607}","https://www.semanticscholar.org/paper/14ce1fcd32a80acb6100e803cf9a0d388ad353ee","The Limonoids TS3 and Rubescin E Induce Apoptosis in Human Hepatoma Cell Lines and Interfere with NF-κB Signaling","[{authorid=40392952, name=N. Lange}, {authorid=15737883, name=Armelle Tsamo Tontsa}, {authorid=3784145, name=C. Wegscheid}, {authorid=5868431, name=P. Mkounga}, {authorid=4979736, name=A. Nkengfack}, {authorid=6895308, name=C. Loscher}, {authorid=144024714, name=G. Sass}, {authorid=5451721, name=G. Tiegs}]","PLoS ONE","0aed7a40-85f3-4c66-9e1b-c1556c57001b","2016","64","9","0","true","[{category=Chemistry, source=s2-fos-model}, {category=Medicine, source=s2-fos-model}, {category=Biology, source=external}, {category=Medicine, source=external}]","[JournalArticle]","2016-08-12","{name=PLoS ONE, pages=null, volume=11}","2660789"
"2670527","{acl=null, dblp=null, arxiv=null, mag=2078740132, corpusid=2670527, pubmed=23300606, doi=10.1371/journal.pone.0052173, pubmedcentral=3531410}","https://www.semanticscholar.org/paper/ae9e51780dece88a16078de94d7ffa461d30d7cc","Decoding Hindlimb Movement for a Brain Machine Interface after a Complete Spinal Transection","[{authorid=39795234, name=A. Manohar}, {authorid=38595916, name=R. D. Flint}, {authorid=34202064, name=E. Knudsen}, {authorid=1929951, name=K. Moxon}]","PLoS ONE","0aed7a40-85f3-4c66-9e1b-c1556c57001b","2012","57","33","1","true","[{category=Engineering, source=s2-fos-model}, {category=Medicine, source=s2-fos-model}, {category=Biology, source=external}, {category=Medicine, source=external}]","[JournalArticle]","2012-12-27","{name=PLoS ONE, pages=null, volume=7}","2670527"
"3967924","{acl=null, dblp=null, arxiv=null, mag=2773472251, corpusid=3967924, pubmed=29553465, doi=10.4274/balkanmedj.2016.1830, pubmedcentral=5863256}","https://www.semanticscholar.org/paper/905ffd41692b5b064ebe39655673f93db708959c","Administration of Ginkgo biloba Extract (EGb761) Alone and in Combination with FK506 Promotes Liver Regeneration in a Rat Model of Partial Hepatectomy","[{authorid=14698910, name=Nahide Ekici Günay}, {authorid=40213162, name=S. Muhtaroğlu}, {authorid=6569930, name=A. Bedirli}]","Balkan Medical Journal","cba8ae7d-713b-4b5d-8ab3-4b55a2c5d065","2017","29","10","0","true","[{category=Medicine, source=s2-fos-model}, {category=Chemistry, source=external}, {category=Medicine, source=external}]","[JournalArticle]","2017-12-14","{name=Balkan Medical Journal, pages=174 - 180, volume=35}","3967924"
"260491","{acl=null, dblp=null, arxiv=null, mag=2070467139, corpusid=260491, pubmed=24260226, doi=10.1371/journal.pone.0079463, pubmedcentral=3829852}","https://www.semanticscholar.org/paper/58f88cf6ccdc53768bdfb6f1dde0bca60f45f463","IL-17 Inhibits Chondrogenic Differentiation of Human Mesenchymal Stem Cells","[{authorid=50476082, name=M. Kondo}, {authorid=2083277, name=K. Yamaoka}, {authorid=4757754, name=K. Sonomoto}, {authorid=2065088, name=S. Fukuyo}, {authorid=3956821, name=K. Oshita}, {authorid=3028457, name=Y. Okada}, {authorid=48069965, name=Yoshiya Tanaka}]","PLoS ONE","0aed7a40-85f3-4c66-9e1b-c1556c57001b","2013","49","47","1","true","[{category=Biology, source=s2-fos-model}, {category=Medicine, source=s2-fos-model}, {category=Biology, source=external}, {category=Medicine, source=external}]","[JournalArticle]","2013-11-15","{name=PLoS ONE, pages=null, volume=8}","260491"
"939290","{acl=null, dblp=null, arxiv=null, mag=2140777225, corpusid=939290, pubmed=23593472, doi=10.1371/journal.pone.0061362, pubmedcentral=3620387}","https://www.semanticscholar.org/paper/51f4ca289564d7f98d462583f241c6cb07ee2b4d","Targeting the EGFR/PCNA Signaling Suppresses Tumor Growth of Triple-Negative Breast Cancer Cells with Cell-Penetrating PCNA Peptides","[{authorid=2170382169, name=Yung-Luen Yu}, {authorid=46622271, name=Ruey-Hwang Chou}, {authorid=2118674008, name=Jiabin Liang}, {authorid=4161038, name=Wei-Jung Chang}, {authorid=38698093, name=Kuo-jung Su}, {authorid=46474050, name=Yen-ju Tseng}, {authorid=2265601, name=Wei‐Chien Huang}, {authorid=84527410, name=Shao-Chun Wang}, {authorid=144666813, name=M. Hung}]","PLoS ONE","0aed7a40-85f3-4c66-9e1b-c1556c57001b","2013","42","62","1","true","[{category=Medicine, source=s2-fos-model}, {category=Chemistry, source=external}, {category=Medicine, source=external}]","[JournalArticle]","2013-04-08","{name=PLoS ONE, pages=null, volume=8}","939290"
"5748052","{acl=null, dblp=null, arxiv=null, mag=2508487539, corpusid=5748052, pubmed=27517281, doi=10.1371/journal.pone.0161100, pubmedcentral=4982698}","https://www.semanticscholar.org/paper/04fc412bf7a5109a7ef1e057ea4d96710565dff8","Performance Assessment of Four Chimeric Trypanosoma cruzi Antigens Based on Antigen-Antibody Detection for Diagnosis of Chronic Chagas Disease","[{authorid=39293399, name=F. Santos}, {authorid=6261107, name=P. F. Celedon}, {authorid=48672687, name=N. Zanchin}, {authorid=46889594, name=Tatiana de Arruda Campos Brasil}, {authorid=2099714444, name=L. Foti}, {authorid=6129427, name=W. Souza}, {authorid=2111350681, name=E. D. Silva}, {authorid=3566191, name=Y. Gomes}, {authorid=2469823, name=M. Krieger}]","PLoS ONE","0aed7a40-85f3-4c66-9e1b-c1556c57001b","2016","50","30","1","true","[{category=Biology, source=s2-fos-model}, {category=Medicine, source=s2-fos-model}, {category=Biology, source=external}, {category=Medicine, source=external}]","[JournalArticle]","2016-08-12","{name=PLoS ONE, pages=null, volume=11}","5748052"
"3007520","{acl=null, dblp=null, arxiv=null, mag=2491628236, corpusid=3007520, pubmed=27493762, doi=10.1136/bmjgast-2016-000096, pubmedcentral=4964159}","https://www.semanticscholar.org/paper/bb5ee9f32bf8bc633eea743dbc99d5b9157227d8","Circulating miRNA in patients with non-alcoholic fatty liver disease and coronary artery disease","[{authorid=6894654, name=R. Mehta}, {authorid=38730450, name=Munkzhul Otgonsuren}, {authorid=5648783, name=Zahra Younoszai}, {authorid=37496193, name=H. Allawi}, {authorid=4603454, name=B. Raybuck}, {authorid=5842050, name=Z. Younossi}]","BMJ Open Gastroenterology","f9f46cfe-2993-4c5f-956c-8d816513cdbf","2016","52","44","3","true","[{category=Medicine, source=s2-fos-model}, {category=Medicine, source=external}, {category=Biology, source=external}]","[JournalArticle]","2016-07-01","{name=BMJ Open Gastroenterology, pages=null, volume=3}","3007520"
"54441163","{acl=null, dblp=null, arxiv=null, mag=2903546985, corpusid=54441163, pubmed=30564562, doi=10.3389/fped.2018.00373, pubmedcentral=6288442}","https://www.semanticscholar.org/paper/742745c77662d0b7923d6874c324e23f1edca6c0","Myalgic Encephalomyelitis/Chronic Fatigue Syndrome in the Era of the Human Microbiome: Persistent Pathogens Drive Chronic Symptoms by Interfering With Host Metabolism, Gene Expression, and Immunity","[{authorid=5930620, name=A. Proal}, {authorid=2217312, name=T. Marshall}]","Frontiers in Pediatrics","c2ae00e7-6d19-4234-aace-a3bf6fd21bd5","2018","212","48","2","true","[{category=Medicine, source=s2-fos-model}, {category=Biology, source=s2-fos-model}, {category=Environmental Science, source=s2-fos-model}, {category=Medicine, source=external}]","[Review, JournalArticle]","2018-12-04","{name=Frontiers in Pediatrics, pages=null, volume=6}","54441163"
"14934643","{acl=null, dblp=null, arxiv=null, mag=2143875897, corpusid=14934643, pubmed=25258370, doi=10.3174/ajnr.A4112, pubmedcentral=null}","https://www.semanticscholar.org/paper/7b6d6578b5788fc6b3088ebe2f775c4e5eb4d062","Diagnostic Yield of Emergency Department Arch-to-Vertex CT Angiography in Patients with Suspected Acute Stroke","[{authorid=6482787, name=A. Deipolyi}, {authorid=144863803, name=L. Hamberg}, {authorid=80400910, name=R. González}, {authorid=145492407, name=J. Hirsch}, {authorid=145981006, name=G. Hunter}]","American Journal of Neuroradiology","f1ea2acf-ea92-4727-abc2-b707defad005","2015","25","16","0","true","[{category=Medicine, source=s2-fos-model}, {category=Medicine, source=external}]","[JournalArticle, Review]","2015-02-01","{name=American Journal of Neuroradiology, pages=265 - 268, volume=36}","14934643"
"6559312","{acl=null, dblp=null, arxiv=null, mag=2095647989, corpusid=6559312, pubmed=26316722, doi=10.2147/PPA.S86153, pubmedcentral=4542557}","https://www.semanticscholar.org/paper/7d32699659956203e18c6a4f12385d33019b4321","Risk factors for surgical site infection in a teaching hospital: a prospective study of 1,138 patients","[{authorid=4949830, name=Keping Cheng}, {authorid=2144508472, name=Jiawei Li}, {authorid=2052177967, name=Qingfang Kong}, {authorid=51008760, name=Changxian Wang}, {authorid=3684570, name=Nanyuan Ye}, {authorid=40387756, name=G. Xia}]","Patient Preference and Adherence","e055c110-d48e-4040-b2ae-60d4ff9a22e0","2015","41","71","5","true","[{category=Medicine, source=s2-fos-model}, {category=Medicine, source=external}]","[JournalArticle]","2015-08-14","{name=Patient preference and adherence, pages=1171 - 1177, volume=9}","6559312"
"42476698","{acl=null, dblp=null, arxiv=1708.00296, mag=2741613016, corpusid=42476698, pubmed=28952770, doi=10.1103/PhysRevLett.119.080502, pubmedcentral=null}","https://www.semanticscholar.org/paper/f6ca14a0e788f7a42b3f578cb46dc9faef49165a","Multiphoton Interference in Quantum Fourier Transform Circuits and Applications to Quantum Metrology.","[{authorid=6117117, name=Z. Su}, {authorid=2118204231, name=Y. Li}, {authorid=2489599, name=P. Rohde}, {authorid=114370700, name=Heliang Huang}, {authorid=2108028562, name=Xi-Lin Wang}, {authorid=49192990, name=Li Li}, {authorid=2230044000, name=Nai-Le Liu}, {authorid=22176678, name=J. Dowling}, {authorid=48165581, name=Chaoyang Lu}, {authorid=1732425, name=Jian-Wei Pan}]","Physical Review Letters","16c9f9d4-bee1-435d-8c85-22a3deba109d","2017","6","43","0","true","[{category=Physics, source=s2-fos-model}, {category=Medicine, source=external}, {category=Physics, source=external}]","[JournalArticle]","2017-08-01","{name=Physical review letters, pages=
          080502
        , volume=119 8}","42476698"
"2660212","{acl=null, dblp=null, arxiv=null, mag=2527139832, corpusid=2660212, pubmed=27829916, doi=10.3762/bjoc.12.199, pubmedcentral=5082719}","https://www.semanticscholar.org/paper/3a625cb8fd26da306d1a7b1bf839b9829ce43065","Chiral ammonium betaine-catalyzed asymmetric Mannich-type reaction of oxindoles","[{authorid=31422950, name=Masahiro Torii}, {authorid=2110298345, name=Kohsuke Kato}, {authorid=8327111, name=D. Uraguchi}, {authorid=145879483, name=T. Ooi}]","Beilstein Journal of Organic Chemistry","d019220c-56d5-4c73-b3d7-6c4061b3a42d","2016","61","12","0","true","[{category=Chemistry, source=s2-fos-model}, {category=Medicine, source=external}, {category=Chemistry, source=external}]","[JournalArticle]","2016-09-28","{name=Beilstein Journal of Organic Chemistry, pages=2099 - 2103, volume=12}","2660212"
"16472478","{acl=null, dblp=null, arxiv=null, mag=2162701616, corpusid=16472478, pubmed=21057866, doi=10.1007/s10508-010-9692-2, pubmedcentral=3210350}","https://www.semanticscholar.org/paper/0703c2815b66014ceb858ca1c164917545b31126","Adolescents of the U.S. National Longitudinal Lesbian Family Study: Sexual Orientation, Sexual Behavior, and Sexual Risk Exposure","[{authorid=3821553, name=N. Gartrell}, {authorid=144381506, name=H. Bos}, {authorid=39796978, name=N. Goldberg}]","Archives of Sexual Behavior","f4cc4e7f-1e5d-4380-a81f-a90d0c945282","2010","95","125","7","true","[{category=Sociology, source=s2-fos-model}, {category=Medicine, source=external}, {category=Psychology, source=external}]","[JournalArticle, Review]","2010-11-06","{name=Archives of Sexual Behavior, pages=1199 - 1209, volume=40}","16472478"
"5958425","{acl=null, dblp=null, arxiv=null, mag=2091941148, corpusid=5958425, pubmed=24667578, doi=10.1371/journal.pone.0093020, pubmedcentral=3965519}","https://www.semanticscholar.org/paper/6c230b5754087059d1dd6eb750a327afd6326719","Implied Dynamics Biases the Visual Perception of Velocity","[{authorid=2969958, name=Barbara La Scaleia}, {authorid=2467178, name=M. Zago}, {authorid=34815098, name=A. Moscatelli}, {authorid=145526369, name=F. Lacquaniti}, {authorid=2077602, name=P. Viviani}]","PLoS ONE","0aed7a40-85f3-4c66-9e1b-c1556c57001b","2014","66","15","0","true","[{category=Psychology, source=s2-fos-model}, {category=Physics, source=external}, {category=Medicine, source=external}]","[JournalArticle]","2014-03-25","{name=PLoS ONE, pages=null, volume=9}","5958425"
"6191355","{acl=null, dblp=null, arxiv=null, mag=2602752190, corpusid=6191355, pubmed=28421200, doi=10.1155/2017/8182020, pubmedcentral=5380834}","https://www.semanticscholar.org/paper/0c29ba4045d477be53a1ab9525aa11284023e9ca","Detection of Urine Metabolites in a Rat Model of Chronic Fatigue Syndrome before and after Exercise","[{authorid=90384167, name=Changzhuan Shao}, {authorid=2115243443, name=Yiming Ren}, {authorid=2117414705, name=Zi-Nan Wang}, {authorid=47695116, name=Chenzhe Kang}, {authorid=5526123, name=Hongke Jiang}, {authorid=4196629, name=Aiping Chi}]","BioMed Research International","c52375db-5573-406f-a12b-854c7ba98498","2017","44","14","0","true","[{category=Medicine, source=s2-fos-model}, {category=Biology, source=external}, {category=Medicine, source=external}]","[JournalArticle]","2017-03-22","{name=BioMed Research International, pages=null, volume=2017}","6191355"
"678032","{acl=null, dblp=journals/corr/XiaoMHDLMKBYLG17, arxiv=1705.06072, mag=2615358882, corpusid=678032, pubmed=null, doi=10.1109/JSAC.2017.2719924, pubmedcentral=null}","https://www.semanticscholar.org/paper/9f49ec7f342d4eaa7fa8e5cf25b25ecd5811af68","Millimeter Wave Communications for Future Mobile Networks","[{authorid=2263629384, name=Ming Xiao}, {authorid=2366227, name=S. Mumtaz}, {authorid=1713582, name=Yongming Huang}, {authorid=1744576, name=L. Dai}, {authorid=1527098599, name=Yonghui Li}, {authorid=1784770, name=M. Matthaiou}, {authorid=144015029, name=G. Karagiannidis}, {authorid=1809945, name=Emil Björnson}, {authorid=1637401447, name=Kai Yang}, {authorid=47834549, name=C. I}, {authorid=2110112916, name=Amitabha Ghosh}]","IEEE Journal on Selected Areas in Communications","68f20e73-515e-4c73-9cd5-5684926b45f7","2017","255","786","31","true","[{category=Computer Science, source=s2-fos-model}, {category=Engineering, source=s2-fos-model}, {category=Computer Science, source=external}, {category=Mathematics, source=external}]","[JournalArticle, Review]","2017-05-17","{name=IEEE Journal on Selected Areas in Communications, pages=1909-1935, volume=35}","678032"
"468600","{acl=null, dblp=null, arxiv=null, mag=2538851899, corpusid=468600, pubmed=27749845, doi=10.1038/ng.3685, pubmedcentral=5131845}","https://www.semanticscholar.org/paper/e5a5cfe17d5165c2c5f007c3fc244022e73b29fc","Genome-wide association analyses identify new susceptibility loci for oral cavity and pharyngeal cancer","[{authorid=5820157, name=C. Lesseur}, {authorid=5380862, name=B. Diergaarde}, {authorid=5959078, name=A. Olshan}, {authorid=1399780974, name=V. Wünsch-Filho}, {authorid=2238932120, name=Andrew Ness}, {authorid=47061829, name=Geoffrey Liu}, {authorid=6160507, name=M. Lacko}, {authorid=1398087608, name=J. Eluf-Neto}, {authorid=2223476, name=S. Franceschi}, {authorid=152480700, name=P. Lagiou}, {authorid=2238931955, name=Gary J. Macfarlane}, {authorid=6154599, name=L. Richiardi}, {authorid=2085753, name=S. Boccia}, {authorid=6845995, name=J. Polesel}, {authorid=4854523, name=K. Kjaerheim}, {authorid=4948288, name=D. Zaridze}, {authorid=143928278, name=M. Johansson}, {authorid=2064909258, name=Ana Menezes}, {authorid=5003239, name=M. Curado}, {authorid=46622911, name=M. Robinson}, {authorid=46691722, name=W. Ahrens}, {authorid=143766052, name=C. Canova}, {authorid=6608580, name=A. Znaor}, {authorid=6528505, name=X. Castellsagué}, {authorid=2237884149, name=David I Conway}, {authorid=5153214, name=I. Holcatova}, {authorid=2107318, name=D. Mates}, {authorid=40090954, name=M. Vilensky}, {authorid=143800248, name=C. Healy}, {authorid=1398642743, name=N. Szeszenia‐Da̧browska}, {authorid=5430467, name=E. Fabiánová}, {authorid=6778489, name=J. Lissowska}, {authorid=4612681, name=J. Grandis}, {authorid=6625535, name=M. Weissler}, {authorid=3370449, name=E. Tajara}, {authorid=2239227798, name=F. D. Nunes}, {authorid=2243272254, name=M. B. de Carvalho}, {authorid=47449727, name=Steve J. Thomas}, {authorid=1841175, name=R. Hung}, {authorid=2247265607, name=Wilbert H M Peters}, {authorid=144347924, name=R. Herrero}, {authorid=3934682, name=G. Cadoni}, {authorid=1397361137, name=H. Bueno‐de‐Mesquita}, {authorid=2015611, name=A. Steffen}, {authorid=144003482, name=A. Agudo}, {authorid=143766047, name=O. Shangina}, {authorid=40198858, name=Xiangjun Xiao}, {authorid=5468267, name=V. Gaborieau}, {authorid=2585565, name=Amélie Chabrier}, {authorid=3543771, name=D. Anantharaman}, {authorid=6099499, name=P. Boffetta}, {authorid=2244146232, name=Christopher I Amos}, {authorid=144245816, name=J. Mckay}, {authorid=2247358499, name=P. Brennan}]","Nature Genetics","bb27e645-e57c-42c3-bcbc-c7b443c58209","2016","58","141","6","true","[{category=Medicine, source=s2-fos-model}, {category=Biology, source=external}, {category=Medicine, source=external}]","[JournalArticle, Study]","2016-09-28","{name=Nature genetics, pages=1544 - 1550, volume=48}","468600"
"4838828","{acl=null, dblp=null, arxiv=null, mag=2286876867, corpusid=4838828, pubmed=26904362, doi=10.1155/2016/4794318, pubmedcentral=4745940}","https://www.semanticscholar.org/paper/0bc9c3501b989d633890b1a0df1c62a66a54485d","Serological Survey and Factors Associated with Toxoplasma gondii Infection in Domestic Goats in Myanmar","[{authorid=6785584, name=Saw Bawm}, {authorid=4690384, name=W. Maung}, {authorid=6641918, name=Myat Yee Win}, {authorid=5086979, name=May June Thu}, {authorid=5904779, name=Hla Myet Chel}, {authorid=32444765, name=T. A. Khaing}, {authorid=36440789, name=S. S. Wai}, {authorid=5503101, name=Lat Lat Htun}, {authorid=4598700, name=Tin Tin Myaing}, {authorid=3649360, name=S. Tiwananthagorn}, {authorid=49399388, name=M. Igarashi}, {authorid=5550265, name=K. Katakura}]","Scientifica","8c7801e4-062a-4aab-8d46-9293dcf7086b","2016","22","31","2","true","[{category=Agricultural and Food Sciences, source=s2-fos-model}, {category=Environmental Science, source=s2-fos-model}, {category=Medicine, source=s2-fos-model}, {category=Medicine, source=external}, {category=Biology, source=external}]","[JournalArticle, Review]","2016-01-21","{name=Scientifica, pages=null, volume=2016}","4838828"
"155093285","{acl=null, dblp=null, arxiv=null, mag=2946074218, corpusid=155093285, pubmed=31156483, doi=10.3389/fpsyt.2019.00339, pubmedcentral=6531862}","https://www.semanticscholar.org/paper/11d4c0ac770ffd42a536fa303e2d89b00a5cf411","Prehabilitation in Alcohol Dependence as a Treatment Model for Sustainable Outcomes. A Narrative Review of Literature on the Risks Associated With Detoxification, From Animal Models to Human Translational Research","[{authorid=7273626, name=C. Kouimtsidis}, {authorid=145907629, name=T. Duka}, {authorid=2059332793, name=Emily O. C. Palmer}, {authorid=1398044626, name=A. Lingford-Hughes}]","Frontiers in Psychiatry","07931092-9002-4e9f-a62d-00af30be540f","2019","142","11","0","true","[{category=Medicine, source=s2-fos-model}, {category=Psychology, source=s2-fos-model}, {category=Medicine, source=external}]","[Review, JournalArticle]","2019-05-16","{name=Frontiers in Psychiatry, pages=null, volume=10}","155093285"
"64285615","{acl=null, dblp=null, arxiv=null, mag=2913163651, corpusid=64285615, pubmed=30774448, doi=10.2147/CLEP.S186842, pubmedcentral=6350836}","https://www.semanticscholar.org/paper/3437e92f63558bc749affa790188579c6dbdd75a","Exposure to antimuscarinic medications for treatment of overactive bladder and risk of lung cancer and colon cancer","[{authorid=5895512, name=L. Löfling}, {authorid=3759125, name=A. Sundström}, {authorid=4107028, name=H. Kieler}, {authorid=4860163, name=S. Bahmanyar}, {authorid=39525813, name=M. Linder}]","Clinical Epidemiology","a4556246-5f7c-4b85-a47b-c7c0ed1a206a","2019","51","8","0","true","[{category=Medicine, source=s2-fos-model}, {category=Medicine, source=external}]","[JournalArticle]","2019-01-01","{name=Clinical Epidemiology, pages=133 - 143, volume=11}","64285615"
"12870246","{acl=null, dblp=null, arxiv=null, mag=2596624061, corpusid=12870246, pubmed=20042772, doi=10.2337/dc10-S011, pubmedcentral=2797382}","https://www.semanticscholar.org/paper/229647c8ca74416befb23b00f0f228283f313d8f","Standards of Medical Care in Diabetes—2010","[{authorid=4058923, name=V. Basevi}]","Diabetes Care","9bfe7b94-0bb4-4247-b40b-4490cabf6d8a","2010","435","3536","42","true","[{category=Medicine, source=s2-fos-model}, {category=Medicine, source=external}]","[JournalArticle, Review]","2010-01-01","{name=Diabetes Care, pages=S11 - S61, volume=33}","12870246"
"53715486","{acl=null, dblp=null, arxiv=null, mag=2898912202, corpusid=53715486, pubmed=30464501, doi=10.2147/OTT.S167865, pubmedcentral=6214579}","https://www.semanticscholar.org/paper/357cbc765b79e45e1d59159c9cd69a591e441de4","Clinical and molecular characteristics associated with the efficacy of PD-1/PD-L1 inhibitors for solid tumors: a meta-analysis","[{authorid=35533631, name=Y. Weng}, {authorid=66794132, name=M. Peng}, {authorid=144642596, name=M. Hu}, {authorid=47971365, name=Yi Yao}, {authorid=134614719, name=Q. Song}]","OncoTargets and Therapy","a3c92136-86d8-407a-9c91-45bd53eb2c77","2018","47","25","0","true","[{category=Medicine, source=s2-fos-model}, {category=Medicine, source=external}]","[Review, JournalArticle]","2018-10-01","{name=OncoTargets and therapy, pages=7529 - 7542, volume=11}","53715486"
"265127400","{acl=null, dblp=null, arxiv=null, mag=2760575491, corpusid=265127400, pubmed=28944393, doi=10.1039/c7cp04186a, pubmedcentral=5779078}","https://www.semanticscholar.org/paper/6c5068fdd9742d548e086bca73da32767695e8ab","Ab initio random structure searching of organic molecular solids: assessment and validation against experimental data","[{authorid=4570864, name=Miri Zilka}, {authorid=6375201, name=Dmytro V. Dudenko}, {authorid=6375201, name=Dmytro V. Dudenko}, {authorid=47458459, name=C. Hughes}, {authorid=2239422522, name=P. A. Williams}, {authorid=2243019501, name=Simone Sturniolo}, {authorid=2266226717, name=W. T. Franks}, {authorid=2258528212, name=Chris J. Pickard}, {authorid=2242600054, name=Jonathan R. Yates}, {authorid=2239335453, name=Kenneth D. M. Harris}, {authorid=2266439416, name=Steven P. Brown}]","Physical Chemistry, Chemical Physics - PCCP","63ed87ae-e104-4cfe-91c9-eb1f2f9ed5b0","2017","85","13","0","true","[{category=Chemistry, source=s2-fos-model}, {category=Chemistry, source=external}, {category=Medicine, source=external}]","[JournalArticle]","2017-09-25","{name=Physical Chemistry Chemical Physics, pages=25949 - 25960, volume=19}","265127400"
"16902011","{acl=null, dblp=null, arxiv=null, mag=2155877720, corpusid=16902011, pubmed=23983615, doi=10.7150/ijbs.6901, pubmedcentral=3753446}","https://www.semanticscholar.org/paper/5d12eb9e2adf49bf7d1f5afad1579abe88bbe897","Stem Cell Research: A Novel Boulevard towards Improved Bovine Mastitis Management","[{authorid=10177266, name=N. Sharma}, {authorid=2276780, name=D. Jeong}]","International Journal on Biological Sciences","8e9ac490-4c8b-49ab-8a33-d0691dfd8dc8","2013","115","50","1","true","[{category=Agricultural and Food Sciences, source=s2-fos-model}, {category=Biology, source=s2-fos-model}, {category=Medicine, source=s2-fos-model}, {category=Biology, source=external}, {category=Medicine, source=external}]","[Review, JournalArticle]","2013-08-20","{name=International Journal of Biological Sciences, pages=818 - 829, volume=9}","16902011"
"9295790","{acl=null, dblp=null, arxiv=null, mag=2547613504, corpusid=9295790, pubmed=27847484, doi=10.3389/fpsyg.2016.01671, pubmedcentral=5088191}","https://www.semanticscholar.org/paper/ecb85bb07c104d9b1f27b89171224d8903be58ec","An Integrative Framework of Stress, Attention, and Visuomotor Performance","[{authorid=7963053, name=S. Vine}, {authorid=5560937, name=L. Moore}, {authorid=144180500, name=Mark R. Wilson}]","Frontiers in Psychology","89097a03-8be6-4e2d-ae2c-a6df64c77a06","2016","78","58","6","true","[{category=Psychology, source=s2-fos-model}, {category=Medicine, source=external}, {category=Psychology, source=external}]","[JournalArticle, Review]","2016-11-01","{name=Frontiers in Psychology, pages=null, volume=7}","9295790"
"8336317","{acl=null, dblp=null, arxiv=null, mag=2613902198, corpusid=8336317, pubmed=28533689, doi=10.2147/JAA.S128431, pubmedcentral=5431691}","https://www.semanticscholar.org/paper/f02bd066d92d1ae31a7d472fbdc44b299c79bdba","Medication-related costs of rhinitis in Australia: a NostraData cross-sectional study of pharmacy purchases","[{authorid=2108778173, name=Pete Smith}, {authorid=146535925, name=D. Price}, {authorid=144654559, name=R. Harvey}, {authorid=145401265, name=A. Carney}, {authorid=6349621, name=V. Kritikos}, {authorid=1390049164, name=S. Bosnic-Anticevich}, {authorid=31394545, name=Louise Christian}, {authorid=143921003, name=D. Skinner}, {authorid=144684475, name=V. Carter}, {authorid=38745678, name=A. Durieux}]","Journal of Asthma and Allergy","1c69ac74-ff53-4376-97e2-b232a5708977","2017","41","10","0","true","[{category=Medicine, source=s2-fos-model}, {category=Medicine, source=external}]","[JournalArticle]","2017-05-09","{name=Journal of Asthma and Allergy, pages=153 - 161, volume=10}","8336317"
"52272230","{acl=null, dblp=null, arxiv=null, mag=2891420122, corpusid=52272230, pubmed=30212564, doi=10.1371/journal.pone.0204113, pubmedcentral=6136813}","https://www.semanticscholar.org/paper/a915527621c9e803ca7c22aaae2774437537cd5c","Association between emergency physician self-reported empathy and patient satisfaction","[{authorid=46507368, name=Hao Wang}, {authorid=39161339, name=J. Kline}, {authorid=2069414326, name=Bradford E. Jackson}, {authorid=1423283437, name=Jessica Laureano-Phillips}, {authorid=2067853989, name=R. Robinson}, {authorid=38217020, name=Chad D Cowden}, {authorid=12679368, name=J. d’Etienne}, {authorid=50020950, name=Steven E. Arze}, {authorid=5697074, name=N. Zenarosa}]","PLoS ONE","0aed7a40-85f3-4c66-9e1b-c1556c57001b","2018","43","47","0","true","[{category=Medicine, source=s2-fos-model}, {category=Medicine, source=external}]","[Study, JournalArticle, Review]","2018-09-13","{name=PLoS ONE, pages=null, volume=13}","52272230"
"16573663","{acl=null, dblp=journals/fi/MugridgeUS11, arxiv=null, mag=2132430972, corpusid=16573663, pubmed=null, doi=10.3390/fi3020159, pubmedcentral=null}","https://www.semanticscholar.org/paper/7212c9112b85fea449a362669be3985e18e6bd1c","EvolvingWeb-Based Test Automation into Agile Business Specifications","[{authorid=2147246, name=R. Mugridge}, {authorid=1744759, name=M. Utting}, {authorid=2587278, name=David Streader}]","Future Internet","c3e5f1c8-9ba7-47e5-acde-53063a69d483","2011","23","3","1","true","[{category=Business, source=s2-fos-model}, {category=Computer Science, source=s2-fos-model}, {category=Computer Science, source=external}]","[JournalArticle]","2011-06-03","{name=Future Internet, pages=159-174, volume=3}","16573663"
"265975877","{acl=null, dblp=null, arxiv=null, mag=2561675167, corpusid=265975877, pubmed=27994968, doi=10.7717/peerj.2750, pubmedcentral=5162402}","https://www.semanticscholar.org/paper/156389bd56b3f4f61c2f97271ee9ebaff2c37902","A retrospective study: cardiac MRI of fulminant myocarditis in children—can we evaluate the short-term outcomes?","[{authorid=2271600516, name=Haipeng Wang}, {authorid=null, name=Bin Zhao}, {authorid=2271054058, name=Haipeng Jia}, {authorid=2271117015, name=Fei Gao}, {authorid=2272261179, name=Junyu Zhao}, {authorid=2271353358, name=Cuiyan Wang}]","PeerJ","558a3215-8ffd-4b31-be7f-f653ca3b600d","2016","72","0","0","true","[{category=Medicine, source=s2-fos-model}, {category=Medicine, source=external}]","[JournalArticle]","2016-12-15","{name=PeerJ, pages=null, volume=4}","265975877"
"46875937","{acl=null, dblp=null, arxiv=null, mag=2584337453, corpusid=46875937, pubmed=28125267, doi=10.22605/RRH4035, pubmedcentral=null}","https://www.semanticscholar.org/paper/718d4bfb77b4fe0a437472b871629d8e527879ce","Strengthening the rural dietetics workforce: examining early effects of the Northern Ontario Dietetic Internship Program on recruitment and retention.","[{authorid=143873953, name=M. Hill}, {authorid=13291064, name=Denise Raftis}, {authorid=15408314, name=Pamela Wakewich}]","Rural and remote health","0aa5f267-725f-4ab7-8785-0fdebe130baa","2017","51","4","0","true","[{category=Medicine, source=s2-fos-model}, {category=Education, source=s2-fos-model}, {category=Medicine, source=external}]","[JournalArticle, Review]","2017-01-27","{name=Rural and remote health, pages=
          4035
        , volume=17 1}","46875937"
"6532128","{acl=null, dblp=null, arxiv=null, mag=2064357983, corpusid=6532128, pubmed=25785827, doi=10.1371/journal.pone.0119543, pubmedcentral=4364748}","https://www.semanticscholar.org/paper/90472190a4c1e623fc6c455e77fc8397fc4fed89","Green Tea Polyphenol (−)-Epigallocatechin-3-Gallate Restores Nrf2 Activity and Ameliorates Crescentic Glomerulonephritis","[{authorid=1492047143, name=Ting Ye}, {authorid=49562034, name=J. Zhen}, {authorid=2108867162, name=Yong Du}, {authorid=153221618, name=Jason Zhou}, {authorid=145043586, name=Ai Peng}, {authorid=6236107, name=N. Vaziri}, {authorid=145925656, name=C. Mohan}, {authorid=2140170470, name=Yan Xu}, {authorid=37569042, name=Xin J. Zhou}]","PLoS ONE","0aed7a40-85f3-4c66-9e1b-c1556c57001b","2015","43","47","3","true","[{category=Environmental Science, source=s2-fos-model}, {category=Medicine, source=s2-fos-model}, {category=Medicine, source=external}, {category=Biology, source=external}]","[JournalArticle]","2015-03-18","{name=PLoS ONE, pages=null, volume=10}","6532128"
"18658406","{acl=null, dblp=null, arxiv=null, mag=2072704055, corpusid=18658406, pubmed=24614180, doi=10.1371/journal.pone.0091176, pubmedcentral=3948783}","https://www.semanticscholar.org/paper/e2f9716e43146dc69d43c2190f67f1a3e8cf921e","Physical, Cognitive and Emotional Factors Contributing to Quality of Life, Functional Health and Participation in Community Dwelling in Chronic Kidney Disease","[{authorid=4423452, name=U. Seidel}, {authorid=7021751, name=J. Gronewold}, {authorid=6609292, name=Michaela Volsek}, {authorid=6363050, name=O. Todica}, {authorid=4263338, name=A. Kribben}, {authorid=47768695, name=H. Bruck}, {authorid=2116775, name=D. Hermann}]","PLoS ONE","0aed7a40-85f3-4c66-9e1b-c1556c57001b","2014","51","44","3","true","[{category=Medicine, source=s2-fos-model}, {category=Psychology, source=s2-fos-model}, {category=Medicine, source=external}]","[JournalArticle]","2014-03-10","{name=PLoS ONE, pages=null, volume=9}","18658406"
"8381282","{acl=null, dblp=null, arxiv=null, mag=2128064218, corpusid=8381282, pubmed=26495110, doi=10.5812/jjm.22582, pubmedcentral=4609387}","https://www.semanticscholar.org/paper/9ac50e57bde4b0f41ccf7ed58a649bae841a4129","Detection and Genetic Characterization of Metallo-β-Lactamase IMP-1 and VIM-2 in Pseudomonas aeruginosa Strains From Different Hospitals in Kermanshah, Iran","[{authorid=3433853, name=R. Abiri}, {authorid=4891545, name=Pantea Mohammadi}, {authorid=5413904, name=Navid Shavani}, {authorid=46446287, name=M. Rezaei}]","Jundishapur Journal of Microbiology","952fcc10-8a23-44fd-a782-546f0fb0f480","2015","54","18","3","true","[{category=Medicine, source=s2-fos-model}, {category=Biology, source=external}, {category=Medicine, source=external}]","[JournalArticle]","2015-09-01","{name=Jundishapur Journal of Microbiology, pages=null, volume=8}","8381282"
"18726615","{acl=null, dblp=null, arxiv=null, mag=2031934366, corpusid=18726615, pubmed=25860955, doi=10.1371/journal.pone.0122961, pubmedcentral=4393280}","https://www.semanticscholar.org/paper/d90cf767853c5b4780d2c65ebbcbcb4fb7728a02","Fibroblast Growth Factor Receptor 4 Polymorphism Is Associated with Liver Cirrhosis in Hepatocarcinoma","[{authorid=38589402, name=M. Sheu}, {authorid=145888112, name=Ming-Ju Hsieh}, {authorid=67347673, name=W. Chiang}, {authorid=2941335, name=Shun-Fa Yang}, {authorid=121406325, name=Hsiang-lin Lee}, {authorid=79537139, name=Liang‐Ming Lee}, {authorid=5247131, name=Chao-Bin Yeh}]","PLoS ONE","0aed7a40-85f3-4c66-9e1b-c1556c57001b","2015","40","26","3","true","[{category=Medicine, source=s2-fos-model}, {category=Biology, source=external}, {category=Medicine, source=external}]","[JournalArticle]","2015-04-10","{name=PLoS ONE, pages=null, volume=10}","18726615"
"523722","{acl=null, dblp=null, arxiv=null, mag=2462451490, corpusid=523722, pubmed=27417321, doi=10.1007/s40263-016-0370-3, pubmedcentral=5078156}","https://www.semanticscholar.org/paper/eec911fa79e25d9e9c89de6e79be4f395764705d","May the Force Be With You: The Light and Dark Sides of the Microbiota–Gut–Brain Axis in Neuropsychiatry","[{authorid=34221289, name=E. Sherwin}, {authorid=7426666, name=K. Sandhu}, {authorid=4782548, name=T. Dinan}, {authorid=9114185, name=J. Cryan}]","CNS Drugs","7c98b4af-0721-4169-8aeb-c1ffc0553f9c","2016","196","215","8","true","[{category=Medicine, source=s2-fos-model}, {category=Psychology, source=s2-fos-model}, {category=Biology, source=s2-fos-model}, {category=Biology, source=external}, {category=Medicine, source=external}]","[Review, JournalArticle]","2016-07-14","{name=CNS Drugs, pages=1019 - 1041, volume=30}","523722"
"18532090","{acl=null, dblp=null, arxiv=null, mag=2117183044, corpusid=18532090, pubmed=21915507, doi=10.1590/S1807-59322011000800032, pubmedcentral=3161235}","https://www.semanticscholar.org/paper/2ad14b4edbbfd8532ff7c196c0ca5f9d0d9645ff","Gastropleural fistula from gastric perforation due to renal cell carcinoma after bevacizumab chemotherapy: a case report","[{authorid=2265366320, name=Olívia Meira Dias}, {authorid=2265366269, name=Caroline Chaul de Lima Barbosa}, {authorid=1721266, name=L. Teixeira}, {authorid=2265366259, name=Francisco S. Vargas}]","Clinics","5dbabf54-7b46-498d-88f1-fa9529a98b45","2011","12","11","1","true","[{category=Medicine, source=s2-fos-model}, {category=Medicine, source=external}]","[JournalArticle, CaseReport]","2011-08-01","{name=Clinics, pages=1495 - 1497, volume=66}","18532090"
"14947814","{acl=null, dblp=null, arxiv=null, mag=2159270833, corpusid=14947814, pubmed=28031921, doi=10.4155/fso.15.70, pubmedcentral=5137858}","https://www.semanticscholar.org/paper/ce0534014c9cd852ba8c5a40c5e1239665f917f0","Measurement in saliva from neurotypical adults of biomarkers pertinent to autism spectrum disorders","[{authorid=6902775, name=H. Ratajczak}, {authorid=3103229, name=R. Sothern}]","Future Science OA","21464d48-e717-401d-91a8-c1ce3a14e66b","2015","83","8","1","true","[{category=Medicine, source=s2-fos-model}, {category=Chemistry, source=external}, {category=Medicine, source=external}]","[JournalArticle]","2015-10-22","{name=Future Science OA, pages=null, volume=1}","14947814"
"28135526","{acl=null, dblp=null, arxiv=null, mag=2778217919, corpusid=28135526, pubmed=29284710, doi=10.1101/gad.307702.117, pubmedcentral=5769766}","https://www.semanticscholar.org/paper/91025a1b45c7810be8f9381b4b777e8378c41306","Chromatin and nucleosome dynamics in DNA damage and repair","[{authorid=2102116789, name=Michael H. Hauer}, {authorid=1944086, name=S. Gasser}]","Genes & Development","94df828d-8411-48df-8aec-f13101ebb8f4","2017","188","216","8","true","[{category=Biology, source=s2-fos-model}, {category=Medicine, source=s2-fos-model}, {category=Medicine, source=external}, {category=Biology, source=external}]","[Review, JournalArticle]","2017-11-15","{name=Genes & Development, pages=2204 - 2221, volume=31}","28135526"
"11402341","{acl=null, dblp=null, arxiv=null, mag=1989967054, corpusid=11402341, pubmed=23028468, doi=10.1371/journal.pone.0043719, pubmedcentral=3444506}","https://www.semanticscholar.org/paper/c8bfd882019ed034fb89bc93b45e4f7dcb830446","Local Polynomial Estimation of Heteroscedasticity in a Multivariate Linear Regression Model and Its Applications in Economics","[{authorid=2890488, name=Li-yun Su}, {authorid=2109923798, name=Yanyong Zhao}, {authorid=4127852, name=Tianshun Yan}, {authorid=48003863, name=Fenglan Li}]","PLoS ONE","0aed7a40-85f3-4c66-9e1b-c1556c57001b","2012","32","9","1","true","[{category=Economics, source=s2-fos-model}, {category=Medicine, source=external}, {category=Physics, source=external}]","[JournalArticle]","2012-09-17","{name=PLoS ONE, pages=null, volume=7}","11402341"
"17535601","{acl=null, dblp=null, arxiv=null, mag=2015471247, corpusid=17535601, pubmed=23412493, doi=10.1107/S0909049513000411, pubmedcentral=3943545}","https://www.semanticscholar.org/paper/c882ed337dc53800feb9d4e68a5901e427581de8","Success and failure of dead-time models as applied to hybrid pixel detectors in high-flux applications","[{authorid=3566678, name=B. Sobott}, {authorid=47339722, name=C. Broennimann}, {authorid=2257481734, name=Bernd Schmitt}, {authorid=49177121, name=P. Trueb}, {authorid=46765618, name=M. Schneebeli}, {authorid=2058057210, name=V. Lee}, {authorid=88717343, name=D. Peake}, {authorid=1422278739, name=S. Elbracht-Leong}, {authorid=2062581933, name=A. Schubert}, {authorid=2072265643, name=N. Kirby}, {authorid=2257485043, name=Mark Boland}, {authorid=50518255, name=C. T. Chantler}, {authorid=5699692, name=Z. Barnea}, {authorid=30918801, name=R. Rassool}]","Journal of Synchrotron Radiation","6277ecc4-aad6-4158-be73-71bd7769430d","2013","46","17","0","true","[{category=Engineering, source=s2-fos-model}, {category=Physics, source=s2-fos-model}, {category=Medicine, source=external}, {category=Physics, source=external}]","[JournalArticle]","2013-01-30","{name=Journal of Synchrotron Radiation, pages=347 - 354, volume=20}","17535601"
"20043790","{acl=null, dblp=null, arxiv=null, mag=1587003749, corpusid=20043790, pubmed=24334875, doi=10.1159/000356601, pubmedcentral=null}","https://www.semanticscholar.org/paper/f8e1bf9c7f55ca657ba342f9bc3520759a2d121f","Aberrant Reduction of MiR-141 Increased CD47/CUL3 in Hirschsprung's Disease","[{authorid=7030056, name=Weibing Tang}, {authorid=144411967, name=Jingjing Qin}, {authorid=1838679, name=Junwei Tang}, {authorid=120811704, name=Hongwei H Zhang}, {authorid=2149134281, name=Zhi-gang Zhou}, {authorid=2151288053, name=Bo Li}, {authorid=40456767, name=Q. Geng}, {authorid=47203086, name=Wei Wu}, {authorid=4696257, name=Yankai Xia}, {authorid=1720747766, name=Xiao-qun Xu}]","Cellular Physiology and Biochemistry","e4726fe0-ccb4-46c5-8218-f552e15f0a74","2013","18","35","2","true","[{category=Medicine, source=s2-fos-model}, {category=Biology, source=s2-fos-model}, {category=Medicine, source=external}]","[JournalArticle]","2013-12-01","{name=Cellular Physiology and Biochemistry, pages=1655 - 1667, volume=32}","20043790"
"21154322","{acl=null, dblp=null, arxiv=null, mag=2061500918, corpusid=21154322, pubmed=25075476, doi=10.1590/0037-8682-0073-2014, pubmedcentral=null}","https://www.semanticscholar.org/paper/7fca14f564782343b7601bf85b3ffc724baa2f0e","Molecular characterization of Torque teno virus and SEN virus co-infection with HIV in patients from Southern Iran.","[{authorid=4916518, name=A. Pirouzi}, {authorid=12417758, name=M. Bahmani}, {authorid=4360713, name=M. Feizabadi}, {authorid=9662006, name=R. Afkari}]","Revista da Sociedade Brasileira de Medicina Tropical","b1f5c21a-0edc-411e-a488-ab4b28168cfc","2014","30","25","2","true","[{category=Medicine, source=s2-fos-model}, {category=Biology, source=external}, {category=Medicine, source=external}]","[JournalArticle]","2014-05-01","{name=Revista da Sociedade Brasileira de Medicina Tropical, pages=
          275-9
        , volume=47 3}","21154322"
"195813151","{acl=null, dblp=null, arxiv=null, mag=2955754214, corpusid=195813151, pubmed=31276529, doi=10.1371/journal.pone.0219281, pubmedcentral=6611602}","https://www.semanticscholar.org/paper/554aa7e69805c0fa947b827219d3b1d85fd463fa","Generalized Poincaré plots analysis of heart period dynamics in different physiological conditions: Trained vs. untrained men","[{authorid=144424541, name=Mirjana M. Platiša}, {authorid=2041526, name=T. Bojić}, {authorid=50584773, name=S. Mazić}, {authorid=145623533, name=Aleksandar Kalauzi}]","PLoS ONE","0aed7a40-85f3-4c66-9e1b-c1556c57001b","2019","31","9","0","true","[{category=Medicine, source=s2-fos-model}, {category=Mathematics, source=external}, {category=Medicine, source=external}]","[JournalArticle]","2019-07-05","{name=PLoS ONE, pages=null, volume=14}","195813151"
"6459296","{acl=null, dblp=null, arxiv=null, mag=2294994882, corpusid=6459296, pubmed=26954608, doi=10.1080/00224499.2015.1134425, pubmedcentral=4868075}","https://www.semanticscholar.org/paper/c1d73838d2a236430107bf83fe911afab225d683","The Sexual Acceptability of Contraception: Reviewing the Literature and Building a New Concept","[{authorid=33239557, name=J. Higgins}, {authorid=null, name=Nicole K. Smith}]","Journal of Sex Research","2012af6c-644e-45d4-a0dc-1e24626a70c7","2016","323","154","8","true","[{category=Medicine, source=s2-fos-model}, {category=Sociology, source=s2-fos-model}, {category=Medicine, source=external}, {category=Psychology, source=external}]","[Review, JournalArticle]","2016-03-08","{name=Journal of Sex Research, pages=417 - 456, volume=53}","6459296"
"13919239","{acl=null, dblp=null, arxiv=null, mag=2156756819, corpusid=13919239, pubmed=26035430, doi=10.1371/journal.pone.0126403, pubmedcentral=4452760}","https://www.semanticscholar.org/paper/e04ab7ea3208127068353c95c3508d77e30db53a","The Mechanism of Environmental Endocrine Disruptors (DEHP) Induces Epigenetic Transgenerational Inheritance of Cryptorchidism","[{authorid=2108741860, name=Jin-jun Chen}, {authorid=14196543, name=Shengde Wu}, {authorid=2075383848, name=Sheng Wen}, {authorid=33142284, name=Lianju Shen}, {authorid=5754627, name=Jin-pu Peng}, {authorid=2116546992, name=Chao Yan}, {authorid=3697573, name=Xi-ning Cao}, {authorid=38059696, name=Yue Zhou}, {authorid=6897482, name=Chun-lan Long}, {authorid=40058087, name=Tao Lin}, {authorid=1725184, name=D. He}, {authorid=145461734, name=Yi Hua}, {authorid=34845088, name=G. Wei}]","PLoS ONE","0aed7a40-85f3-4c66-9e1b-c1556c57001b","2015","35","64","4","true","[{category=Environmental Science, source=s2-fos-model}, {category=Medicine, source=s2-fos-model}, {category=Biology, source=external}, {category=Medicine, source=external}]","[JournalArticle]","2015-06-02","{name=PLoS ONE, pages=null, volume=10}","13919239"
"5169741","{acl=null, dblp=null, arxiv=null, mag=2135511771, corpusid=5169741, pubmed=24031954, doi=10.1590/S1517-83822012000400007, pubmedcentral=3769008}","https://www.semanticscholar.org/paper/0a5a2f8540064d429503037d2338158d67f9f824","Regulation of T lymphocyte subpopulations in specific pathogen-free chickens following experimental fowl adenovirus-ⅧVIII infection","[{authorid=2108729320, name=Chun-jie Wang}, {authorid=6676369, name=Siriguleng Yu}, {authorid=2079264282, name=Ao-ri-ge-le}, {authorid=4834841, name=D. Jia}, {authorid=33970318, name=H. Yao}, {authorid=32676747, name=Huai-ping Zhao}, {authorid=2272143839, name=H.S. Lillehoj}, {authorid=1422465827, name=Si-mu-ji-de}, {authorid=7599013, name=A. Postnikoff}, {authorid=2110510477, name=Siying Xu}]","Brazilian Journal of Microbiology","8f88308b-f0a6-43e7-b264-dcfd172de24a","2012","25","8","0","true","[{category=Medicine, source=s2-fos-model}, {category=Biology, source=external}, {category=Medicine, source=external}]","[JournalArticle]","2012-06-01","{name=Brazilian Journal of Microbiology, pages=1281 - 1290, volume=43}","5169741"
"16757410","{acl=null, dblp=null, arxiv=null, mag=2007956195, corpusid=16757410, pubmed=22919576, doi=10.3389/fcimb.2011.00010, pubmedcentral=3417361}","https://www.semanticscholar.org/paper/9248a80709ebf318ea8e17ebc373e014bc785a0b","Characterization of Recombinant B. abortus Strain RB51SOD Toward Understanding the Uncorrelated Innate and Adaptive Immune Responses Induced by RB51SOD Compared to Its Parent Vaccine Strain RB51","[{authorid=2258077232, name=Jianguo Zhu}, {authorid=2257439736, name=Charles B. Larson}, {authorid=2257439327, name=Megan Ann Ramaker}, {authorid=2257439052, name=Kimberly Quandt}, {authorid=6279910, name=Jered M. Wendte}, {authorid=2257438997, name=Kimberly P. Ku}, {authorid=2149500792, name=Fang Chen}, {authorid=1867586, name=G. W. Jourdian}, {authorid=2350021, name=R. Vemulapalli}, {authorid=4666356, name=G. Schurig}, {authorid=2257880242, name=Yongqun He}]","Front. Cell. Inf. Microbio.",,"2011","64","39","1","true","[{category=Biology, source=s2-fos-model}, {category=Medicine, source=s2-fos-model}, {category=Medicine, source=external}, {category=Biology, source=external}]","[JournalArticle, Study]","2011-11-25","{name=Frontiers in Cellular and Infection Microbiology, pages=null, volume=1}","16757410"
"17416492","{acl=null, dblp=null, arxiv=null, mag=1946258986, corpusid=17416492, pubmed=25938233, doi=10.1371/journal.pone.0125840, pubmedcentral=4418567}","https://www.semanticscholar.org/paper/f1523a9581f12ba16f2e0fdcbcdb61b37474b986","A Pilot Study to Evaluate Haemostatic Function, following Shock Wave Lithotripsy (SWL) for the Treatment of Solitary Kidney Stones","[{authorid=4012766, name=S. Hughes}, {authorid=1421806859, name=S. Thomas-Wright}, {authorid=35948228, name=J. Banwell}, {authorid=2110370738, name=Rachel Williams}, {authorid=33800343, name=A. J. Moyes}, {authorid=39045174, name=S. Mushtaq}, {authorid=4606170, name=M. Abdulmajed}, {authorid=3325997, name=I. Shergill}]","PLoS ONE","0aed7a40-85f3-4c66-9e1b-c1556c57001b","2015","24","9","1","true","[{category=Medicine, source=s2-fos-model}, {category=Medicine, source=external}]","[JournalArticle]","2015-05-04","{name=PLoS ONE, pages=null, volume=10}","17416492"
"3786098","{acl=null, dblp=null, arxiv=null, mag=2553571018, corpusid=3786098, pubmed=27869240, doi=10.13075/ijomeh.1896.00125, pubmedcentral=null}","https://www.semanticscholar.org/paper/676658c0f661757e975fadf75ba6e3dafd6a30c5","Relationship between occupational stress and cardiovascular diseases risk factors in drivers.","[{authorid=7625138, name=H. Biglari}, {authorid=40595105, name=M. H. Ebrahimi}, {authorid=2052251103, name=M. Salehi}, {authorid=10420362, name=Mohsen Poursadeghiyan}, {authorid=5602215, name=I. Ahmadnezhad}, {authorid=6450838, name=Milad Abbasi}]","International Journal of Occupational Medicine and Environmental Health","6793bab8-ff4a-4076-87a2-ee9deac019a5","2016","25","17","1","true","[{category=Environmental Science, source=s2-fos-model}, {category=Medicine, source=s2-fos-model}, {category=Medicine, source=external}]","[JournalArticle]","2016-11-18","{name=International journal of occupational medicine and environmental health, pages=
          895-901
        , volume=29 6}","3786098"
"208406250","{acl=null, dblp=null, arxiv=null, mag=2981057825, corpusid=208406250, pubmed=32074092, doi=10.3855/jidc.10558, pubmedcentral=null}","https://www.semanticscholar.org/paper/7a6135713a05bb18befca8ddbc0e04aa873ff198","Comparison of the clinical and laboratory characteristics of pertussis or viral lower respiratory tract infections.","[{authorid=52200315, name=S. Selbuz}, {authorid=5193683, name=E. Çiftçi}, {authorid=47196558, name=H. Özdemir}, {authorid=13521609, name=H. Güriz}, {authorid=82012494, name=E. Ince}]","Journal of Infection in Developing Countries","73177abe-5da0-4555-8ca1-7a6792b726a8","2019","30","1","0","true","[{category=Medicine, source=s2-fos-model}, {category=Medicine, source=external}]","[JournalArticle]","2019-09-30","{name=Journal of infection in developing countries, pages=
          823-830
        , volume=13 9}","208406250"
"199404759","{acl=null, dblp=null, arxiv=null, mag=2964688551, corpusid=199404759, pubmed=31391941, doi=10.1186/s40248-019-0188-1, pubmedcentral=6681476}","https://www.semanticscholar.org/paper/e49e694278b09f93d4b17b1a3687265e9eeb1120","Occupational risk factors associated with respiratory symptoms among tannery workers in Mojo town, Southeast Ethiopia, 2018: a comparative cross-sectional study","[{authorid=151479066, name=Innawu Dalju}, {authorid=6141664, name=Awrajaw Dessie}, {authorid=1381819604, name=Laekemariam Bogale}, {authorid=37685003, name=T. Mekonnen}]","Multidisciplinary Respiratory Medicine","71ed6d6b-423e-472c-8c0c-c64d8b25806c","2019","34","21","2","true","[{category=Environmental Science, source=s2-fos-model}, {category=Medicine, source=s2-fos-model}, {category=Medicine, source=external}]","[JournalArticle]","2019-08-05","{name=Multidisciplinary Respiratory Medicine, pages=null, volume=14}","199404759"
"17942763","{acl=null, dblp=journals/ploscb/HeavnerP15, arxiv=null, mag=2174352784, corpusid=17942763, pubmed=26566239, doi=10.1371/journal.pcbi.1004530, pubmedcentral=4643975}","https://www.semanticscholar.org/paper/f9e529ef87343fa032233bc9a201950588c19dfc","Comparative Analysis of Yeast Metabolic Network Models Highlights Progress, Opportunities for Metabolic Reconstruction","[{authorid=2128077, name=Benjamin D. Heavner}, {authorid=2925731, name=N. Price}]","PLoS Comput. Biol.",,"2015","69","68","1","true","[{category=Biology, source=s2-fos-model}, {category=Computer Science, source=s2-fos-model}, {category=Biology, source=external}, {category=Computer Science, source=external}, {category=Medicine, source=external}]","[JournalArticle, Study]","2015-11-01","{name=PLoS Computational Biology, pages=null, volume=11}","17942763"
"49482533","{acl=null, dblp=journals/corr/abs-1806-10277, arxiv=1806.10277, mag=2950974272, corpusid=49482533, pubmed=null, doi=10.1007/s10664-018-9646-1, pubmedcentral=null}","https://www.semanticscholar.org/paper/7dd10da932363e29d6d76caf53da00eee1ed6548","The impact of human factors on the participation decision of reviewers in modern code review","[{authorid=51001352, name=Shade Ruangwan}, {authorid=2352093, name=Patanamon Thongtanunam}, {authorid=2385419, name=Akinori Ihara}, {authorid=144975613, name=Ken-ichi Matsumoto}]","Empirical Software Engineering","f528e58c-0e4e-45b0-9456-832847244f0e","2018","87","39","2","true","[{category=Computer Science, source=s2-fos-model}, {category=Computer Science, source=external}]","[JournalArticle, Review]","2018-06-27","{name=Empirical Software Engineering, pages=973 - 1016, volume=24}","49482533"
"760734","{acl=null, dblp=null, arxiv=null, mag=2135241378, corpusid=760734, pubmed=21779173, doi=10.1371/journal.ppat.1002155, pubmedcentral=3136464}","https://www.semanticscholar.org/paper/b92e67c3c5163ab7fb8944c75fa6ba2c0ebb36bf","Cross-Species Transmission of a Novel Adenovirus Associated with a Fulminant Pneumonia Outbreak in a New World Monkey Colony","[{authorid=40595583, name=E. Chen}, {authorid=2241479930, name=Shigeo Yagi}, {authorid=3839210, name=Kristi R. Kelly}, {authorid=2241479513, name=Sally P. Mendoza}, {authorid=6203256, name=N. Maninger}, {authorid=47606625, name=A. Rosenthal}, {authorid=2241475510, name=Abigail Spinner}, {authorid=2246109601, name=Karen L. Bales}, {authorid=3436300, name=D. Schnurr}, {authorid=5347043, name=N. Lerche}, {authorid=2240794743, name=Charles Y. Chiu}]","PLoS Pathogens","3dd218aa-dc9d-41c7-bf4b-e9f86f1d86d9","2011","61","144","13","true","[{category=Medicine, source=s2-fos-model}, {category=Biology, source=s2-fos-model}, {category=Environmental Science, source=s2-fos-model}, {category=Medicine, source=external}, {category=Biology, source=external}]","[JournalArticle]","2011-07-01","{name=PLoS Pathogens, pages=null, volume=7}","760734"
"17874963","{acl=null, dblp=null, arxiv=null, mag=2589526524, corpusid=17874963, pubmed=28334797, doi=10.1093/nar/gkx108, pubmedcentral=5389731}","https://www.semanticscholar.org/paper/48b05b9b7350fd01419aaafd4e5e893aaa5f04fd","Molecular mechanism governing ratio-dependent transcription regulation in the ccdAB operon","[{authorid=2415905, name=A. Vandervelde}, {authorid=4064229, name=I. Drobnak}, {authorid=10417586, name=S. Hadži}, {authorid=36055931, name=Yann G. J. Sterckx}, {authorid=49310592, name=T. Welte}, {authorid=2191810, name=H. De Greve}, {authorid=5623476, name=D. Charlier}, {authorid=145231121, name=R. Efremov}, {authorid=1982472, name=R. Loris}, {authorid=4074564, name=J. Lah}]","Nucleic Acids Research","da96c220-cd39-4894-bae6-d2d77c8e7aa9","2017","82","26","0","true","[{category=Biology, source=s2-fos-model}, {category=Chemistry, source=s2-fos-model}, {category=Medicine, source=external}, {category=Biology, source=external}]","[JournalArticle]","2017-02-17","{name=Nucleic Acids Research, pages=2937 - 2950, volume=45}","17874963"
"4351830","{acl=null, dblp=null, arxiv=null, mag=2803564369, corpusid=4351830, pubmed=29566653, doi=10.1186/s12870-018-1257-x, pubmedcentral=5863848}","https://www.semanticscholar.org/paper/0aed622a459c380a3460a8cb8f4ebefca39c25ed","Transcriptomic analysis reveals overdominance playing a critical role in nicotine heterosis in Nicotiana tabacum L.","[{authorid=40756482, name=Maozhu Tian}, {authorid=49351042, name=Qiong Nie}, {authorid=25841717, name=Zhen-huai Li}, {authorid=2159190649, name=Jie Zhang}, {authorid=2144469444, name=Yiling A Liu}, {authorid=2072953885, name=Yao Long}, {authorid=2108288471, name=Zhiwei Wang}, {authorid=2110518134, name=Guoqing Wang}, {authorid=40767704, name=Renxiang Liu}]","BMC Plant Biology","388d50fd-182a-4f42-bf37-f5fd7ce508fc","2018","68","22","0","true","[{category=Biology, source=s2-fos-model}, {category=Environmental Science, source=s2-fos-model}, {category=Biology, source=external}, {category=Medicine, source=external}]","[JournalArticle]","2018-03-22","{name=BMC Plant Biology, pages=null, volume=18}","4351830"
"18935178","{acl=null, dblp=null, arxiv=null, mag=2108672700, corpusid=18935178, pubmed=26252225, doi=10.1371/journal.pone.0134338, pubmedcentral=4529082}","https://www.semanticscholar.org/paper/262f654ef9d3fb7978d2a75b69f721e90f425455","Association between Blood Lead Levels and Age-Related Macular Degeneration","[{authorid=34587862, name=H. Hwang}, {authorid=2108210342, name=Seung Bum Lee}, {authorid=8384008, name=D. Jee}]","PLoS ONE","0aed7a40-85f3-4c66-9e1b-c1556c57001b","2015","61","18","2","true","[{category=Environmental Science, source=s2-fos-model}, {category=Medicine, source=s2-fos-model}, {category=Medicine, source=external}]","[JournalArticle, Review]","2015-08-07","{name=PLoS ONE, pages=null, volume=10}","18935178"
"262423788","{acl=null, dblp=null, arxiv=1302.3441, mag=2026099850, corpusid=262423788, pubmed=23377195, doi=10.1088/0034-4885/76/2/026301, pubmedcentral=null}","https://www.semanticscholar.org/paper/e12f119c28f4b1efd5e2be78209a68ae175f0816","Nuclear astrophysics lessons from INTEGRAL","[{authorid=5586442, name=R. Diehl}]","Reports on progress in physics. Physical Society",,"2013","177","53","5","true","[{category=Physics, source=s2-fos-model}, {category=Physics, source=external}, {category=Medicine, source=external}]","[JournalArticle, Review]","2013-02-04","{name=Reports on Progress in Physics, pages=null, volume=76}","262423788"
"4542879","{acl=null, dblp=null, arxiv=null, mag=2786792183, corpusid=4542879, pubmed=29607311, doi=10.1155/2018/8576890, pubmedcentral=5828540}","https://www.semanticscholar.org/paper/577f57693033506fece2696f78c5d89426a91adc","Shiftwork-Mediated Disruptions of Circadian Rhythms and Sleep Homeostasis Cause Serious Health Problems","[{authorid=3502752, name=Suliman Khan}, {authorid=144321846, name=P. Duan}, {authorid=145216981, name=L. Yao}, {authorid=50542378, name=Hongwei Hou}]","International Journal of Genomics","ce1c5634-a0e1-4bb5-9ba6-82858adb8743","2018","126","81","1","true","[{category=Environmental Science, source=s2-fos-model}, {category=Medicine, source=s2-fos-model}, {category=Medicine, source=external}]","[Review, JournalArticle]","2018-01-21","{name=International Journal of Genomics, pages=null, volume=2018}","4542879"
"5080782","{acl=null, dblp=null, arxiv=1207.0995, mag=1650010629, corpusid=5080782, pubmed=23037354, doi=10.1364/OE.20.022042, pubmedcentral=null}","https://www.semanticscholar.org/paper/672f6dfab020ecb346343a6f61752fa016eeafbb","250-MHz synchronously pumped optical parametric oscillator at 2.25-2.6 μm and 4.1-4.9 μm.","[{authorid=4380033, name=N. Coluccelli}, {authorid=9236122, name=H. Fonnum}, {authorid=9241515, name=M. Haakestad}, {authorid=4248294, name=A. Gambetta}, {authorid=50616616, name=D. Gatti}, {authorid=3991081, name=M. Marangoni}, {authorid=2083926, name=P. Laporta}, {authorid=1789326, name=G. Galzerano}]","Optics Express","f06e7ee6-cd20-45a8-91f9-6c84bcddc5fd","2012","18","22","0","true","[{category=Engineering, source=s2-fos-model}, {category=Physics, source=s2-fos-model}, {category=Materials Science, source=external}, {category=Physics, source=external}, {category=Medicine, source=external}]","[JournalArticle]","2012-07-04","{name=Optics express, pages=
          22042-7
        , volume=20 20}","5080782"
"10428560","{acl=null, dblp=journals/tnn/YuJGP18, arxiv=1703.08897, mag=2952873222, corpusid=10428560, pubmed=29035229, doi=10.1109/TNNLS.2017.2753852, pubmedcentral=null}","https://www.semanticscholar.org/paper/0d6258c23cd45b901cfdbadad1159d3a6ef7ba6f","Transductive Zero-Shot Learning With Adaptive Structural Embedding","[{authorid=50133856, name=Yunlong Yu}, {authorid=143780023, name=Zhong Ji}, {authorid=2910007, name=Jichang Guo}, {authorid=145134722, name=Yanwei Pang}]","IEEE Transactions on Neural Networks and Learning Systems","79c5a18d-0295-432c-aaa5-961d73de6d88","2017","51","39","4","true","[{category=Computer Science, source=s2-fos-model}, {category=Computer Science, source=external}, {category=Medicine, source=external}]","[JournalArticle]","2017-03-27","{name=IEEE Transactions on Neural Networks and Learning Systems, pages=4116-4127, volume=29}","10428560"
"53238424","{acl=null, dblp=null, arxiv=null, mag=2898299779, corpusid=53238424, pubmed=30525112, doi=10.1038/s41562-018-0461-x, pubmedcentral=6277013}","https://www.semanticscholar.org/paper/9a8cf3885ee02c73b17a937afa24d546ae990c67","A systematic review and meta-analysis of effects of early life non-cognitive skills on academic, psychosocial, cognitive and health outcomes","[{authorid=5365620, name=L. Smithers}, {authorid=145298468, name=A. Sawyer}, {authorid=6724890, name=C. Chittleborough}, {authorid=33912649, name=N. Davies}, {authorid=1885894, name=G. Davey Smith}, {authorid=28629885, name=J. Lynch}]","Nature Human Behaviour","b7e5a3b3-2519-4ca2-8870-c2b45ef76ab9","2018","111","92","5","true","[{category=Psychology, source=s2-fos-model}, {category=Education, source=s2-fos-model}, {category=Medicine, source=external}, {category=Psychology, source=external}]","[JournalArticle, Review]","2018-10-09","{name=Nature human behaviour, pages=867 - 880, volume=2}","53238424"
"17940607","{acl=null, dblp=null, arxiv=1208.6036, mag=2052871026, corpusid=17940607, pubmed=23377627, doi=10.1007/s11538-013-9816-7, pubmedcentral=null}","https://www.semanticscholar.org/paper/0488772670569a5d2ec88d513ad70ee6ed7e9648","A Class of Pairwise Models for Epidemic Dynamics on Weighted Networks","[{authorid=6886565, name=P. Rattana}, {authorid=2855581, name=K. Blyuss}, {authorid=3304041, name=K. Eames}, {authorid=31418513, name=I. Kiss}]","Bulletin of Mathematical Biology","8a47ce78-e793-4315-8bf8-b09466ebf633","2012","75","34","1","true","[{category=Environmental Science, source=s2-fos-model}, {category=Mathematics, source=s2-fos-model}, {category=Medicine, source=s2-fos-model}, {category=Mathematics, source=external}, {category=Physics, source=external}, {category=Biology, source=external}, {category=Medicine, source=external}]","[JournalArticle]","2012-08-29","{name=Bulletin of Mathematical Biology, pages=466 - 490, volume=75}","17940607"
"9397021","{acl=null, dblp=null, arxiv=null, mag=2074721780, corpusid=9397021, pubmed=24367561, doi=10.1371/journal.pone.0082846, pubmedcentral=3867395}","https://www.semanticscholar.org/paper/88f0f85978f2b62cb24ef87ead277d9171de44aa","Slug Is a Predictor of Poor Prognosis in Esophageal Squamous Cell Carcinoma Patients","[{authorid=4982151, name=Md. Raghibul Hasan}, {authorid=2110781036, name=Rinu Sharma}, {authorid=33924109, name=A. Saraya}, {authorid=48436563, name=T. Chattopadhyay}, {authorid=122556848, name=S. Dattagupta}, {authorid=144462582, name=P. Walfish}, {authorid=33762619, name=S. Chauhan}, {authorid=5341028, name=R. Ralhan}]","PLoS ONE","0aed7a40-85f3-4c66-9e1b-c1556c57001b","2013","34","34","2","true","[{category=Medicine, source=s2-fos-model}, {category=Biology, source=external}, {category=Medicine, source=external}]","[JournalArticle]","2013-12-18","{name=PLoS ONE, pages=null, volume=8}","9397021"
"202025345","{acl=null, dblp=null, arxiv=null, mag=3042374389, corpusid=202025345, pubmed=32663838, doi=10.1038/s41586-020-2547-7, pubmedcentral=7484160}","https://www.semanticscholar.org/paper/621d723fcd8be5a8790c74e67a3cb3914115238c","Telomere-to-telomere assembly of a complete human X chromosome","[{authorid=2657340, name=Karen H. Miga}, {authorid=1695694, name=S. Koren}, {authorid=50419299, name=A. Rhie}, {authorid=52188447, name=Mitchell R. Vollger}, {authorid=1409937406, name=Ariel Gershman}, {authorid=6242126, name=A. Bzikadze}, {authorid=39239490, name=Shelise Y. Brooks}, {authorid=2065611034, name=Edmund Howe}, {authorid=6092864, name=David Porubsky}, {authorid=34422336, name=Glennis A. Logsdon}, {authorid=144863127, name=Valerie A. Schneider}, {authorid=31610098, name=T. Potapova}, {authorid=2087821174, name=J. Wood}, {authorid=40432554, name=W. Chow}, {authorid=37929439, name=J. Armstrong}, {authorid=5235121, name=Jeanne Fredrickson}, {authorid=145099174, name=E. Pak}, {authorid=7827788, name=Kristof Tigyi}, {authorid=5915961, name=Milinn Kremitzki}, {authorid=31483005, name=C. Markovic}, {authorid=4227157, name=V. Maduro}, {authorid=145333693, name=A. Dutra}, {authorid=40495477, name=G. Bouffard}, {authorid=2067687001, name=Alexander M. Chang}, {authorid=34992034, name=Nancy F. Hansen}, {authorid=1401199158, name=F. Thibaud-Nissen}, {authorid=4630745, name=A. Schmitt}, {authorid=4017819, name=Jon-Matthew Belton}, {authorid=1864933, name=Siddarth Selvaraj}, {authorid=31968128, name=M. Dennis}, {authorid=38749619, name=D. Soto}, {authorid=2026220, name=Ruta Sahasrabudhe}, {authorid=2489317, name=G. Kaya}, {authorid=114756777, name=J. Quick}, {authorid=2950704, name=N. Loman}, {authorid=151149230, name=N. Holmes}, {authorid=47688065, name=M. Loose}, {authorid=5424170, name=U. Surti}, {authorid=3880385, name=R. Risques}, {authorid=1600744418, name=Tina A. Graves Lindsay}, {authorid=144374511, name=R. Fulton}, {authorid=143764631, name=Ira M. Hall}, {authorid=2053144, name=B. Paten}, {authorid=2228168, name=K. Howe}, {authorid=2858002, name=W. Timp}, {authorid=47973477, name=Alice C. Young}, {authorid=143999313, name=J. Mullikin}, {authorid=1779993, name=P. Pevzner}, {authorid=4729168, name=J. Gerton}, {authorid=5383555, name=B. Sullivan}, {authorid=145440427, name=E. Eichler}, {authorid=2468566, name=A. Phillippy}]","bioRxiv","027ffd21-ebb0-4af8-baf5-911124292fd0","2019","96","496","10","true","[{category=Biology, source=s2-fos-model}, {category=Biology, source=external}, {category=Medicine, source=external}]","[JournalArticle]","2019-08-16","{name=Nature, pages=79 - 84, volume=585}","202025345"
"29500628","{acl=null, dblp=null, arxiv=null, mag=2747452560, corpusid=29500628, pubmed=28874969, doi=10.4184/asj.2017.11.4.520, pubmedcentral=5573845}","https://www.semanticscholar.org/paper/ac5b383bf8d351b387e8d0aa04f132281a4438dd","Cross-Cultural Adaptation, Validity, and Reliability of the Persian Version of the Orebro Musculoskeletal Pain Screening Questionnaire","[{authorid=35352543, name=A. Shafeei}, {authorid=8091851, name=H. Mokhtarinia}, {authorid=1422189246, name=Azam Maleki-Ghahfarokhi}, {authorid=16006576, name=L. Piri}]","Asian Spine Journal","df6f7290-1c6f-4097-8b1c-3630ef93279b","2017","30","18","1","true","[{category=Medicine, source=s2-fos-model}, {category=Medicine, source=external}]","[JournalArticle, Review]","2017-08-01","{name=Asian Spine Journal, pages=520 - 530, volume=11}","29500628"
"261242109","{acl=null, dblp=null, arxiv=null, mag=2888227960, corpusid=261242109, pubmed=30127015, doi=10.1073/pnas.1810053115, pubmedcentral=6130405}","https://www.semanticscholar.org/paper/af8c9c26e67a232edcf1ead603a9c7176100a094","Evolutionary history of human Plasmodium vivax revealed by genome-wide analyses of related ape parasites","[{authorid=37916185, name=Dorothy E. Loy}, {authorid=3866007, name=Lindsey J. Plenderleith}, {authorid=35184405, name=Sesh A. Sundararaman}, {authorid=2109584112, name=Weimin Liu}, {authorid=48438172, name=J. Gruszczyk}, {authorid=2257831873, name=Yi-Jun Chen}, {authorid=145756987, name=S. Trimboli}, {authorid=2068869, name=G. Learn}, {authorid=2257509226, name=Oscar A. MacLean}, {authorid=2257474329, name=Alex L. K. Morgan}, {authorid=2247684467, name=Yingying Li}, {authorid=46711739, name=Alexa N. Avitto}, {authorid=2257504417, name=Jasmin Giles}, {authorid=1390066622, name=S. Calvignac‐Spencer}, {authorid=2257502613, name=Andreas Sachse}, {authorid=5737493, name=F. Leendertz}, {authorid=3861250, name=Sheri Speede}, {authorid=1978262, name=A. Ayouba}, {authorid=2247864176, name=Martine Peeters}, {authorid=2791616, name=J. Rayner}, {authorid=9669999, name=W. Tham}, {authorid=2242423010, name=P. M. Sharp}, {authorid=2257504488, name=Beatrice H. Hahn}]","Proceedings of the National Academy of Sciences of the United States of America","bb95bf2e-8383-4748-bf9d-d6906d091085","2018","62","8","0","true","[{category=Biology, source=s2-fos-model}, {category=Medicine, source=external}, {category=Biology, source=external}]","[JournalArticle]","2018-08-20","{name=Proceedings of the National Academy of Sciences of the United States of America, pages=E8450 - E8459, volume=115}","261242109"
"139104773","{acl=null, dblp=null, arxiv=null, mag=2943104101, corpusid=139104773, pubmed=31037429, doi=10.1007/s11095-019-2628-1, pubmedcentral=6488552}","https://www.semanticscholar.org/paper/e96cfbf763aa7156fecbad457ee43b53321ed30a","Pharmacokinetic and Pharmacodynamic Properties of a Micro-Dose Nasal Spray Formulation of Desmopressin (AV002) in Healthy Water-Loaded Subjects","[{authorid=143713073, name=K. Andersson}, {authorid=5615187, name=J. Longstreth}, {authorid=3606370, name=B. Brucker}, {authorid=8012560, name=L. Campeau}, {authorid=50884743, name=Linda Cheng}, {authorid=49468185, name=L. Francis}, {authorid=40355232, name=S. Fein}]","Pharmaceutical Research","9adb8537-f32e-4bab-a10c-e7c9d59e04ac","2019","31","5","0","true","[{category=Medicine, source=s2-fos-model}, {category=Medicine, source=external}]","[JournalArticle, ClinicalTrial]","2019-04-29","{name=Pharmaceutical Research, pages=null, volume=36}","139104773"
"4656935","{acl=null, dblp=null, arxiv=null, mag=2885038654, corpusid=4656935, pubmed=29605986, doi=10.5056/jnm17063, pubmedcentral=5885731}","https://www.semanticscholar.org/paper/b20b5c0fbabff0d7dcd1551bef1cef644b1024ec","Increased Tone of the Human Colon Muscle by Bisacodyl In Vitro","[{authorid=35232812, name=Y. Min}, {authorid=40467512, name=E.‐J. Ko}, {authorid=2116936197, name=J. Kim}, {authorid=2108574094, name=Ji Yeon Lee}, {authorid=48206474, name=H. Kim}, {authorid=143691777, name=W. Lee}, {authorid=32026642, name=P. Rhee}]","Journal of Neurogastroenterology and Motility","22b3c688-4de9-4d7d-b76d-b754793057a8","2018","25","5","0","true","[{category=Medicine, source=s2-fos-model}, {category=Medicine, source=external}]","[JournalArticle]","2018-04-01","{name=Journal of Neurogastroenterology and Motility, pages=317 - 323, volume=24}","4656935"
"18175778","{acl=null, dblp=null, arxiv=null, mag=2287821501, corpusid=18175778, pubmed=26822752, doi=10.1002/phar.1714, pubmedcentral=5071694}","https://www.semanticscholar.org/paper/43301f785d2935624a790573895d4120a90d6246","PD‐1 Pathway Inhibitors: Immuno‐Oncology Agents for Restoring Antitumor Immune Responses","[{authorid=50599432, name=P. Medina}, {authorid=7804623, name=V. Adams}]","Pharmacotherapy","f93802b0-fc56-4fcc-ae4e-532be4320765","2016","65","76","2","true","[{category=Medicine, source=s2-fos-model}, {category=Medicine, source=external}]","[Review, JournalArticle]","2016-03-01","{name=Pharmacotherapy, pages=317 - 334, volume=36}","18175778"
"13032504","{acl=null, dblp=journals/nar/GohlkePP14, arxiv=null, mag=2101841757, corpusid=13032504, pubmed=24271391, doi=10.1093/nar/gkt1176, pubmedcentral=3964982}","https://www.semanticscholar.org/paper/a76a43050e23969205290faf89c8a7c00c15c9bc","SuperPain—a resource on pain-relieving compounds targeting ion channels","[{authorid=1960052, name=Björn-Oliver Gohlke}, {authorid=2785761, name=R. Preissner}, {authorid=3334292, name=S. Preissner}]","Nucleic Acids Res.",,"2013","39","7","2","true","[{category=Chemistry, source=s2-fos-model}, {category=Medicine, source=s2-fos-model}, {category=Medicine, source=external}, {category=Biology, source=external}, {category=Computer Science, source=external}]","[JournalArticle]","2013-11-22","{name=Nucleic Acids Research, pages=D1107 - D1112, volume=42}","13032504"
"18660572","{acl=null, dblp=null, arxiv=null, mag=2144398236, corpusid=18660572, pubmed=21980324, doi=10.7150/JCA.2.490, pubmedcentral=3187934}","https://www.semanticscholar.org/paper/3a201ca24c339e0898185b16d93b0b502f4a7f51","miRNA Alterations Modify Kinase Activation In The IGF-1 Pathway And Correlate With Colorectal Cancer Stage And Progression In Patients","[{authorid=46560474, name=David L Knowlton}, {authorid=2143159431, name=K. Tang}, {authorid=1923100, name=Peter V. Henstock}, {authorid=34845507, name=R. Subramanian}]","Journal of Cancer","3120f100-cfa2-4130-bd3d-fc7b1a04ca48","2011","52","7","0","true","[{category=Biology, source=s2-fos-model}, {category=Medicine, source=s2-fos-model}, {category=Biology, source=external}, {category=Medicine, source=external}]","[JournalArticle]","2011-10-01","{name=Journal of Cancer, pages=490 - 502, volume=2}","18660572"
"8085288","{acl=null, dblp=null, arxiv=null, mag=2123526547, corpusid=8085288, pubmed=23952085, doi=10.1080/10408398.2012.749209, pubmedcentral=null}","https://www.semanticscholar.org/paper/035ce9d8c9604bf1d9e8e69a8b00b5fb7d92f888","EURRECA—Evidence-Based Methodology for Deriving Micronutrient Recommendations","[{authorid=1400581597, name=R. Dhonukshe-Rutten}, {authorid=47611747, name=J. Bouwman}, {authorid=144823323, name=K. Brown}, {authorid=3820185, name=A. Cavelaars}, {authorid=5649467, name=R. Collings}, {authorid=4369603, name=Evangelia Grammatikaki}, {authorid=1586657494, name=Lisette Cpgm de Groot}, {authorid=5339997, name=M. Gurinović}, {authorid=3708507, name=L. Harvey}, {authorid=107689104, name=M. Hermoso}, {authorid=39472298, name=R. Hurst}, {authorid=3758116, name=B. Kremer}, {authorid=4568719, name=J. Ngo}, {authorid=10355326, name=R. Novaković}, {authorid=4040191, name=M. Raats}, {authorid=40503987, name=F. Rollin}, {authorid=66156251, name=L. Serra-Majem}, {authorid=3833152, name=O. Souverein}, {authorid=8524970, name=L. Timotijevic}, {authorid=2981207, name=P. Veer}]","Critical reviews in food science and nutrition","0c3db21b-1283-4e3b-9da3-3b0566d40fb1","2013","132","42","2","true","[{category=Environmental Science, source=s2-fos-model}, {category=Medicine, source=s2-fos-model}, {category=Medicine, source=external}, {category=Biology, source=external}]","[Review, JournalArticle]","2013-01-01","{name=Critical Reviews in Food Science and Nutrition, pages=1040 - 999, volume=53}","8085288"
"39372013","{acl=null, dblp=null, arxiv=null, mag=2526648797, corpusid=39372013, pubmed=27686489, doi=10.3174/ajnr.A4939, pubmedcentral=null}","https://www.semanticscholar.org/paper/a3ae8b7e6c767ece449ef0296a0a9118fc259216","Comparison of Quantitative Cerebral Blood Flow Measurements Performed by Bookend Dynamic Susceptibility Contrast and Arterial Spin-Labeling MRI in Relapsing-Remitting Multiple Sclerosis","[{authorid=2242246564, name=R. M. D'Ortenzio}, {authorid=2342566, name=Seyed-Parsa Hojjat}, {authorid=144309232, name=R. Vitorino}, {authorid=143897352, name=C.G. Cantrell}, {authorid=2243626761, name=Liesly Lee}, {authorid=2237681042, name=Anthony Feinstein}, {authorid=2238987836, name=Paul O'Connor}, {authorid=2242010772, name=Timothy J. Carroll}, {authorid=2242012325, name=R. I. Aviv}]","American Journal of Neuroradiology","f1ea2acf-ea92-4727-abc2-b707defad005","2016","46","5","0","true","[{category=Medicine, source=s2-fos-model}, {category=Medicine, source=external}]","[JournalArticle, ClinicalTrial]","2016-12-01","{name=American Journal of Neuroradiology, pages=2265 - 2272, volume=37}","39372013"
"3053649","{acl=null, dblp=null, arxiv=null, mag=942264992, corpusid=3053649, pubmed=26214177, doi=10.1371/journal.pone.0134167, pubmedcentral=4516326}","https://www.semanticscholar.org/paper/24fea349755bd1e090aa4ec64f8cb3760e8e2f82","Tracking the History and Ecological Changes of Rising Double-Crested Cormorant Populations Using Pond Sediments from Islands in Eastern Lake Ontario","[{authorid=21509547, name=E. Stewart}, {authorid=4612323, name=N. Michelutti}, {authorid=1402557847, name=Sarah Shenstone-Harris}, {authorid=3661986, name=C. Grooms}, {authorid=2081506689, name=Chip D. V. Weseloh}, {authorid=5968744, name=L. Kimpe}, {authorid=2835323, name=J. Blais}, {authorid=4711666, name=J. Smol}]","PLoS ONE","0aed7a40-85f3-4c66-9e1b-c1556c57001b","2015","53","16","0","true","[{category=Environmental Science, source=s2-fos-model}, {category=Geography, source=external}, {category=Medicine, source=external}]","[JournalArticle]","2015-07-27","{name=PLoS ONE, pages=null, volume=10}","3053649"
"6687869","{acl=null, dblp=null, arxiv=null, mag=2063579880, corpusid=6687869, pubmed=22438846, doi=10.3389/fpsyg.2012.00057, pubmedcentral=3305888}","https://www.semanticscholar.org/paper/62ee52c420ef782b1d62a05c508230be6d41b7b1","Inhibitory Control and L2 Proficiency Modulate Bilingual Language Production: Evidence from Spontaneous Monologue and Dialogue Speech","[{authorid=47183675, name=I. Pivneva}, {authorid=144800851, name=C. Palmer}, {authorid=3343162, name=D. Titone}]","Front. Psychology",,"2012","97","59","1","true","[{category=Linguistics, source=s2-fos-model}, {category=Medicine, source=external}, {category=Psychology, source=external}]","[JournalArticle]","2012-03-16","{name=Frontiers in Psychology, pages=null, volume=3}","6687869"
"1420098","{acl=null, dblp=null, arxiv=null, mag=2029093659, corpusid=1420098, pubmed=23323119, doi=10.4070/kcj.2012.42.12.816, pubmedcentral=3539047}","https://www.semanticscholar.org/paper/d2fdf64811c14b44b94a3ed4bcd5b483310d50fe","Reversibility of Atrioventricular Block According to Coronary Artery Disease: Results of a Retrospective Study","[{authorid=40057381, name=In-Chang Hwang}, {authorid=114814306, name=W. Seo}, {authorid=145520025, name=I. Oh}, {authorid=33480131, name=E. Choi}, {authorid=2168636, name=Seil Oh}]","Korean Circulation Journal","06f9f224-e5e4-4f7e-81e0-dd9a5edfdf5d","2012","18","13","0","true","[{category=Medicine, source=s2-fos-model}, {category=Medicine, source=external}]","[JournalArticle]","2012-12-01","{name=Korean Circulation Journal, pages=816 - 822, volume=42}","1420098"
"8042605","{acl=null, dblp=null, arxiv=null, mag=2267691310, corpusid=8042605, pubmed=26977146, doi=10.1155/2016/4350712, pubmedcentral=4764723}","https://www.semanticscholar.org/paper/e4125f13597feecab62f148420994de7b25c1d7b","The Impacts of SLC22A1 rs594709 and SLC47A1 rs2289669 Polymorphisms on Metformin Therapeutic Efficacy in Chinese Type 2 Diabetes Patients","[{authorid=2055391572, name=Di Xiao}, {authorid=2143379407, name=Yu Guo}, {authorid=2116226641, name=Xi Li}, {authorid=4847209, name=J. Yin}, {authorid=2152974122, name=W. Zheng}, {authorid=47721217, name=Xin-Wen Qiu}, {authorid=46926616, name=Ling Xiao}, {authorid=15736952, name=Rang-Ru Liu}, {authorid=1390902076, name=Sai Wang}, {authorid=36281244, name=Wei-jing Gong}, {authorid=145468739, name=Honghao Zhou}, {authorid=119568793, name=Zhaoqian Liu}]","International Journal of Endocrinology","0822950e-275a-4312-9114-b1a6a5898af5","2016","42","43","0","true","[{category=Medicine, source=s2-fos-model}, {category=Medicine, source=external}]","[JournalArticle]","2016-02-10","{name=International Journal of Endocrinology, pages=null, volume=2016}","8042605"
"5811194","{acl=null, dblp=null, arxiv=null, mag=2073965098, corpusid=5811194, pubmed=22190003, doi=10.1038/cddis.2011.130, pubmedcentral=3252742}","https://www.semanticscholar.org/paper/b392ad367c5e60e079b483451c3db5bee2f3ca02","Cardiomyocyte death: mechanisms and translational implications","[{authorid=2247405362, name=Mario Chiong}, {authorid=2270909615, name=Zhao V. Wang}, {authorid=3748885, name=Z. Pedrozo}, {authorid=2270214635, name=Dian J. Cao}, {authorid=2737149, name=Rodrigo Troncoso}, {authorid=2270733336, name=Mauricio Ibacache}, {authorid=2270733336, name=Mauricio Ibacache}, {authorid=2270744528, name=Alfredo Criollo}, {authorid=47136589, name=A. Nemchenko}, {authorid=null, name=Joseph A. Hill}, {authorid=2251744554, name=Sergio Lavandero}, {authorid=2251744554, name=Sergio Lavandero}]","Cell Death and Disease","8728aab4-1d0d-492a-9cea-b2fb429a4d58","2011","88","409","10","true","[{category=Medicine, source=s2-fos-model}, {category=Biology, source=s2-fos-model}, {category=Biology, source=external}, {category=Medicine, source=external}]","[Review, JournalArticle]","2011-12-01","{name=Cell Death & Disease, pages=null, volume=2}","5811194"
"3151993","{acl=null, dblp=null, arxiv=null, mag=2017310281, corpusid=3151993, pubmed=23372799, doi=10.1371/journal.pone.0054945, pubmedcentral=3553069}","https://www.semanticscholar.org/paper/0d89582bacaade7f232de79c5749c8e26240e1de","Statistical Assessment of Crosstalk Enrichment between Gene Groups in Biological Networks","[{authorid=2099649073, name=Theodore McCormack}, {authorid=1822384, name=Oliver Frings}, {authorid=3080957, name=A. Alexeyenko}, {authorid=3148925, name=E. Sonnhammer}]","PLoS ONE","0aed7a40-85f3-4c66-9e1b-c1556c57001b","2013","36","37","6","true","[{category=Biology, source=s2-fos-model}, {category=Computer Science, source=s2-fos-model}, {category=Biology, source=external}, {category=Medicine, source=external}]","[JournalArticle]","2013-01-23","{name=PLoS ONE, pages=null, volume=8}","3151993"
"15885639","{acl=null, dblp=null, arxiv=null, mag=2097912297, corpusid=15885639, pubmed=22148083, doi=10.4097/kjae.2011.61.5.367, pubmedcentral=3229013}","https://www.semanticscholar.org/paper/52603e7359edd9eece9178a783a1a615d1c9ce59","Effect of pretreatment with gabapentin on withdrawal movement associated with intravenous rocuronium injection","[{authorid=2118099081, name=J. Yoon}, {authorid=120688502, name=Hee-Jung Jeon}, {authorid=4875806, name=S. Cho}, {authorid=2155773589, name=Jae Do Lee}, {authorid=2114069464, name=Kyung Oh Kang}, {authorid=2113585899, name=S. Ryu}, {authorid=77086657, name=H. Ko}]","Korean Journal of Anesthesiology","f48e847b-7ab4-450e-b70e-f32aae17c58d","2011","31","11","2","true","[{category=Medicine, source=s2-fos-model}, {category=Medicine, source=external}]","[JournalArticle]","2011-11-01","{name=Korean Journal of Anesthesiology, pages=367 - 371, volume=61}","15885639"
"7513720","{acl=null, dblp=null, arxiv=null, mag=2015081712, corpusid=7513720, pubmed=22919580, doi=10.3389/fcimb.2011.00014, pubmedcentral=3417372}","https://www.semanticscholar.org/paper/495422a46e0aa00e0cd751f74015c7444a4bd65f","3-Hydroxyphenylacetic Acid Induces the Burkholderia cenocepacia Phenylacetic Acid Degradation Pathway – Toward Understanding the Contribution of Aromatic Catabolism to Pathogenesis","[{authorid=5313465, name=Ijeme A. Imolorhe}, {authorid=2558885, name=Silvia T. Cardona}]","Front. Cell. Inf. Microbio.",,"2011","22","7","0","true","[{category=Biology, source=s2-fos-model}, {category=Environmental Science, source=s2-fos-model}, {category=Medicine, source=s2-fos-model}, {category=Biology, source=external}, {category=Medicine, source=external}]","[JournalArticle]","2011-12-14","{name=Frontiers in Cellular and Infection Microbiology, pages=null, volume=1}","7513720"
"18284621","{acl=null, dblp=null, arxiv=null, mag=2551226428, corpusid=18284621, pubmed=27956762, doi=10.1155/2016/8491956, pubmedcentral=5121468}","https://www.semanticscholar.org/paper/528cecdfd9357b81f65e5742826bceef50b6f671","Tolerance in Kidney Transplantation: What Is on the B Side?","[{authorid=1404100977, name=Laura Carreras-Planella}, {authorid=7997339, name=F. Borràs}, {authorid=145260369, name=M. Franquesa}]","Mediators of Inflammation","72c10e3e-c56a-4b0d-809f-0a335173d161","2016","86","8","0","true","[{category=Medicine, source=s2-fos-model}, {category=Medicine, source=external}]","[Review, JournalArticle]","2016-11-10","{name=Mediators of Inflammation, pages=null, volume=2016}","18284621"
"5078022","{acl=null, dblp=journals/mia/RazaCSGEPKR19, arxiv=1804.08145, mag=2798643036, corpusid=5078022, pubmed=30580111, doi=10.1016/j.media.2018.12.003, pubmedcentral=null}","https://www.semanticscholar.org/paper/5e1335f1cf45fb4c29a0697f65c1e5c8e26d7dd4","Micro‐Net: A unified model for segmentation of various objects in microscopy images","[{authorid=31752042, name=S. Raza}, {authorid=2057356097, name=Linda Cheung}, {authorid=46894050, name=M. Shaban}, {authorid=1393638783, name=S. Graham}, {authorid=145738623, name=David B. A. Epstein}, {authorid=2193283, name=S. Pelengaris}, {authorid=2110749259, name=Michael Khan}, {authorid=2229652, name=N. Rajpoot}]","Medical Image Anal.",,"2018","41","167","11","true","[{category=Biology, source=s2-fos-model}, {category=Computer Science, source=s2-fos-model}, {category=Computer Science, source=external}, {category=Medicine, source=external}]","[JournalArticle]","2018-04-22","{name=Medical Image Analysis, pages=160–173, volume=52}","5078022"
"204512312","{acl=null, dblp=journals/rsa/FountoulakisKM20, arxiv=null, mag=3097922641, corpusid=204512312, pubmed=null, doi=10.1002/rsa.20970, pubmedcentral=null}","https://www.semanticscholar.org/paper/0133d4963693871052dd85f3d65a5c0701443327","Resolution of a conjecture on majority dynamics: Rapid stabilization in dense random graphs","[{authorid=2710601, name=N. Fountoulakis}, {authorid=1694886, name=Mihyun Kang}, {authorid=103031978, name=Tamás Makai}]","Random Struct. Algorithms",,"2020","15","17","4","true","[{category=Mathematics, source=s2-fos-model}, {category=Computer Science, source=external}, {category=Mathematics, source=external}]","[JournalArticle]","2020-10-13","{name=Random Structures & Algorithms, pages=1134 - 1156, volume=57}","204512312"
"211260338","{acl=null, dblp=null, arxiv=null, mag=3007985981, corpusid=211260338, pubmed=32158769, doi=10.3389/fcvm.2020.00024, pubmedcentral=7052113}","https://www.semanticscholar.org/paper/2f3ca3cf56e8dd3c9f0fc2297e9da9660fdac758","Role of Transient Receptor Potential Canonical Channels in Heart Physiology and Pathophysiology","[{authorid=34942195, name=Hairuo Wen}, {authorid=5566261, name=J. Gwathmey}, {authorid=152324011, name=Lai-Hua Xie}]","Frontiers in Cardiovascular Medicine","3bc0e661-dc2a-454a-9ff5-6515430ce9ff","2020","69","12","0","true","[{category=Medicine, source=s2-fos-model}, {category=Medicine, source=external}]","[Review, JournalArticle]","2020-02-25","{name=Frontiers in Cardiovascular Medicine, pages=null, volume=7}","211260338"
"263925582","{acl=null, dblp=null, arxiv=null, mag=3017146131, corpusid=263925582, pubmed=32582464, doi=10.1021/acscatal.0c00690, pubmedcentral=7304878}","https://www.semanticscholar.org/paper/5e0d71c1fde04b05d19afec1cd1b5ee20a7a87ed","Photocatalytic Deoxygenation of Sulfoxides Using Visible Light: Mechanistic Investigations and Synthetic Applications","[]","ACS Catalysis","cf1ee3fb-2199-4159-85c5-2fb7dbf149ab","2020","0","24","0","true","[{category=Chemistry, source=s2-fos-model}, {category=Chemistry, source=external}, {category=Medicine, source=external}]","[JournalArticle]","2020-04-17","{name=ACS Catalysis, pages=5814 - 5820, volume=10}","263925582"
"40235168","{acl=null, dblp=null, arxiv=null, mag=2514813194, corpusid=40235168, pubmed=27501085, doi=10.1080/14740338.2016.1221921, pubmedcentral=null}","https://www.semanticscholar.org/paper/7fc3b21ec71115ce44928ef324377fd829108854","Systematic review of paediatric studies of adverse drug reactions from pharmacovigilance databases","[{authorid=1402422794, name=K. O. Cliff-Eribo}, {authorid=4705952, name=H. Sammons}, {authorid=5045507, name=I. Choonara}]","Expert Opinion on Drug Safety","59d8bec3-cfbc-495f-b697-087a09b9f730","2016","36","38","2","true","[{category=Medicine, source=s2-fos-model}, {category=Medicine, source=external}]","[Review, JournalArticle]","2016-08-22","{name=Expert Opinion on Drug Safety, pages=1321 - 1328, volume=15}","40235168"
"7154","{acl=null, dblp=null, arxiv=null, mag=2239315422, corpusid=7154, pubmed=26492191, doi=10.1371/journal.pone.0140823, pubmedcentral=4619651}","https://www.semanticscholar.org/paper/f4155d01195e94f784a0e6e22119f67f8213a024","Multiplex Brain Proteomic Analysis Revealed the Molecular Therapeutic Effects of Buyang Huanwu Decoction on Cerebral Ischemic Stroke Mice","[{authorid=3769307, name=Hong-Jhang Chen}, {authorid=82670917, name=Yuh-Chiang Shen}, {authorid=144663311, name=Y. Shiao}, {authorid=145700208, name=Kuo‐Tong Liou}, {authorid=3281946, name=Wei-Hsiang Hsu}, {authorid=49180647, name=Pei-Hsuan Hsieh}, {authorid=47499664, name=Chi-Ying Lee}, {authorid=2717140, name=Yet-Ran Chen}, {authorid=2108866127, name=Yun-Lian Lin}]","PLoS ONE","0aed7a40-85f3-4c66-9e1b-c1556c57001b","2015","73","37","1","true","[{category=Medicine, source=s2-fos-model}, {category=Medicine, source=external}]","[JournalArticle]","2015-10-22","{name=PLoS ONE, pages=null, volume=10}","7154"
"2359151","{acl=null, dblp=null, arxiv=null, mag=1970115112, corpusid=2359151, pubmed=25354261, doi=10.1371/journal.pone.0109027, pubmedcentral=4212912}","https://www.semanticscholar.org/paper/496cd6d1b7e1f66277bafc037bd8f7ff9e343021","The Burden of Image Based Emphysema and Bronchiolitis in HIV-Infected Individuals on Antiretroviral Therapy","[{authorid=144465018, name=G. Guaraldi}, {authorid=4638162, name=G. Besutti}, {authorid=6177631, name=R. Scaglioni}, {authorid=38048259, name=A. Santoro}, {authorid=5865406, name=S. Zona}, {authorid=117510263, name=Ligabue Guido}, {authorid=3593601, name=A. Marchioni}, {authorid=35341981, name=G. Orlando}, {authorid=74340679, name=F. Carli}, {authorid=3532514, name=B. Beghé}, {authorid=48826438, name=L. Fabbri}, {authorid=41135351, name=J. Leipsic}, {authorid=2239752871, name=Don D. Sin}, {authorid=2239752871, name=Don D. Sin}, {authorid=2242703693, name=S. F. P. Man}, {authorid=2242703693, name=S. F. P. Man}]","PLoS ONE","0aed7a40-85f3-4c66-9e1b-c1556c57001b","2014","31","32","2","true","[{category=Environmental Science, source=s2-fos-model}, {category=Medicine, source=s2-fos-model}, {category=Medicine, source=external}]","[Study, JournalArticle]","2014-10-29","{name=PLoS ONE, pages=null, volume=9}","2359151"
"225082617","{acl=null, dblp=null, arxiv=null, mag=3094458820, corpusid=225082617, pubmed=33107349, doi=10.1080/07853890.2020.1841281, pubmedcentral=8592607}","https://www.semanticscholar.org/paper/d5421d1e4c37bdd0d0a885a0133c856a1fd67e74","The expanding role of SGLT2 inhibitors beyond glucose-lowering to cardiorenal protection","[{authorid=143843911, name=E. Brown}, {authorid=94544697, name=J. Wilding}, {authorid=4232720, name=U. Alam}, {authorid=30653409, name=T. Barber}, {authorid=4911006, name=J. Karalliedde}, {authorid=35582254, name=D. Cuthbertson}]","Annals medicus","74354a44-4ffc-4c14-b0f4-f5dde6c5b730","2020","103","22","1","true","[{category=Medicine, source=s2-fos-model}, {category=Medicine, source=external}]","[JournalArticle, Review]","2020-10-27","{name=Annals of Medicine, pages=2072 - 2089, volume=53}","225082617"
"23810352","{acl=null, dblp=null, arxiv=null, mag=2775021684, corpusid=23810352, pubmed=29228036, doi=10.1371/journal.pone.0188939, pubmedcentral=5724901}","https://www.semanticscholar.org/paper/e176440e6552bc410b113e2483795646f62cdeb4","Supervised retinal vessel segmentation from color fundus images based on matched filtering and AdaBoost classifier","[{authorid=49894653, name=Nogol Memari}, {authorid=2265964528, name=Abd Rahman Ramli}, {authorid=2265963574, name=M. I. Bin Saripan}, {authorid=1788386, name=S. Mashohor}, {authorid=2577345, name=M. Moghbel}]","PLoS ONE","0aed7a40-85f3-4c66-9e1b-c1556c57001b","2017","93","46","1","true","[{category=Computer Science, source=s2-fos-model}, {category=Medicine, source=s2-fos-model}, {category=Computer Science, source=external}, {category=Medicine, source=external}]","[JournalArticle]","2017-12-11","{name=PLoS ONE, pages=null, volume=12}","23810352"
"15620231","{acl=null, dblp=null, arxiv=null, mag=2396347901, corpusid=15620231, pubmed=27214574, doi=10.4132/jptm.2016.04.27, pubmedcentral=5122725}","https://www.semanticscholar.org/paper/e130aa867fb786c7195339abfbe06dcaf940c622","A Case of Giant Colonic Muco-submucosal Elongated Polyps Associated with Intussusception","[{authorid=2110130011, name=Joo Heon Kim}, {authorid=2108209701, name=Seung Yun Lee}, {authorid=3986242, name=J. Jang}, {authorid=4142514, name=H. Han}, {authorid=48493100, name=D. Kang}]","Journal of Pathology and Translational Medicine","0deecc76-fe1b-4dbf-99da-9d3a3abbacd8","2016","24","5","0","true","[{category=Medicine, source=s2-fos-model}, {category=Medicine, source=external}]","[JournalArticle, Review]","2016-05-23","{name=Journal of Pathology and Translational Medicine, pages=474 - 478, volume=50}","15620231"
"782930","{acl=null, dblp=null, arxiv=1205.4176, mag=2102277728, corpusid=782930, pubmed=23168354, doi=10.1088/0034-4885/75/12/126001, pubmedcentral=null}","https://www.semanticscholar.org/paper/ebc69073614f68836121d1504d0725f5469ece95","Stochastic thermodynamics, fluctuation theorems and molecular machines","[{authorid=7312218, name=U. Seifert}]","Reports on progress in physics. Physical Society",,"2012","667","2353","96","true","[{category=Physics, source=s2-fos-model}, {category=Physics, source=external}, {category=Medicine, source=external}, {category=Biology, source=external}]","[Review, JournalArticle]","2012-05-18","{name=Reports on Progress in Physics, pages=null, volume=75}","782930"
"18859314","{acl=null, dblp=null, arxiv=null, mag=2014277131, corpusid=18859314, pubmed=24244611, doi=10.1371/journal.pone.0080064, pubmedcentral=3828225}","https://www.semanticscholar.org/paper/e43fdd34889958fe3975c9890a60b5e2f755d70d","Delayed Onset Urticaria in Depressive Patients with Bupropion Prescription: A Nationwide Population-Based Study","[{authorid=6523837, name=Li-Yu Hu}, {authorid=7531291, name=Chia-Jen Liu}, {authorid=3523450, name=T. Lu}, {authorid=2481613, name=T. Hu}, {authorid=2200116, name=Chia‐Fen Tsai}, {authorid=115512280, name=Yu-Wen Hu}, {authorid=2157275, name=Cheng-Che Shen}, {authorid=2828277, name=Yu-Sheng Chang}, {authorid=34417335, name=Mu-Hong Chen}, {authorid=77576087, name=C. Teng}, {authorid=3733400, name=H. Chiang}, {authorid=6741548, name=C. Yeh}, {authorid=2297190, name=V. Su}, {authorid=2108527769, name=Wei-shu Wang}, {authorid=3690930, name=Pan-Ming Chen}, {authorid=23810854, name=Tzeng-Ji Chen}, {authorid=145521131, name=T. Su}]","PLoS ONE","0aed7a40-85f3-4c66-9e1b-c1556c57001b","2013","35","6","0","true","[{category=Medicine, source=s2-fos-model}, {category=Medicine, source=external}]","[JournalArticle]","2013-11-14","{name=PLoS ONE, pages=null, volume=8}","18859314"
"4275558","{acl=null, dblp=null, arxiv=null, mag=2792622829, corpusid=4275558, pubmed=29509797, doi=10.1371/journal.pone.0193820, pubmedcentral=5839586}","https://www.semanticscholar.org/paper/28eb5d9693a2ea8b109a1a7db1817b8b50a906cd","Genomic differences between nasal Staphylococcus aureus from hog slaughterhouse workers and their communities","[{authorid=4494344, name=Y. You}, {authorid=2150597964, name=Li Song}, {authorid=34744067, name=B. Nonyane}, {authorid=6743922, name=L. Price}, {authorid=4001988, name=E. Silbergeld}]","PLoS ONE","0aed7a40-85f3-4c66-9e1b-c1556c57001b","2018","69","10","0","true","[{category=Biology, source=s2-fos-model}, {category=Environmental Science, source=s2-fos-model}, {category=Medicine, source=s2-fos-model}, {category=Biology, source=external}, {category=Medicine, source=external}]","[JournalArticle]","2018-03-06","{name=PLoS ONE, pages=null, volume=13}","4275558"
"1343411","{acl=null, dblp=null, arxiv=null, mag=2005982656, corpusid=1343411, pubmed=25566173, doi=10.3389/fneur.2014.00267, pubmedcentral=4263101}","https://www.semanticscholar.org/paper/947190ddb1ebf577c83946a5c9bfd86602ae1d68","The Influence of Environmental Factors on Sleep Quality in Hospitalized Medical Patients","[{authorid=48559664, name=M. Bano}, {authorid=4456590, name=F. Chiaromanni}, {authorid=50196924, name=M. Corrias}, {authorid=6474356, name=Matteo Turco}, {authorid=8139732, name=M. De Rui}, {authorid=2427546, name=P. Amodio}, {authorid=145082333, name=C. Merkel}, {authorid=2805899, name=A. Gatta}, {authorid=4257076, name=G. Mazzotta}, {authorid=2069455551, name=R. Costa}, {authorid=2052746, name=S. Montagnese}]","Frontiers in Neurology","3513ce18-3757-4358-b15f-7060af98e6d0","2014","60","45","0","true","[{category=Environmental Science, source=s2-fos-model}, {category=Medicine, source=s2-fos-model}, {category=Medicine, source=external}]","[JournalArticle]","2014-12-11","{name=Frontiers in Neurology, pages=null, volume=5}","1343411"
"12648598","{acl=null, dblp=null, arxiv=null, mag=2078795671, corpusid=12648598, pubmed=25188373, doi=10.1371/journal.pone.0106723, pubmedcentral=4154732}","https://www.semanticscholar.org/paper/bd845e20d87da866ce35db9842954a1d6a04ce6c","Ethnic Differences in Prevalence of General Obesity and Abdominal Obesity among Low-Income Rural Kazakh and Uyghur Adults in Far Western China and Implications in Preventive Public Health","[{authorid=49264011, name=Jia He}, {authorid=2239810577, name=Shuxia Guo}, {authorid=2047250107, name=Jia-ming Liu}, {authorid=123083698, name=Mei Zhang}, {authorid=6739172, name=Yusong Ding}, {authorid=1655410625, name=Jingyu Zhang}, {authorid=2109067492, name=Shugang Li}, {authorid=8182468, name=Shang-zhi Xu}, {authorid=144700069, name=Q. Niu}, {authorid=40415794, name=Heng Guo}, {authorid=40198264, name=R. Ma}]","PLoS ONE","0aed7a40-85f3-4c66-9e1b-c1556c57001b","2014","49","34","1","true","[{category=Medicine, source=s2-fos-model}, {category=Sociology, source=s2-fos-model}, {category=Medicine, source=external}]","[JournalArticle, Review]","2014-09-04","{name=PLoS ONE, pages=null, volume=9}","12648598"
"17783531","{acl=null, dblp=null, arxiv=null, mag=2096823720, corpusid=17783531, pubmed=22287634, doi=10.1093/nar/gks043, pubmedcentral=3378883}","https://www.semanticscholar.org/paper/88ef41f01fa8512ca67fcdd66a373a1e76ae628a","Performance comparison and evaluation of software tools for microRNA deep-sequencing data analysis","[{authorid=2144464543, name=Yue Li}, {authorid=2142028727, name=Zhuo Zhang}, {authorid=2218961215, name=Feng Liu}, {authorid=2567865, name=Wanwipa Vongsangnak}, {authorid=144794873, name=Qing Jing}, {authorid=2179932, name=Bairong Shen}]","Nucleic Acids Research","da96c220-cd39-4894-bae6-d2d77c8e7aa9","2012","20","143","2","true","[{category=Biology, source=s2-fos-model}, {category=Computer Science, source=s2-fos-model}, {category=Biology, source=external}, {category=Medicine, source=external}]","[JournalArticle, Study]","2012-01-28","{name=Nucleic Acids Research, pages=4298 - 4305, volume=40}","17783531"
"8065866","{acl=null, dblp=null, arxiv=null, mag=2010483150, corpusid=8065866, pubmed=25200080, doi=10.1093/nar/gku752, pubmedcentral=4176160}","https://www.semanticscholar.org/paper/d71e2b683e199b99051d6e235c03c15d24916144","Characterization of three mycobacterial DinB (DNA polymerase IV) paralogs highlights DinB2 as naturally adept at ribonucleotide incorporation","[{authorid=15000231, name=H. Ordonez}, {authorid=15900387, name=M. Uson}, {authorid=143771006, name=S. Shuman}]","Nucleic Acids Research","da96c220-cd39-4894-bae6-d2d77c8e7aa9","2014","41","33","2","true","[{category=Biology, source=s2-fos-model}, {category=Chemistry, source=s2-fos-model}, {category=Medicine, source=external}, {category=Biology, source=external}]","[JournalArticle]","2014-09-08","{name=Nucleic Acids Research, pages=11056 - 11070, volume=42}","8065866"
"6035082","{acl=null, dblp=null, arxiv=null, mag=1992766945, corpusid=6035082, pubmed=21901415, doi=10.1007/s00787-011-0204-2, pubmedcentral=3180591}","https://www.semanticscholar.org/paper/d5c993aff4ef880b5602a383567c4472c9c7873b","Relationship between quality of life and psychopathological profile: data from an observational study in children with ADHD","[{authorid=51107162, name=A. Becker}, {authorid=2258285, name=V. Roessner}, {authorid=2069964123, name=D. Breuer}, {authorid=116512179, name=M. Döpfner}, {authorid=5464104, name=A. Rothenberger}]","European Child and Adolescent Psychiatry","7dbe09db-be44-4485-9711-8986e1c3bd6d","2011","26","37","5","true","[{category=Psychology, source=s2-fos-model}, {category=Medicine, source=s2-fos-model}, {category=Psychology, source=external}, {category=Medicine, source=external}]","[JournalArticle]","2011-09-08","{name=European Child & Adolescent Psychiatry, pages=267 - 275, volume=20}","6035082"
"141482165","{acl=null, dblp=journals/corr/abs-1905-00288, arxiv=1905.00288, mag=2943357471, corpusid=141482165, pubmed=null, doi=10.1109/TAFFC.2020.3015018, pubmedcentral=null}","https://www.semanticscholar.org/paper/8bb097a893ca75a032dbb3c823acad04c0634286","Beyond Mobile Apps: A Survey of Technologies for Mental Well-Being","[{authorid=51882091, name=Kieran Woodward}, {authorid=2034060, name=E. Kanjo}, {authorid=2115445057, name=D. Brown}, {authorid=67319717, name=T. McGinnity}, {authorid=46691130, name=B. Inkster}, {authorid=6740808, name=D. Macintyre}, {authorid=2151583, name=A. Tsanas}]","IEEE Transactions on Affective Computing","a88e2a6c-903f-42e1-8dfc-f2547e32020a","2019","227","44","5","true","[{category=Psychology, source=s2-fos-model}, {category=Medicine, source=s2-fos-model}, {category=Computer Science, source=s2-fos-model}, {category=Computer Science, source=external}]","[JournalArticle, Review]","2019-05-01","{name=IEEE Transactions on Affective Computing, pages=1216-1235, volume=13}","141482165"
"266027435","{acl=null, dblp=null, arxiv=null, mag=2759029100, corpusid=266027435, pubmed=28947468, doi=10.1136/bmjopen-2017-018360, pubmedcentral=5623491}","https://www.semanticscholar.org/paper/bee049e520a8bd55fda1573a9c0abac007c0f47a","Study protocol for a randomised controlled trial evaluating the effect of prenatal omega-3 LCPUFA supplementation to reduce the incidence of preterm birth: the ORIP trial","[{authorid=null, name=Shao J Zhou}, {authorid=13128358, name=K. Best}, {authorid=null, name=Robert Gibson}, {authorid=null, name=Andrew McPhee}, {authorid=3501717, name=L. Yelland}, {authorid=2244012815, name=Julie Quinlivan}, {authorid=6405021, name=M. Makrides}]","BMJ Open","e6216b43-2428-4aaf-8101-b40e1dfd2810","2017","0","1","0","true","[{category=Medicine, source=s2-fos-model}, {category=Medicine, source=external}]","[JournalArticle]","2017-09-01","{name=BMJ Open, pages=null, volume=7}","266027435"
"4777721","{acl=null, dblp=null, arxiv=null, mag=2413228810, corpusid=4777721, pubmed=27099310, doi=10.1128/JVI.00426-16, pubmedcentral=4907222}","https://www.semanticscholar.org/paper/5369246fa5c51e1b8587659274bd32426b490238","SUMO Ligase Protein Inhibitor of Activated STAT1 (PIAS1) Is a Constituent Promyelocytic Leukemia Nuclear Body Protein That Contributes to the Intrinsic Antiviral Immune Response to Herpes Simplex Virus 1","[{authorid=152787354, name=James R. Brown}, {authorid=4629992, name=Kristen L Conn}, {authorid=48581105, name=Peter Wasson}, {authorid=36290554, name=Matthew Charman}, {authorid=143754384, name=L. Tong}, {authorid=11684832, name=Kyle G. Grant}, {authorid=32580484, name=S. McFarlane}, {authorid=3917381, name=Chris Boutell}]","Journal of Virology","dd4e1ddc-2cf4-4384-9544-cc9a88639c1e","2016","56","41","4","true","[{category=Biology, source=s2-fos-model}, {category=Medicine, source=s2-fos-model}, {category=Medicine, source=external}, {category=Biology, source=external}]","[JournalArticle]","2016-04-20","{name=Journal of Virology, pages=5939 - 5952, volume=90}","4777721"
"15309923","{acl=null, dblp=null, arxiv=null, mag=1714565271, corpusid=15309923, pubmed=26175590, doi=10.3348/kjr.2015.16.4.889, pubmedcentral=4499555}","https://www.semanticscholar.org/paper/58d83c4ff12cd1e2e0918cff81829e02f47d7f48","MRI Inter-Reader and Intra-Reader Reliabilities for Assessing Injury Morphology and Posterior Ligamentous Complex Integrity of the Spine According to the Thoracolumbar Injury Classification System and Severity Score","[{authorid=5962256, name=G. Lee}, {authorid=1576789485, name=J. Lee}, {authorid=2118850262, name=Seung Woo Choi}, {authorid=81917636, name=Hyunjin Lim}, {authorid=4899296, name=H. Y. Sun}, {authorid=5206997, name=Yusuhn Kang}, {authorid=2790480, name=J. Chai}, {authorid=2109621231, name=Sujin Kim}, {authorid=1829754, name=H. Kang}]","Korean Journal of Radiology","8f35a116-5553-4e6a-8c69-58abf9971707","2015","50","14","1","true","[{category=Medicine, source=s2-fos-model}, {category=Medicine, source=external}]","[Study, JournalArticle, Review]","2015-07-01","{name=Korean Journal of Radiology, pages=889 - 898, volume=16}","15309923"
"3527699","{acl=null, dblp=null, arxiv=null, mag=2794042976, corpusid=3527699, pubmed=29414995, doi=10.1371/journal.pone.0191783, pubmedcentral=5802889}","https://www.semanticscholar.org/paper/98d77de72f972998cba87cfae39bd20e4d123405","The peroxisome proliferator-activated receptor agonist pioglitazone and 5-lipoxygenase inhibitor zileuton have no effect on lung inflammation in healthy volunteers by positron emission tomography in a single-blind placebo-controlled cohort study","[{authorid=2202497882, name=Delphine L. Chen}, {authorid=16812512, name=Howard J. Huang}, {authorid=32009254, name=D. Byers}, {authorid=6377723, name=Adrián Shifren}, {authorid=6398415, name=B. Belikoff}, {authorid=38838634, name=J. Engle}, {authorid=5943543, name=Elizabeth Arentson}, {authorid=46436157, name=Debra Kemp}, {authorid=2069356428, name=Sharon Phillips}, {authorid=1864492, name=D. Scherrer}, {authorid=2319253, name=H. Fujiwara}, {authorid=11967061, name=Katherine J. Spayd}, {authorid=37533804, name=F. Brooks}, {authorid=4090960, name=R. Pierce}, {authorid=144530024, name=M. Castro}, {authorid=4643978, name=W. Isakow}]","PLoS ONE","0aed7a40-85f3-4c66-9e1b-c1556c57001b","2018","59","8","0","true","[{category=Environmental Science, source=s2-fos-model}, {category=Medicine, source=s2-fos-model}, {category=Medicine, source=external}]","[JournalArticle]","2018-02-07","{name=PLoS ONE, pages=null, volume=13}","3527699"
"7962980","{acl=null, dblp=null, arxiv=null, mag=2546794527, corpusid=7962980, pubmed=27795841, doi=10.32607/20758251-2016-8-3-17-30, pubmedcentral=5081705}","https://www.semanticscholar.org/paper/7d1c4734534afaf4bfd14bc426cb54a520018cd2","Molecular and Cellular Mechanisms of Antitumor Immune Response Activation by Dendritic Cells","[{authorid=6375232, name=O. Markov}, {authorid=31725882, name=N. Mironova}, {authorid=1954319, name=V. V. Vlasov}, {authorid=4547151, name=M. Zenkova}]","Acta Naturae","a89f3270-a513-4100-b9c3-e240a5cbffc5","2016","156","19","1","true","[{category=Biology, source=s2-fos-model}, {category=Medicine, source=s2-fos-model}, {category=Medicine, source=external}, {category=Biology, source=external}]","[JournalArticle, Review]","2016-07-01","{name=Acta Naturae, pages=17 - 30, volume=8}","7962980"
"27201170","{acl=null, dblp=null, arxiv=null, mag=2775478640, corpusid=27201170, pubmed=29359090, doi=10.1364/BOE.9.000102, pubmedcentral=null}","https://www.semanticscholar.org/paper/f5c794a3c60eb929adb99abc627a4072d584cc58","Camera-based pulse-oximetry - validated risks and opportunities from theoretical analysis.","[{authorid=115679118, name=Mark van Gastel}, {authorid=115679894, name=S. Stuijk}, {authorid=119774332, name=G. de Haan}]","Biomedical Optics Express","7e331686-6620-4481-a3d5-5effffe9ab83","2018","21","6","0","true","[{category=Engineering, source=s2-fos-model}, {category=Medicine, source=s2-fos-model}, {category=Computer Science, source=external}, {category=Medicine, source=external}]","[JournalArticle]",,"{name=Biomedical optics express, pages=
          102-119
        , volume=9 1}","27201170"
"219986475","{acl=null, dblp=null, arxiv=null, mag=3036921559, corpusid=219986475, pubmed=32571829, doi=10.1128/AAC.00682-20, pubmedcentral=7449185}","https://www.semanticscholar.org/paper/d53819c4184db9ca9056973ec4846532d470725e","Povidone Iodine: Properties, Mechanisms of Action, and Role in Infection Control and Staphylococcus aureus Decolonization","[{authorid=4517408, name=D. Lepelletier}, {authorid=145047790, name=J. Maillard}, {authorid=6847088, name=B. Pozzetto}, {authorid=50109348, name=A. Simon}]","Antimicrobial Agents and Chemotherapy","7a0fa873-9493-466e-aaf2-2eeb6a4d41f2","2020","117","67","3","true","[{category=Medicine, source=s2-fos-model}, {category=Medicine, source=external}]","[Review, JournalArticle]","2020-06-22","{name=Antimicrobial Agents and Chemotherapy, pages=null, volume=64}","219986475"
"353174","{acl=null, dblp=null, arxiv=null, mag=1773782866, corpusid=353174, pubmed=26244074, doi=10.4162/nrp.2015.9.4.364, pubmedcentral=4523479}","https://www.semanticscholar.org/paper/74d6a2c0971b196748ffa4fb91ed8019e310e28d","Anti-inflammatory and antioxidant effects of umbelliferone in chronic alcohol-fed rats","[{authorid=82227974, name=M. Sim}, {authorid=1500445760, name=Hae-in Lee}, {authorid=6142975, name=J. Ham}, {authorid=77642421, name=K. Seo}, {authorid=92734049, name=Myung‐Joo Kim}, {authorid=5145185, name=Mi-Kyung Lee}]","Nutrition Research and Practice","5a86e54b-0aa7-4a0a-87a0-82edaf729eb1","2015","42","31","2","true","[{category=Environmental Science, source=s2-fos-model}, {category=Medicine, source=s2-fos-model}, {category=Medicine, source=external}, {category=Chemistry, source=external}]","[JournalArticle]","2015-05-18","{name=Nutrition Research and Practice, pages=364 - 369, volume=9}","353174"
"4090856","{acl=null, dblp=null, arxiv=null, mag=2127309879, corpusid=4090856, pubmed=23894626, doi=10.1371/journal.pone.0070255, pubmedcentral=3718781}","https://www.semanticscholar.org/paper/e561ffab563ab159e914f9f5d6c94dcafb484708","Integration and Disruption Effects of Shape and Texture in Haptic Search","[{authorid=3207716, name=Vonne van Polanen}, {authorid=1690864, name=W. B. Bergmann Tiest}, {authorid=1699586, name=A. Kappers}]","PLoS ONE","0aed7a40-85f3-4c66-9e1b-c1556c57001b","2013","26","8","0","true","[{category=Psychology, source=s2-fos-model}, {category=Medicine, source=external}, {category=Physics, source=external}]","[JournalArticle]","2013-07-22","{name=PLoS ONE, pages=null, volume=8}","4090856"
"227039966","{acl=null, dblp=null, arxiv=null, mag=3098183891, corpusid=227039966, pubmed=33205238, doi=10.1007/s00436-020-06973-0, pubmedcentral=7846507}","https://www.semanticscholar.org/paper/32833ce7c6af7ca9f3a2309322d88e9083a0887d","Seroprevalence and risk factors associated with Leishmania infantum in dogs in Sardinia (Italy), an endemic island for leishmaniasis","[{authorid=4802357, name=C. Tamponi}, {authorid=48345038, name=F. Scarpa}, {authorid=108115512, name=S. Carta}, {authorid=1658230145, name=Stephane Knoll}, {authorid=32427712, name=D. Sanna}, {authorid=2026722464, name=C. Gai}, {authorid=6634753, name=A. Pipia}, {authorid=34878809, name=G. Dessì}, {authorid=13774615, name=M. Casu}, {authorid=5363621, name=A. Varcasia}, {authorid=40427095, name=A. Scala}]","Parasitology Research","bc1db5c6-8287-4548-b4b3-c2a7bf35f432","2020","62","11","3","true","[{category=Medicine, source=s2-fos-model}, {category=Environmental Science, source=s2-fos-model}, {category=Biology, source=external}, {category=Medicine, source=external}]","[JournalArticle, Review]","2020-11-17","{name=Parasitology Research, pages=289 - 300, volume=120}","227039966"
"587699","{acl=null, dblp=journals/sac/GelmanHV14, arxiv=1307.5928, mag=2950999631, corpusid=587699, pubmed=null, doi=10.1007/s11222-013-9416-2, pubmedcentral=null}","https://www.semanticscholar.org/paper/39f7e8219e75256b34be2994068eebdbf58c9093","Understanding predictive information criteria for Bayesian models","[{authorid=144389145, name=A. Gelman}, {authorid=2115748154, name=Jessica Hwang}, {authorid=3104170, name=Aki Vehtari}]","Statistics and computing","dd522c0a-e715-4d95-9ed7-e60346254ddf","2013","43","1593","153","true","[{category=Mathematics, source=s2-fos-model}, {category=Computer Science, source=s2-fos-model}, {category=Computer Science, source=external}, {category=Mathematics, source=external}]","[JournalArticle, Review]","2013-07-23","{name=Statistics and Computing, pages=997 - 1016, volume=24}","587699"
"76662631","{acl=null, dblp=null, arxiv=null, mag=2921126987, corpusid=76662631, pubmed=30868346, doi=10.1007/s10875-019-00607-6, pubmedcentral=6445821}","https://www.semanticscholar.org/paper/91e359f069c8075f4122bcb943aabd5b3522a31e","Health-Related Quality of Life and Emotional Health in X-Linked Carriers of Chronic Granulomatous Disease in the United Kingdom","[{authorid=14546684, name=A. Battersby}, {authorid=14255023, name=Helen Braggins}, {authorid=145427366, name=M. Pearce}, {authorid=8164445, name=F. McKendrick}, {authorid=30013879, name=M. Campbell}, {authorid=31968928, name=S. Burns}, {authorid=4055384, name=C. Cale}, {authorid=145604496, name=D. Goldblatt}, {authorid=4430044, name=A. Gennery}]","Journal of Clinical Immunology","1f646839-00d4-4615-b781-d367b72728e4","2019","24","9","0","true","[{category=Medicine, source=s2-fos-model}, {category=Medicine, source=external}]","[JournalArticle]","2019-02-01","{name=Journal of Clinical Immunology, pages=195 - 199, volume=39}","76662631"
"4914080","{acl=null, dblp=null, arxiv=null, mag=2732141497, corpusid=4914080, pubmed=28758127, doi=10.1155/2017/9730696, pubmedcentral=5512104}","https://www.semanticscholar.org/paper/7e45f1a9978d5080f66a65f7688d2a6117b28b9f","Predictors of Inappropriate Use of Diagnostic Tests and Management of Bronchiolitis","[{authorid=2076434978, name=L. Sarmiento}, {authorid=1429720217, name=Gladys E. Rojas-Soto}, {authorid=66712449, name=C. Rodríguez‐Martínez}]","BioMed Research International","c52375db-5573-406f-a12b-854c7ba98498","2017","16","18","0","true","[{category=Medicine, source=s2-fos-model}, {category=Medicine, source=external}]","[JournalArticle]","2017-07-03","{name=BioMed Research International, pages=null, volume=2017}","4914080"
"12611959","{acl=null, dblp=null, arxiv=null, mag=2336732532, corpusid=12611959, pubmed=27092946, doi=10.1371/journal.pone.0153665, pubmedcentral=4836752}","https://www.semanticscholar.org/paper/30f18b8ffb35c14c5480e458dc507c7eff8b6622","Investigating CFTR and KCa3.1 Protein/Protein Interactions","[{authorid=40552110, name=H. Klein}, {authorid=26355124, name=Asmahan Abu-Arish}, {authorid=32974278, name=Nguyen Thu Ngan Trinh}, {authorid=46491836, name=Yishan Luo}, {authorid=3477631, name=P. Wiseman}, {authorid=31506443, name=J. Hanrahan}, {authorid=6336348, name=E. Brochiero}, {authorid=144936211, name=R. Sauvé}]","PLoS ONE","0aed7a40-85f3-4c66-9e1b-c1556c57001b","2016","38","11","0","true","[{category=Biology, source=s2-fos-model}, {category=Chemistry, source=s2-fos-model}, {category=Medicine, source=s2-fos-model}, {category=Chemistry, source=external}, {category=Medicine, source=external}]","[JournalArticle]","2016-04-19","{name=PLoS ONE, pages=null, volume=11}","12611959"
"44151059","{acl=null, dblp=null, arxiv=null, mag=2807085545, corpusid=44151059, pubmed=29846408, doi=10.1590/1414-431X20187256, pubmedcentral=5995039}","https://www.semanticscholar.org/paper/17a8d0a01acd24f53af7df3f559e3da89981b350","Improved antimelanogenesis and antioxidant effects of polysaccharide from Cuscuta chinensis Lam seeds after enzymatic hydrolysis","[{authorid=2145253329, name=Zi-Jun Liu}, {authorid=49415593, name=Yalan Wang}, {authorid=2108056404, name=Qi-ling Li}, {authorid=2119060820, name=Liu Yang}]","Brazilian journal of medical and biological research = Revista brasileira de pesquisas medicas e biologicas",,"2018","40","16","2","true","[{category=Medicine, source=s2-fos-model}, {category=Environmental Science, source=s2-fos-model}, {category=Chemistry, source=external}, {category=Medicine, source=external}]","[JournalArticle]","2018-05-28","{name=Brazilian Journal of Medical and Biological Research, pages=null, volume=51}","44151059"
"2779420","{acl=null, dblp=null, arxiv=null, mag=2280784370, corpusid=2779420, pubmed=27169096, doi=10.5812/atr.28734, pubmedcentral=4860284}","https://www.semanticscholar.org/paper/4f516fd84842e4ded2dc69aaaa44f5962684711d","A Systematic Literature Review: Workplace Violence Against Emergency Medical Services Personnel","[{authorid=6471434, name=Majid Pourshaikhian}, {authorid=7268580, name=Hassan Abolghasem Gorji}, {authorid=2950593, name=A. Aryankhesal}, {authorid=1422232464, name=D. Khorasani-Zavareh}, {authorid=5282496, name=Ahmad Barati}]","Archives of Trauma Research","a409dfe5-a487-4a9e-a9a3-f13a626a622d","2016","28","84","5","true","[{category=Medicine, source=s2-fos-model}, {category=Medicine, source=external}]","[Review, JournalArticle]","2016-01-23","{name=Archives of Trauma Research, pages=null, volume=5}","2779420"
"3904550","{acl=null, dblp=null, arxiv=null, mag=2622177763, corpusid=3904550, pubmed=28585723, doi=10.1002/jcb.26185, pubmedcentral=5621753}","https://www.semanticscholar.org/paper/b1b3056ad6da88464a9fbc8ddc184a82abce629b","Therapeutic Potential of Matrix Metalloproteinase Inhibition in Breast Cancer","[{authorid=3706683, name=E. Radisky}, {authorid=1399178344, name=M. Raeeszadeh-Sarmazdeh}, {authorid=1938360, name=D. Radisky}]","Journal of Cellular Biochemistry","95e54b20-e12b-4788-9db7-436c24f5bf7d","2017","250","92","3","true","[{category=Medicine, source=s2-fos-model}, {category=Medicine, source=external}]","[Review, JournalArticle]","2017-07-17","{name=Journal of Cellular Biochemistry, pages=3531 - 3548, volume=118}","3904550"
"265740861","{acl=null, dblp=null, arxiv=null, mag=2022569232, corpusid=265740861, pubmed=24608789, doi=10.1371/journal.pone.0091068, pubmedcentral=3946663}","https://www.semanticscholar.org/paper/bc062a32a33304acffc2a0b992f591e193bdecc5","Clinicopathological Significance and Prognostic Value of Lactate Dehydrogenase A Expression in Gastric Cancer Patients","[{authorid=6914706, name=Xuren Sun}, {authorid=2271795079, name=Zhe Sun}, {authorid=148441378, name=Zhi Zhu}, {authorid=2270114515, name=Haixia Guan}, {authorid=2264928739, name=Junyan Zhang}, {authorid=46867697, name=Yi-ning Zhang}, {authorid=145012941, name=Huimian Xu}, {authorid=2256740979, name=Mingjun Sun}]","PLoS ONE","0aed7a40-85f3-4c66-9e1b-c1556c57001b","2014","19","31","1","true","[{category=Medicine, source=s2-fos-model}, {category=Biology, source=external}, {category=Medicine, source=external}]","[JournalArticle]","2014-03-07","{name=PLoS ONE, pages=null, volume=9}","265740861"
"57757725","{acl=null, dblp=null, arxiv=null, mag=2906272124, corpusid=57757725, pubmed=30576393, doi=10.1371/journal.pone.0209849, pubmedcentral=6303072}","https://www.semanticscholar.org/paper/aefad86e561cb3e10597c43270684d79563530cc","Antibiotic susceptibility, cytotoxicity, and protease activity of viridans group streptococci causing endophthalmitis","[{authorid=2960166, name=M. Marquart}, {authorid=31966204, name=Angela H Benton}, {authorid=19244928, name=R. Galloway}, {authorid=5209171, name=L. Stempak}]","PLoS ONE","0aed7a40-85f3-4c66-9e1b-c1556c57001b","2018","51","10","0","true","[{category=Medicine, source=s2-fos-model}, {category=Medicine, source=external}, {category=Biology, source=external}]","[JournalArticle]","2018-12-21","{name=PLoS ONE, pages=null, volume=13}","57757725"
"196502337","{acl=null, dblp=null, arxiv=null, mag=2883429041, corpusid=196502337, pubmed=30043887, doi=10.1590/S1806-37562017000000034, pubmedcentral=6188692}","https://www.semanticscholar.org/paper/7ee359d0dbf3db477dd13d954d42b4851b73d7a2","Obesity and asthma: clinical and laboratory characterization of a common combination","[{authorid=51114343, name=Juliana Pires Viana de Jesus}, {authorid=2079022280, name=Aline Lima-Matos}, {authorid=123865038, name=P. Almeida}, {authorid=2195637065, name=Valmar Bião de Lima}, {authorid=144628325, name=L. D. Mello}, {authorid=1400676978, name=Adelmir Souza-Machado}, {authorid=2076613376, name=E. Ponte}, {authorid=47682235, name=Á. A. Cruz}]","Jornal Brasileiro de Pneumologia","e4d61c90-c789-4d7e-a906-30d2d1c16a8c","2018","39","17","1","true","[{category=Medicine, source=s2-fos-model}, {category=Medicine, source=external}]","[JournalArticle]","2018-05-01","{name=Jornal Brasileiro de Pneumologia, pages=207 - 212, volume=44}","196502337"
"5129786","{acl=null, dblp=null, arxiv=null, mag=2614123506, corpusid=5129786, pubmed=28504672, doi=10.1038/nn.4563, pubmedcentral=5572074}","https://www.semanticscholar.org/paper/57808210d12fc432d03b50bceb2f8b5de08efb3e","Identification of a motor to auditory pathway important for vocal learning","[{authorid=4634776, name=T. Roberts}, {authorid=10787631, name=E. Hisey}, {authorid=2110305932, name=Masashi Tanaka}, {authorid=35422711, name=M. Kearney}, {authorid=10773889, name=Gaurav Chattree}, {authorid=8100417, name=Cindy F Yang}, {authorid=2236801, name=N. Shah}, {authorid=144250602, name=R. Mooney}]","Nature Neuroscience","7892f01e-f701-4d07-8c36-e108b84ec6ab","2017","62","89","4","true","[{category=Biology, source=s2-fos-model}, {category=Medicine, source=external}, {category=Psychology, source=external}]","[JournalArticle]","2017-05-15","{name=Nature neuroscience, pages=978 - 986, volume=20}","5129786"
"5862860","{acl=null, dblp=null, arxiv=null, mag=2112183707, corpusid=5862860, pubmed=26325041, doi=10.1371/journal.pone.0135615, pubmedcentral=4556694}","https://www.semanticscholar.org/paper/893ef40cf1d5d590a56e0dc1bd02b3064c7b9b71","Nuclear Receptor Signaling Atlas: Opening Access to the Biology of Nuclear Receptor Signaling Pathways","[{authorid=2748892, name=L. Becnel}, {authorid=4434186, name=Yolanda F. Darlington}, {authorid=39007485, name=S. Ochsner}, {authorid=1405043190, name=J. Easton-Marks}, {authorid=5688116, name=C. Watkins}, {authorid=1964980, name=A. McOwiti}, {authorid=6847720, name=Wasula H. Kankanamge}, {authorid=2052641624, name=Michael W. Wise}, {authorid=144369853, name=M. Dehart}, {authorid=37819707, name=R. Margolis}, {authorid=2483040, name=N. McKenna}]","PLoS ONE","0aed7a40-85f3-4c66-9e1b-c1556c57001b","2015","35","21","0","true","[{category=Biology, source=s2-fos-model}, {category=Medicine, source=s2-fos-model}, {category=Biology, source=external}, {category=Medicine, source=external}]","[JournalArticle]","2015-09-01","{name=PLoS ONE, pages=null, volume=10}","5862860"
"201665123","{acl=null, dblp=null, arxiv=null, mag=2971113226, corpusid=201665123, pubmed=31463935, doi=10.1002/ecy.2873, pubmedcentral=6916172}","https://www.semanticscholar.org/paper/215552eaab523255e9488784da077f0dbdf592d2","Stable coexistence of equivalent nutrient competitors through niche differentiation in the light spectrum","[{authorid=5017755, name=A. Burson}, {authorid=5902972, name=M. Stomp}, {authorid=35439659, name=Lisette Mekkes}, {authorid=144702716, name=J. Huisman}]","Ecology","edd5fc4f-2a3a-4fba-a193-6c63ea4cd9e8","2019","68","20","0","true","[{category=Environmental Science, source=s2-fos-model}, {category=Medicine, source=external}, {category=Biology, source=external}]","[JournalArticle]","2019-08-28","{name=Ecology, pages=null, volume=100}","201665123"
"3066875","{acl=null, dblp=null, arxiv=null, mag=2064926745, corpusid=3066875, pubmed=24611110, doi=10.4162/nrp.2014.8.1.81, pubmedcentral=3944161}","https://www.semanticscholar.org/paper/6cbfbc832a2895661f0c63e2dd3863449d7c4de4","Investigation of variations in energy, macronutrients and sodium intake based on the places meals are provided: Using the Korea National Health and Nutrition Examination Survey (KNHANES, 1998-2009)","[{authorid=46311903, name=Yong-seok Kwon}, {authorid=2414653, name=Young-hee Park}, {authorid=6864680, name=J. Choe}, {authorid=31595721, name=Y. Yang}]","Nutrition Research and Practice","5a86e54b-0aa7-4a0a-87a0-82edaf729eb1","2014","39","20","2","true","[{category=Agricultural and Food Sciences, source=s2-fos-model}, {category=Medicine, source=external}]","[JournalArticle, Review]","2014-01-29","{name=Nutrition Research and Practice, pages=81 - 93, volume=8}","3066875"
"64359879","{acl=null, dblp=null, arxiv=null, mag=2899242991, corpusid=64359879, pubmed=30774874, doi=10.1039/c8sc03720e, pubmedcentral=6345350}","https://www.semanticscholar.org/paper/182e164ad0513d023d950d98f3607bf07cc4068c","Conformer-specific [1,2]H-tunnelling in captodatively-stabilized cyanohydroxycarbene (NC–C[combining umlaut]–OH)","[{authorid=27315696, name=A. Eckhardt}, {authorid=72445694, name=Frederik R. Erb}, {authorid=145191145, name=P. Schreiner}]","Chemical Science","2a0713ba-a4af-4a0a-ae49-81b8edeca660","2018","34","5","0","true","[{category=Chemistry, source=s2-fos-model}, {category=Medicine, source=external}, {category=Materials Science, source=external}]","[JournalArticle]","2018-10-31","{name=Chemical Science, pages=802 - 808, volume=10}","64359879"
"4620904","{acl=null, dblp=null, arxiv=null, mag=2750164713, corpusid=4620904, pubmed=28835208, doi=10.1186/s12864-017-4037-3, pubmedcentral=5569538}","https://www.semanticscholar.org/paper/37412f06b119ffb6d10228a232c7dc7b3752dce3","Whole genome sequencing and comparative transcriptome analysis of a novel seawater adapted, salt-resistant rice cultivar – sea rice 86","[{authorid=2108279383, name=Risheng Chen}, {authorid=47585249, name=Yunfeng Cheng}, {authorid=2109778170, name=Suying Han}, {authorid=133728069, name=B. van Handel}, {authorid=145500683, name=Ling Dong}, {authorid=47056706, name=Xinmin Li}, {authorid=2242086380, name=Xiaoqing Xie}]","BMC Genomics","8dcbaea5-3cdb-48b3-9f93-45c12ca1bb91","2017","56","50","2","true","[{category=Agricultural and Food Sciences, source=s2-fos-model}, {category=Biology, source=s2-fos-model}, {category=Environmental Science, source=s2-fos-model}, {category=Biology, source=external}, {category=Medicine, source=external}]","[JournalArticle, Study]","2017-08-23","{name=BMC Genomics, pages=null, volume=18}","4620904"
"208557607","{acl=null, dblp=null, arxiv=null, mag=2980034615, corpusid=208557607, pubmed=32293250, doi=10.1186/s12864-020-6600-6, pubmedcentral=7092514}","https://www.semanticscholar.org/paper/79fd659cc93ea9966de9737ff8a2a0b25173cc13","Stress-mediated convergence of splicing landscapes in male and female rock doves","[{authorid=2669287, name=A. Lang}, {authorid=4865104, name=S. H. Austin}, {authorid=2148420338, name=Rayna M. Harris}, {authorid=5894535, name=R. Calisi}, {authorid=3873330, name=M. MacManes}]","BMC Genomics","8dcbaea5-3cdb-48b3-9f93-45c12ca1bb91","2019","123","3","0","true","[{category=Biology, source=s2-fos-model}, {category=Environmental Science, source=s2-fos-model}, {category=Medicine, source=external}, {category=Biology, source=external}]","[JournalArticle]","2019-10-08","{name=BMC Genomics, pages=null, volume=21}","208557607"
"43161109","{acl=null, dblp=null, arxiv=null, mag=1989106698, corpusid=43161109, pubmed=25920469, doi=10.1080/14786419.2015.1036270, pubmedcentral=null}","https://www.semanticscholar.org/paper/74faa82ac3be3ce9f740a45f193e4872a6a3fe1c","Chemical composition and larvicidal activity of Zanthoxylum armatum against diamondback moth, Plutella xylostella","[{authorid=1882420371, name=Vishal Kumar}, {authorid=null, name=S.G. Eswara Reddy}, {authorid=48346190, name=U. Chauhan}, {authorid=48814973, name=Neeraj Kumar}, {authorid=2111223713, name=Bikram Singh}]","Natural Product Research","e9b46ef2-86d4-40ab-9a06-9808b1fdf827","2016","15","34","1","true","[{category=Environmental Science, source=s2-fos-model}, {category=Chemistry, source=s2-fos-model}, {category=Biology, source=s2-fos-model}, {category=Biology, source=external}, {category=Medicine, source=external}]","[JournalArticle]","2016-03-18","{name=Natural Product Research, pages=689 - 692, volume=30}","43161109"
"12693131","{acl=null, dblp=null, arxiv=null, mag=2339097097, corpusid=12693131, pubmed=27199507, doi=10.1155/2016/7015620, pubmedcentral=4856914}","https://www.semanticscholar.org/paper/19ea3e2ec2a54c8e62291d1afc9534e650520cb0","Correlation of A2bAR and KLF4/KLF15 with Obesity-Dyslipidemia Induced Inflammation in Uygur Population","[{authorid=4979927, name=Cuizhe Wang}, {authorid=12034997, name=Xiaodan Ha}, {authorid=2157336634, name=Wei Li}, {authorid=2153915666, name=Peng Xu}, {authorid=46964462, name=Yajuan Gu}, {authorid=2155391991, name=Tingting Wang}, {authorid=2152543940, name=Yán Wāng}, {authorid=49598387, name=Jianxin Xie}, {authorid=50561070, name=Jun Zhang}]","Mediators of Inflammation","72c10e3e-c56a-4b0d-809f-0a335173d161","2016","20","15","0","true","[{category=Biology, source=s2-fos-model}, {category=Environmental Science, source=s2-fos-model}, {category=Medicine, source=s2-fos-model}, {category=Medicine, source=external}]","[JournalArticle]","2016-04-21","{name=Mediators of Inflammation, pages=null, volume=2016}","12693131"
"6057002","{acl=null, dblp=null, arxiv=null, mag=2139400710, corpusid=6057002, pubmed=23673148, doi=10.1186/gm438, pubmedcentral=3707062}","https://www.semanticscholar.org/paper/c2102092b0d63be1a70b5e0cd4d68c411e35e0ca","The genomics of preterm birth: from animal models to human studies","[{authorid=6868122, name=Katie Y. Bezold}, {authorid=31993534, name=M. Karjalainen}, {authorid=49428824, name=M. Hallman}, {authorid=48682146, name=K. Teramo}, {authorid=3393998, name=L. Muglia}]","Genome Medicine","a1eabcca-9d3f-45ac-bb78-c024734a2b68","2013","82","96","2","true","[{category=Biology, source=s2-fos-model}, {category=Medicine, source=s2-fos-model}, {category=Biology, source=external}, {category=Medicine, source=external}]","[Review, JournalArticle]","2013-04-29","{name=Genome Medicine, pages=34 - 34, volume=5}","6057002"
"17362405","{acl=null, dblp=null, arxiv=null, mag=2018151612, corpusid=17362405, pubmed=20700486, doi=10.1371/journal.pone.0011974, pubmedcentral=2916840}","https://www.semanticscholar.org/paper/5bf3acdeb8c2fe2743c5aa5b3819b9c58eea806b","A First Generation BAC-Based Physical Map of the Asian Seabass (Lates calcarifer)","[{authorid=32163195, name=J. Xia}, {authorid=49804502, name=F. Feng}, {authorid=50081276, name=G. Lin}, {authorid=1390840994, name=Chun Ming Wang}, {authorid=2818948, name=G. Yue}]","PLoS ONE","0aed7a40-85f3-4c66-9e1b-c1556c57001b","2010","43","39","0","true","[{category=Biology, source=s2-fos-model}, {category=Environmental Science, source=s2-fos-model}, {category=Biology, source=external}, {category=Medicine, source=external}]","[JournalArticle]","2010-08-05","{name=PLoS ONE, pages=null, volume=5}","17362405"
"52142675","{acl=null, dblp=null, arxiv=null, mag=2887367924, corpusid=52142675, pubmed=30175132, doi=10.1155/2018/4320831, pubmedcentral=6098936}","https://www.semanticscholar.org/paper/88dd167a8f2518ca2ac5699d2c09c5dd25bfcf66","Mutation Study of Malaysian Patients with Ornithine Transcarbamylase Deficiency: Clinical, Molecular, and Bioinformatics Analyses of Two Novel Missense Mutations of the OTC Gene","[{authorid=32609664, name=E. Ali}, {authorid=32260698, name=Y. Zakaria}, {authorid=117637922, name=M. A. Mohd Radzi}, {authorid=3860332, name=L. Ngu}, {authorid=36881500, name=S. A. Jusoh}]","BioMed Research International","c52375db-5573-406f-a12b-854c7ba98498","2018","45","4","0","true","[{category=Medicine, source=s2-fos-model}, {category=Biology, source=s2-fos-model}, {category=Biology, source=external}, {category=Medicine, source=external}]","[JournalArticle]","2018-08-05","{name=BioMed Research International, pages=null, volume=2018}","52142675"
"263701864","{acl=null, dblp=null, arxiv=null, mag=2905118292, corpusid=263701864, pubmed=30543175, doi=10.2174/1570162X17666181212122607, pubmedcentral=6416489}","https://www.semanticscholar.org/paper/47fa9675e425caaa0f1a9123b1ad1b4f2ef99bd7","HIV-specific T-cell Responses and Generalized Activation in HIV-1 Infected Long-term Non-progressors and Progressors from South India","[]","Current HIV Research","a964e9dd-f652-48d2-9dd9-804e35efe7ae","2018","82","1","1","true","[{category=Medicine, source=s2-fos-model}, {category=Biology, source=external}, {category=Medicine, source=external}]","[JournalArticle]","2018-07-01","{name=Current HIV Research, pages=302 - 314, volume=16}","263701864"
"222352634","{acl=null, dblp=null, arxiv=null, mag=3092143784, corpusid=222352634, pubmed=33052402, doi=10.1001/jamanetworkopen.2020.16228, pubmedcentral=7557514}","https://www.semanticscholar.org/paper/3da6410cfb3238727198375442587aecf27797f0","Association of Treatment With Medications for Opioid Use Disorder With Mortality After Hospitalization for Injection Drug Use–Associated Infective Endocarditis","[{authorid=39473582, name=S. Kimmel}, {authorid=5651052, name=A. Walley}, {authorid=2110512261, name=Yijing Li}, {authorid=5833422, name=B. Linas}, {authorid=40284874, name=S. Lodi}, {authorid=4690098, name=Dana Bernson}, {authorid=2015891, name=R. Weiss}, {authorid=29106878, name=J. Samet}, {authorid=2241200, name=Marc R. Larochelle}]","JAMA Network Open","b9444cdd-c1d0-45a8-9db6-f8a53936292e","2020","43","54","4","true","[{category=Medicine, source=s2-fos-model}, {category=Medicine, source=external}]","[JournalArticle]","2020-10-01","{name=JAMA Network Open, pages=null, volume=3}","222352634"
"104435573","{acl=null, dblp=null, arxiv=null, mag=2903580735, corpusid=104435573, pubmed=31458327, doi=10.1021/acsomega.8b02240, pubmedcentral=6643556}","https://www.semanticscholar.org/paper/d79a2b2ddb99f6b191037a61a364a2871115dcde","Phosphonium-Templated Iodoplumbates","[{authorid=95433120, name=Emily H. Omahen}, {authorid=9967657, name=J. Binder}, {authorid=145511744, name=B. F. Jacobs}, {authorid=9943952, name=Ala'aeddeen Swidan}, {authorid=40550255, name=C. L. Macdonald}]","ACS Omega","d516f81c-009b-445d-b748-c827efa137d3","2018","35","1","0","true","[{category=Materials Science, source=s2-fos-model}, {category=Chemistry, source=s2-fos-model}, {category=Medicine, source=external}, {category=Chemistry, source=external}]","[JournalArticle]","2018-12-11","{name=ACS Omega, pages=17077 - 17082, volume=3}","104435573"
"215793343","{acl=null, dblp=null, arxiv=null, mag=3015749916, corpusid=215793343, pubmed=32294391, doi=10.1152/ajplung.00167.2019, pubmedcentral=7276983}","https://www.semanticscholar.org/paper/8aeff4fd4392fa03639c974476b387debb6bb038","Gas exchange calculation may estimate changes in pulmonary blood flow during veno-arterial extracorporeal membrane oxygenation in a porcine model","[{authorid=37536425, name=Kaspar F. Bachmann}, {authorid=144779228, name=M. Haenggi}, {authorid=145941006, name=S. Jakob}, {authorid=144959831, name=J. Takala}, {authorid=144164494, name=L. Gattinoni}, {authorid=2053459852, name=David Berger}]","American Journal of Physiology - Lung cellular and Molecular Physiology",,"2020","25","10","0","true","[{category=Medicine, source=s2-fos-model}, {category=Medicine, source=external}]","[JournalArticle]","2020-04-15","{name=American Journal of Physiology - Lung Cellular and Molecular Physiology, pages=L1211 - L1221, volume=318}","215793343"
"18456903","{acl=null, dblp=null, arxiv=null, mag=2075038350, corpusid=18456903, pubmed=23351382, doi=10.5483/BMBRep.2013.46.1.147, pubmedcentral=4133829}","https://www.semanticscholar.org/paper/1e783f753aeb724bc516fc6ae339f8b96855f1c4","Altered sugar donor specificity and catalytic activity of pteridine glycosyltransferases by domain swapping or site-directed mutagenesis","[{authorid=2144348665, name=Hye-Lim Kim}, {authorid=4382101, name=Ae Hyun Kim}, {authorid=26815388, name=M. Park}, {authorid=2121588190, name=Soo-Woong Lee}, {authorid=2320757, name=Young Shik Park}]","BMB Reports","dbbd6576-b1bc-47d0-86b4-e315b7c68239","2013","17","7","0","true","[{category=Biology, source=s2-fos-model}, {category=Chemistry, source=s2-fos-model}, {category=Biology, source=external}, {category=Medicine, source=external}]","[JournalArticle]","2013-01-01","{name=BMB Reports, pages=37 - 40, volume=46}","18456903"
"4898011","{acl=null, dblp=null, arxiv=null, mag=854589012, corpusid=4898011, pubmed=26061042, doi=10.1371/journal.pone.0127746, pubmedcentral=4464734}","https://www.semanticscholar.org/paper/a4a816ebcbf373b50ad6f58f337326f53e657a3d","Infection with Soil-Transmitted Helminths Is Associated with Increased Insulin Sensitivity","[{authorid=4497925, name=A. E. Wiria}, {authorid=5611217, name=F. Hamid}, {authorid=3596118, name=L. Wammes}, {authorid=5860562, name=Margaretta A. Prasetyani}, {authorid=3620978, name=O. Dekkers}, {authorid=2406266, name=L. May}, {authorid=4892134, name=Maria M M Kaisar}, {authorid=4884102, name=J. Verweij}, {authorid=4495341, name=B. Guigas}, {authorid=4599291, name=F. Partono}, {authorid=3806310, name=E. Sartono}, {authorid=3730361, name=T. Supali}, {authorid=4182568, name=M. Yazdanbakhsh}, {authorid=153494119, name=J. A. Smit}]","PLoS ONE","0aed7a40-85f3-4c66-9e1b-c1556c57001b","2015","43","76","4","true","[{category=Environmental Science, source=s2-fos-model}, {category=Medicine, source=s2-fos-model}, {category=Medicine, source=external}, {category=Biology, source=external}]","[JournalArticle]","2015-06-10","{name=PLoS ONE, pages=null, volume=10}","4898011"
"797170","{acl=null, dblp=null, arxiv=null, mag=2053962076, corpusid=797170, pubmed=22833607, doi=10.1093/nar/gks688, pubmedcentral=3467081}","https://www.semanticscholar.org/paper/f6b7957bf39b89485c997ee25ff942a8e4452a2b","Residues of E. coli topoisomerase I conserved for interaction with a specific cytosine base to facilitate DNA cleavage","[{authorid=49545136, name=G. Narula}, {authorid=1398078040, name=Y. Tse‐Dinh}]","Nucleic Acids Research","da96c220-cd39-4894-bae6-d2d77c8e7aa9","2012","30","19","2","true","[{category=Biology, source=s2-fos-model}, {category=Chemistry, source=s2-fos-model}, {category=Biology, source=external}, {category=Medicine, source=external}]","[JournalArticle]","2012-07-23","{name=Nucleic Acids Research, pages=9233 - 9243, volume=40}","797170"
"12280960","{acl=null, dblp=null, arxiv=null, mag=2025097635, corpusid=12280960, pubmed=22566744, doi=10.2147/VHRM.S29424, pubmedcentral=3346269}","https://www.semanticscholar.org/paper/f0afdc39bc2969f229f2a1bffe5dd3c2a2d9f081","The predictive power of depression screening procedures for veterans with coronary artery disease","[{authorid=4427950, name=S. Shankman}, {authorid=46986679, name=J. Nadelson}, {authorid=2556779, name=S. K. Mcgowan}, {authorid=5925270, name=A. Sovari}, {authorid=6433081, name=M. Vidovich}]","Vascular Health and Risk Management","8ec616ed-f246-48e1-8fe3-2bca422f60c1","2012","44","14","1","true","[{category=Medicine, source=s2-fos-model}, {category=Psychology, source=s2-fos-model}, {category=Medicine, source=external}]","[JournalArticle]","2012-04-17","{name=Vascular Health and Risk Management, pages=233 - 238, volume=8}","12280960"
"4673267","{acl=null, dblp=null, arxiv=null, mag=2768512359, corpusid=4673267, pubmed=29138870, doi=10.3892/mmr.2017.8039, pubmedcentral=5780113}","https://www.semanticscholar.org/paper/d021ef44de5bc391834defacfbccedd2aa531cac","INSIG2 rs7566605 single nucleotide variant and global DNA methylation index levels are associated with weight loss in a personalized weight reduction program","[{authorid=4273265, name=Francesca Pirini}, {authorid=1422127309, name=Sebastian Rodriguez-Torres}, {authorid=28908568, name=Bola Grace Ayandibu}, {authorid=1423432584, name=María Orera-Clemente}, {authorid=1993208178, name=Alberto Gonzalez Vega}, {authorid=29773141, name=Fahcina P Lawson}, {authorid=35380297, name=Roland J. Thorpe Jr}, {authorid=4119693, name=D. Sidransky}, {authorid=1399064434, name=Rafael Guerrero-Preston}]","Molecular Medicine Reports","9e867a6d-79c2-4cef-b939-738283fc3e3a","2017","96","5","0","true","[{category=Biology, source=s2-fos-model}, {category=Medicine, source=s2-fos-model}, {category=Biology, source=external}, {category=Medicine, source=external}]","[JournalArticle]","2017-11-14","{name=Molecular Medicine Reports, pages=1699 - 1709, volume=17}","4673267"
"58231933","{acl=null, dblp=null, arxiv=null, mag=2895716716, corpusid=58231933, pubmed=30687472, doi=10.4081/jphia.2018.681, pubmedcentral=6325413}","https://www.semanticscholar.org/paper/7c8b1ab98b0225c96f5a545dab9058c5c2b5d12e","Factors associated with early sexual intercourse among teenagers and young adults in rural south of Benin","[{authorid=3792131, name=Y. G. Ahanhanzo}, {authorid=2081405009, name=Charles Sossa-Jérôme}, {authorid=4189289, name=G. Sopoh}, {authorid=2104492697, name=M. Tchandana}, {authorid=1393480230, name=C. Azandjeme}, {authorid=2058315348, name=T. Tchamdja}]","Journal of Public Health in Africa","36bfca8f-4b6e-4f76-b295-d147a1b66f86","2018","21","8","2","true","[{category=Sociology, source=s2-fos-model}, {category=Medicine, source=s2-fos-model}, {category=Medicine, source=external}]","[JournalArticle]","2018-10-01","{name=Journal of Public Health in Africa, pages=null, volume=9}","58231933"
"2958085","{acl=null, dblp=journals/bib/MinLY17, arxiv=1603.06430, mag=2311607323, corpusid=2958085, pubmed=27473064, doi=10.1093/bib/bbw068, pubmedcentral=null}","https://www.semanticscholar.org/paper/cc384cff27d8a609f89f9e915c26bf31c39749a1","Deep learning in bioinformatics","[{authorid=3387623, name=Seonwoo Min}, {authorid=2821668, name=Byunghan Lee}, {authorid=2999019, name=Sungroh Yoon}]","Briefings Bioinform.",,"2016","277","1187","37","true","[{category=Computer Science, source=s2-fos-model}, {category=Biology, source=s2-fos-model}, {category=Computer Science, source=external}, {category=Biology, source=external}, {category=Medicine, source=external}]","[Review, JournalArticle]","2016-03-21","{name=Briefings in Bioinformatics, pages=851–869, volume=18}","2958085"
"11867946","{acl=null, dblp=null, arxiv=null, mag=2148454917, corpusid=11867946, pubmed=21719425, doi=10.1093/scan/nsr032, pubmedcentral=null}","https://www.semanticscholar.org/paper/150b6785d900a12fca714b87580495a2ea95b5e2","Pictures cueing threat: brain dynamics in viewing explicitly instructed danger cues.","[{authorid=2069941, name=Florian Bublatzky}, {authorid=2436479, name=H. Schupp}]","Social Cognitive and Affective Neuroscience","60daec18-1da7-43bc-bc11-fb152fb3bd5e","2012","59","92","5","true","[{category=Psychology, source=s2-fos-model}, {category=Psychology, source=external}, {category=Medicine, source=external}]","[JournalArticle]","2012-08-01","{name=Social cognitive and affective neuroscience, pages=
          611-22
        , volume=7 6}","11867946"
"3995856","{acl=null, dblp=null, arxiv=null, mag=2055788636, corpusid=3995856, pubmed=24340094, doi=10.1371/journal.pone.0083221, pubmedcentral=3858354}","https://www.semanticscholar.org/paper/6059994ab117ed7c03b38b57d75ec0638e52e92d","Avian Community Responses to Variability in River Hydrology","[{authorid=4672208, name=A. Royan}, {authorid=2238042980, name=D. M. Hannah}, {authorid=2238045454, name=S. Reynolds}, {authorid=2238043097, name=David G. Noble}, {authorid=2238044757, name=Jonathan P. Sadler}]","PLoS ONE","0aed7a40-85f3-4c66-9e1b-c1556c57001b","2013","54","33","2","true","[{category=Biology, source=s2-fos-model}, {category=Environmental Science, source=s2-fos-model}, {category=Medicine, source=external}, {category=Biology, source=external}]","[JournalArticle, Review]","2013-12-10","{name=PLoS ONE, pages=null, volume=8}","3995856"
"7641304","{acl=null, dblp=null, arxiv=null, mag=2600903010, corpusid=7641304, pubmed=28405233, doi=10.3762/bjoc.13.52, pubmedcentral=5372748}","https://www.semanticscholar.org/paper/2f36e5c7483366b8ff59468f8d4ac13f0ed4c861","Novel β-cyclodextrin–eosin conjugates","[{authorid=8680665, name=Gábor Benkovics}, {authorid=10193116, name=Damien Afonso}, {authorid=8659803, name=András Darcsi}, {authorid=143697545, name=S. Béni}, {authorid=3179460, name=S. Conoci}, {authorid=40467781, name=É. Fenyvesi}, {authorid=87597495, name=L. Szente}, {authorid=145370011, name=M. Malanga}, {authorid=3763405, name=S. Sortino}]","Beilstein Journal of Organic Chemistry","d019220c-56d5-4c73-b3d7-6c4061b3a42d","2017","64","12","0","true","[{category=Chemistry, source=s2-fos-model}, {category=Materials Science, source=s2-fos-model}, {category=Chemistry, source=external}, {category=Medicine, source=external}]","[JournalArticle]","2017-03-15","{name=Beilstein Journal of Organic Chemistry, pages=543 - 551, volume=13}","7641304"
"52279255","{acl=null, dblp=journals/spl/MezianeASM18, arxiv=1808.10298, mag=2889091254, corpusid=52279255, pubmed=null, doi=10.1109/LSP.2018.2868408, pubmedcentral=null}","https://www.semanticscholar.org/paper/3712126e4e2d464b74815b17886db83f667bdd67","Hybrid Joint Diagonalization Algorithms","[{authorid=1416777708, name=Mohamed Nait-Meziane}, {authorid=1398524075, name=K. Abed-Meraim}, {authorid=1713900, name=A. Seghouane}, {authorid=1702588, name=A. Mesloub}]","IEEE Signal Processing Letters","d5da7004-7b61-450a-9c7d-a39500de7acf","2018","22","1","0","true","[{category=Computer Science, source=s2-fos-model}, {category=Engineering, source=s2-fos-model}, {category=Mathematics, source=s2-fos-model}, {category=Computer Science, source=external}, {category=Engineering, source=external}]","[JournalArticle]","2018-08-30","{name=IEEE Signal Processing Letters, pages=1580-1584, volume=25}","52279255"
"143413","{acl=null, dblp=null, arxiv=null, mag=1925394383, corpusid=143413, pubmed=26495294, doi=10.1155/2015/381574, pubmedcentral=4606134}","https://www.semanticscholar.org/paper/37df92218b234f113096d7f257f0637a5e79fa58","Breast Cancer by Age at Diagnosis in the Gharbiah, Egypt, Population-Based Registry Compared to the United States Surveillance, Epidemiology, and End Results Program, 2004–2008","[{authorid=7806161, name=Jennifer A. Schlichting}, {authorid=9575917, name=A. Soliman}, {authorid=4068253, name=C. Schairer}, {authorid=36044605, name=J. Harford}, {authorid=4139190, name=Ahmed Hablas}, {authorid=1872154, name=M. Ramadan}, {authorid=6457923, name=I. Seifeldin}, {authorid=2160175, name=S. Merajver}]","BioMed Research International","c52375db-5573-406f-a12b-854c7ba98498","2015","75","24","1","true","[{category=Medicine, source=s2-fos-model}, {category=Medicine, source=external}]","[JournalArticle]","2015-10-01","{name=BioMed Research International, pages=null, volume=2015}","143413"
"9889159","{acl=null, dblp=null, arxiv=null, mag=2168992617, corpusid=9889159, pubmed=24256721, doi=10.1186/1751-0147-55-84, pubmedcentral=4176992}","https://www.semanticscholar.org/paper/aef93e4bb4c16ad6f2cc6b8d3c0514e172851971","An enzyme-linked immunosorbent assay for detection of avian influenza virus subtypes H5 and H7 antibodies","[{authorid=7706320, name=T. H. Jensen}, {authorid=6824812, name=Gitte Ajjouri}, {authorid=49455755, name=K. Handberg}, {authorid=5043217, name=M. Slomka}, {authorid=5237188, name=V. Coward}, {authorid=6147123, name=M. Cherbonnel}, {authorid=6982921, name=V. Jestin}, {authorid=49318473, name=P. Lind}, {authorid=1403090958, name=P. Jørgensen}]","Acta Veterinaria Scandinavica","a4ab4d8a-8615-40f9-8fad-ddcf3c69be90","2013","40","16","1","true","[{category=Biology, source=s2-fos-model}, {category=Medicine, source=s2-fos-model}, {category=Biology, source=external}, {category=Medicine, source=external}]","[JournalArticle]","2013-11-21","{name=Acta Veterinaria Scandinavica, pages=84 - 84, volume=55}","9889159"
"8816488","{acl=null, dblp=null, arxiv=null, mag=2145539024, corpusid=8816488, pubmed=22241902, doi=10.1136/annrheumdis-2011-200702, pubmedcentral=3375584}","https://www.semanticscholar.org/paper/c2455dae79c9eeba9a96913aa4d97dafcb240200","Immediate and delayed impact of oral glucocorticoid therapy on risk of serious infection in older patients with rheumatoid arthritis: a nested case–control analysis","[{authorid=1916507, name=W. Dixon}, {authorid=145246381, name=M. Abrahamowicz}, {authorid=145923798, name=M. Beauchamp}, {authorid=47302323, name=D. Ray}, {authorid=144885296, name=S. Bernatsky}, {authorid=5017012, name=S. Suissa}, {authorid=5297476, name=M. Sylvestre}]","Annals of the Rheumatic Diseases","2457f111-719e-405a-8b99-3e2ad59ad1e3","2012","32","269","3","true","[{category=Medicine, source=s2-fos-model}, {category=Medicine, source=external}]","[JournalArticle]","2012-01-12","{name=Annals of the Rheumatic Diseases, pages=1128 - 1133, volume=71}","8816488"
"85565813","{acl=null, dblp=journals/see/Oliveira20, arxiv=null, mag=2925481815, corpusid=85565813, pubmed=30924031, doi=10.1007/s11948-019-00100-8, pubmedcentral=6978295}","https://www.semanticscholar.org/paper/c4365c4975ba46ba048a1eff184ed3f9c990faa7","A Methodological Framework for Developing More Just Footprints: The Contribution of Footprints to Environmental Policies and Justice","[{authorid=89255746, name=Rita Vasconcellos Oliveira}]","Science and Engineering Ethics","97033a25-f03c-4ad0-aef7-a1ff724d264d","2019","121","5","0","true","[{category=Environmental Science, source=s2-fos-model}, {category=Medicine, source=external}, {category=Political Science, source=external}, {category=Computer Science, source=external}]","[JournalArticle]","2019-03-28","{name=Science and Engineering Ethics, pages=405 - 429, volume=26}","85565813"
"880480","{acl=null, dblp=null, arxiv=null, mag=2148071420, corpusid=880480, pubmed=22718972, doi=10.1093/nar/gks532, pubmedcentral=3439916}","https://www.semanticscholar.org/paper/aa903f8bb2dd3761793aa7745d0101594e3aeef9","Mitochondrial dynamics and autophagy aid in removal of persistent mitochondrial DNA damage in Caenorhabditis elegans","[{authorid=5612444, name=A. Bess}, {authorid=40453328, name=Tracey L. Crocker}, {authorid=3550932, name=Ian T. Ryde}, {authorid=1716056, name=Joel N. Meyer}]","Nucleic Acids Research","da96c220-cd39-4894-bae6-d2d77c8e7aa9","2012","131","106","4","true","[{category=Biology, source=s2-fos-model}, {category=Medicine, source=external}, {category=Biology, source=external}]","[JournalArticle]","2012-06-20","{name=Nucleic Acids Research, pages=7916 - 7931, volume=40}","880480"
"15833915","{acl=null, dblp=null, arxiv=null, mag=2260240397, corpusid=15833915, pubmed=26115034, doi=10.1371/journal.pone.0130987, pubmedcentral=4482600}","https://www.semanticscholar.org/paper/563ac992fd3255efba7f0b366bfc1cdc462418a1","Assessment of Double Outlet Right Ventricle Associated with Multiple Malformations in Pediatric Patients Using Retrospective ECG-Gated Dual-Source Computed Tomography","[{authorid=2065389857, name=K. Shi}, {authorid=1624231595, name=Zhi-gang Yang}, {authorid=1719866, name=J. Chen}, {authorid=2116290802, name=Ge Zhang}, {authorid=3936424, name=Huayan Xu}, {authorid=152699375, name=Ying-kun Guo}]","PLoS ONE","0aed7a40-85f3-4c66-9e1b-c1556c57001b","2015","32","19","0","true","[{category=Medicine, source=s2-fos-model}, {category=Medicine, source=external}]","[JournalArticle]","2015-06-26","{name=PLoS ONE, pages=null, volume=10}","15833915"
"10321345","{acl=null, dblp=null, arxiv=null, mag=2500830649, corpusid=10321345, pubmed=27443553, doi=10.1136/bmjopen-2015-010751, pubmedcentral=4964176}","https://www.semanticscholar.org/paper/f236128df6aff691554e5f133df8ae9eb5ab23f0","Distinguishing the associations between daily mortality and hospital admissions and nitrogen dioxide from those of particulate matter: a systematic review and meta-analysis","[{authorid=35319262, name=Inga C. Mills}, {authorid=3221335, name=R. Atkinson}, {authorid=144285629, name=H. R. Anderson}, {authorid=144285629, name=H. R. Anderson}, {authorid=3230635, name=R. Maynard}, {authorid=3158734, name=D. Strachan}]","BMJ Open","e6216b43-2428-4aaf-8101-b40e1dfd2810","2016","38","59","2","true","[{category=Environmental Science, source=s2-fos-model}, {category=Medicine, source=external}]","[Review, MetaAnalysis, JournalArticle]","2016-07-01","{name=BMJ Open, pages=null, volume=6}","10321345"
"18223660","{acl=null, dblp=journals/bioinformatics/SinghNKBB12, arxiv=null, mag=2161378694, corpusid=18223660, pubmed=22962472, doi=10.1093/bioinformatics/bts410, pubmedcentral=3436837}","https://www.semanticscholar.org/paper/8d78e0b8109946b16c5b225907a9dfa503300056","Boolean approach to signalling pathway modelling in HGF-induced keratinocyte migration","[{authorid=2116287636, name=Amit Singh}, {authorid=145450689, name=J. Nascimento}, {authorid=2408569, name=Silke Kowar}, {authorid=48652141, name=H. Busch}, {authorid=3053991, name=M. Boerries}]","Bioinform.",,"2012","38","58","2","true","[{category=Biology, source=s2-fos-model}, {category=Biology, source=external}, {category=Medicine, source=external}, {category=Computer Science, source=external}]","[JournalArticle]","2012-09-01","{name=Bioinformatics, pages=i495 - i501, volume=28}","18223660"
"7693559","{acl=null, dblp=journals/corr/abs-1304-2103, arxiv=1304.2103, mag=2949426046, corpusid=7693559, pubmed=null, doi=10.1109/TWC.2013.090313.121076, pubmedcentral=null}","https://www.semanticscholar.org/paper/07298c629f4e122c77456bbda751bcf395f32731","High-Throughput Cooperative Communication with Interference Cancellation for Two-Path Relay in Multi-Source System","[{authorid=2115605740, name=Hao Lu}, {authorid=144280665, name=P. Hong}, {authorid=1707153, name=Kaiping Xue}]","IEEE Transactions on Wireless Communications","bb40a041-3875-45d5-afd4-e1c75f896fa6","2013","23","9","1","true","[{category=Computer Science, source=s2-fos-model}, {category=Engineering, source=s2-fos-model}, {category=Computer Science, source=external}, {category=Mathematics, source=external}]","[JournalArticle]","2013-04-07","{name=IEEE Transactions on Wireless Communications, pages=4840-4851, volume=12}","7693559"
"4684924","{acl=null, dblp=null, arxiv=null, mag=2766643114, corpusid=4684924, pubmed=29115424, doi=10.3892/mmr.2017.7864, pubmedcentral=5780167}","https://www.semanticscholar.org/paper/dd6284656c55651e2cedb515ed17869291ac6341","Cornin protects SH-SY5Y cells against oxygen and glucose deprivation-induced autophagy through the PI3K/Akt/mTOR pathway","[{authorid=2064886331, name=C. Ding}, {authorid=145133567, name=Jie Zhang}, {authorid=48218666, name=Bao-yuan Li}, {authorid=153314034, name=Zhaoxing Ding}, {authorid=145859251, name=Wenna Cheng}, {authorid=2204859854, name=Fei Gao}, {authorid=2115892617, name=Ye Zhang}, {authorid=2142126492, name=Yangyang Xu}, {authorid=50202062, name=Shuping Zhang}]","Molecular Medicine Reports","9e867a6d-79c2-4cef-b939-738283fc3e3a","2017","30","11","0","true","[{category=Biology, source=s2-fos-model}, {category=Medicine, source=s2-fos-model}, {category=Biology, source=external}, {category=Medicine, source=external}]","[JournalArticle]","2017-10-25","{name=Molecular Medicine Reports, pages=87 - 92, volume=17}","4684924"
"10681537","{acl=null, dblp=null, arxiv=null, mag=2774958947, corpusid=10681537, pubmed=29240809, doi=10.1371/journal.pone.0189819, pubmedcentral=5730196}","https://www.semanticscholar.org/paper/99405157043ef5b0bd47e8d19f8eab8ff0cdbb1d","Interaction mode of CIDE family proteins in fly: DREP1 and DREP3 acidic surfaces interact with DREP2 and DREP4 basic surfaces","[{authorid=3755923, name=Chang Min Kim}, {authorid=12954235, name=S. H. Jeon}, {authorid=49331052, name=Jun-Hyuk Choi}, {authorid=2108618165, name=J. Lee}, {authorid=1738882, name=H. H. Park}]","PLoS ONE","0aed7a40-85f3-4c66-9e1b-c1556c57001b","2017","33","2","0","true","[{category=Biology, source=s2-fos-model}, {category=Chemistry, source=s2-fos-model}, {category=Chemistry, source=external}, {category=Medicine, source=external}]","[JournalArticle]","2017-12-14","{name=PLoS ONE, pages=null, volume=12}","10681537"
"2673219","{acl=null, dblp=null, arxiv=null, mag=2109949851, corpusid=2673219, pubmed=27293585, doi=10.1093/conphys/cot001, pubmedcentral=4732437}","https://www.semanticscholar.org/paper/70169a6888f8a5500b6e393695a734dde21555df","What is conservation physiology? Perspectives on an increasingly integrated and essential science","[{authorid=3360126, name=S. Cooke}, {authorid=2874982, name=L. Sack}, {authorid=2320917, name=C. Franklin}, {authorid=34920497, name=A. Farrell}, {authorid=6797166, name=J. Beardall}, {authorid=2844950, name=M. Wikelski}, {authorid=6046183, name=S. Chown}]","Conservation Physiology","ee1256ad-38b8-4427-9c8f-8b532811f63c","2013","277","407","20","true","[{category=Biology, source=s2-fos-model}, {category=Environmental Science, source=s2-fos-model}, {category=Biology, source=external}, {category=Medicine, source=external}]","[JournalArticle]","2013-03-13","{name=Conservation Physiology, pages=null, volume=1}","2673219"
"10948771","{acl=null, dblp=null, arxiv=null, mag=2105613367, corpusid=10948771, pubmed=21931686, doi=10.1371/journal.pone.0024354, pubmedcentral=3170296}","https://www.semanticscholar.org/paper/f25cf70d394e9492ca599c0b21206421ee475011","Familial Adenomatous Polyposis-Associated Desmoids Display Significantly More Genetic Changes than Sporadic Desmoids","[{authorid=1401988933, name=E. Robanus-Maandag}, {authorid=144232033, name=C. Bosch}, {authorid=1400820178, name=S. Amini-Nik}, {authorid=6869929, name=J. Knijnenburg}, {authorid=4892659, name=K. Szuhai}, {authorid=87413962, name=P. Cervera}, {authorid=145125119, name=R. Poon}, {authorid=40120737, name=D. Eccles}, {authorid=145704251, name=P. Radice}, {authorid=115632066, name=M. Giovannini}, {authorid=4544596, name=B. Alman}, {authorid=3104332, name=S. Tejpar}, {authorid=3591008, name=P. Devilee}, {authorid=6570522, name=R. Fodde}]","PLoS ONE","0aed7a40-85f3-4c66-9e1b-c1556c57001b","2011","42","31","2","true","[{category=Medicine, source=s2-fos-model}, {category=Biology, source=external}, {category=Medicine, source=external}]","[JournalArticle]","2011-09-09","{name=PLoS ONE, pages=null, volume=6}","10948771"
"3791833","{acl=null, dblp=null, arxiv=null, mag=2000511172, corpusid=3791833, pubmed=20195481, doi=10.1371/journal.pone.0009451, pubmedcentral=2829089}","https://www.semanticscholar.org/paper/9e217e097e5769fa8d3a9a10cffd6bb4dd48f381","Interspecific Hybridization as a Tool to Understand Vocal Divergence: The Example of Crowing in Quail (Genus Coturnix)","[{authorid=3951831, name=S. Derégnaucourt}]","PLoS ONE","0aed7a40-85f3-4c66-9e1b-c1556c57001b","2010","82","12","2","true","[{category=Biology, source=s2-fos-model}, {category=Biology, source=external}, {category=Medicine, source=external}]","[JournalArticle]","2010-02-26","{name=PLoS ONE, pages=null, volume=5}","3791833"
"13911787","{acl=null, dblp=null, arxiv=null, mag=2783352256, corpusid=13911787, pubmed=29321406, doi=10.2169/internalmedicine.0011-17, pubmedcentral=5980817}","https://www.semanticscholar.org/paper/9c865759a0c68156b758d7c5b80710b36491bc75","An Acute Case of Granulomatous Amoebic Encephalitis-Balamuthia mandrillaris Infection","[{authorid=27060023, name=Kentarou Takei}, {authorid=2091162032, name=M. Toyoshima}, {authorid=66485906, name=Masashi Nakamura}, {authorid=50724924, name=M. Sato}, {authorid=143980795, name=H. Shimizu}, {authorid=49581703, name=C. Inoue}, {authorid=46842359, name=Y. Shimizu}, {authorid=32590261, name=K. Yagita}]","Internal medicine",,"2018","11","13","0","true","[{category=Medicine, source=s2-fos-model}, {category=Medicine, source=external}]","[JournalArticle, CaseReport]","2018-01-11","{name=Internal Medicine, pages=1313 - 1316, volume=57}","13911787"
"7523664","{acl=null, dblp=null, arxiv=null, mag=1990197093, corpusid=7523664, pubmed=24376752, doi=10.1371/journal.pone.0083801, pubmedcentral=3869817}","https://www.semanticscholar.org/paper/fa290a7a1cf495f539f1050390fc605978379a6a","COH-SR4 Reduces Body Weight, Improves Glycemic Control and Prevents Hepatic Steatosis in High Fat Diet-Induced Obese Mice","[{authorid=5591330, name=J. Figarola}, {authorid=11005692, name=P. Singhal}, {authorid=3932283, name=S. Rahbar}, {authorid=5623423, name=B. Gugiu}, {authorid=144716120, name=S. Awasthi}, {authorid=1785406, name=S. Singhal}]","PLoS ONE","0aed7a40-85f3-4c66-9e1b-c1556c57001b","2013","53","26","0","true","[{category=Biology, source=s2-fos-model}, {category=Medicine, source=s2-fos-model}, {category=Medicine, source=external}]","[JournalArticle]","2013-12-20","{name=PLoS ONE, pages=null, volume=8}","7523664"
"2694744","{acl=null, dblp=null, arxiv=null, mag=2557827429, corpusid=2694744, pubmed=27874107, doi=10.18869/acadpub.ibj.21.3.174, pubmedcentral=5392220}","https://www.semanticscholar.org/paper/003e29239672e1bdde69f9778cd54157d44362c3","The Effect of Oral Consumption of Probiotics in Prevention of Heart Injury in a Rat Myocardial Infarction Model: a Histopathological, Hemodynamic and Biochemical Evaluation","[{authorid=7435555, name=J. Sadeghzadeh}, {authorid=2508729, name=A. Vakili}, {authorid=6259443, name=H. Sameni}, {authorid=6782723, name=Mahdi Shadnoush}, {authorid=4267322, name=A. Bandegi}, {authorid=3766358, name=M. Khorasani}]","Iranian Biomedical Journal","7405747d-683b-492c-80e4-6389f9ff1e18","2017","31","24","1","true","[{category=Medicine, source=s2-fos-model}, {category=Medicine, source=external}]","[JournalArticle]","2017-05-01","{name=Iranian Biomedical Journal, pages=174 - 181, volume=21}","2694744"
"8341469","{acl=null, dblp=null, arxiv=null, mag=2141361007, corpusid=8341469, pubmed=22910833, doi=10.1371/journal.ppat.1002832, pubmedcentral=3406087}","https://www.semanticscholar.org/paper/9b8b10c4236319ae386b2da2b0d7090cc7d8f214","The Molecular Basis of Drug Resistance against Hepatitis C Virus NS3/4A Protease Inhibitors","[{authorid=6280257, name=K. Romano}, {authorid=145344333, name=Akbar Ali}, {authorid=4012473, name=Cihan Aydin}, {authorid=6798494, name=Djadé I. Soumana}, {authorid=5066751, name=Ayşegül Özen}, {authorid=5855636, name=Laura M Deveau}, {authorid=2071366366, name=Casey Silver}, {authorid=1686517, name=H. Cao}, {authorid=10806626, name=Alicia Newton}, {authorid=2232889, name=C. Petropoulos}, {authorid=50826972, name=Wei Huang}, {authorid=37170677, name=C. Schiffer}]","PLoS Pathogens","3dd218aa-dc9d-41c7-bf4b-e9f86f1d86d9","2012","70","207","13","true","[{category=Medicine, source=s2-fos-model}, {category=Biology, source=external}, {category=Medicine, source=external}]","[JournalArticle]","2012-07-01","{name=PLoS Pathogens, pages=null, volume=8}","8341469"
"18213172","{acl=null, dblp=null, arxiv=null, mag=1990662760, corpusid=18213172, pubmed=20824087, doi=10.1371/journal.ppat.1001082, pubmedcentral=2932716}","https://www.semanticscholar.org/paper/c51ffc9e6f027ad9edc9a8441815bbd3c1643b9c","Generation of Covalently Closed Circular DNA of Hepatitis B Viruses via Intracellular Recycling Is Regulated in a Virus Specific Manner","[{authorid=32888479, name=J. Köck}, {authorid=7554719, name=C. Rösler}, {authorid=2108087657, name=Jing-jing Zhang}, {authorid=145077905, name=H. Blum}, {authorid=6696977, name=M. Nassal}, {authorid=46990949, name=C. Thoma}]","PLoS Pathogens","3dd218aa-dc9d-41c7-bf4b-e9f86f1d86d9","2010","59","125","4","true","[{category=Biology, source=s2-fos-model}, {category=Medicine, source=s2-fos-model}, {category=Medicine, source=external}, {category=Biology, source=external}]","[JournalArticle]","2010-09-01","{name=PLoS Pathogens, pages=null, volume=6}","18213172"
"72940530","{acl=null, dblp=null, arxiv=null, mag=2917593984, corpusid=72940530, pubmed=30794676, doi=10.1371/journal.pone.0212856, pubmedcentral=6386304}","https://www.semanticscholar.org/paper/b7b4bedf33f144aa2f8ab6be701bbf17fa2caf92","Antibiotic treatment-induced dysbiosis differently affects BDNF and TrkB expression in the brain and in the gut of juvenile mice","[{authorid=37569917, name=Michela Bistoletti}, {authorid=2628810, name=V. Caputi}, {authorid=7021779, name=N. Baranzini}, {authorid=6106299, name=N. Marchesi}, {authorid=5176280, name=Viviana Filpa}, {authorid=9652866, name=I. Marsilio}, {authorid=39172676, name=S. Cerantola}, {authorid=4357717, name=G. Terova}, {authorid=34955006, name=A. Baj}, {authorid=36856237, name=A. Grimaldi}, {authorid=2603999, name=A. Pascale}, {authorid=145709552, name=G. Frigo}, {authorid=6882227, name=F. Crema}, {authorid=39467862, name=M. Giron}, {authorid=6368855, name=C. Giaroni}]","PLoS ONE","0aed7a40-85f3-4c66-9e1b-c1556c57001b","2019","66","58","2","true","[{category=Medicine, source=s2-fos-model}, {category=Biology, source=s2-fos-model}, {category=Environmental Science, source=s2-fos-model}, {category=Medicine, source=external}]","[JournalArticle]","2019-02-22","{name=PLoS ONE, pages=null, volume=14}","72940530"
"211563663","{acl=null, dblp=null, arxiv=null, mag=3008587092, corpusid=211563663, pubmed=32111784, doi=10.21873/invivo.11838, pubmedcentral=null}","https://www.semanticscholar.org/paper/d39a9c650949f16b4870e213667b8b607a9e8b89","Wedge Resection of Tumor Before Lobectomy for Lung Cancer Could Be a No-touch Isolation Technique","[{authorid=3073925, name=M. Yasukawa}, {authorid=3895176, name=N. Sawabata}, {authorid=2605166, name=T. Kawaguchi}, {authorid=2508025, name=S. Taniguchi}]","In Vivo","c95d5b60-5717-43ec-a9ad-f7b18862ef8a","2020","29","6","0","true","[{category=Medicine, source=s2-fos-model}, {category=Medicine, source=external}]","[JournalArticle]","2020-03-01","{name=In Vivo, pages=779 - 785, volume=34}","211563663"
"18533876","{acl=null, dblp=null, arxiv=null, mag=1998494333, corpusid=18533876, pubmed=20352235, doi=10.1007/s00395-010-0098-z, pubmedcentral=2916114}","https://www.semanticscholar.org/paper/5f9f14db4fbf4347e19869ef474f4e47c9d8f6f6","Novel insights into the mechanisms mediating the local antihypertrophic effects of cardiac atrial natriuretic peptide: role of cGMP-dependent protein kinase and RGS2","[{authorid=2065481536, name=Michael Klaiber}, {authorid=34502743, name=M. Kruse}, {authorid=12750734, name=K. Völker}, {authorid=2104146226, name=J. Schröter}, {authorid=145229685, name=R. Feil}, {authorid=6008819, name=M. Freichel}, {authorid=6035854, name=Andrea Gerling}, {authorid=3169018, name=S. Feil}, {authorid=143985898, name=A. Dietrich}, {authorid=50104271, name=J. C. Londoño}, {authorid=145688153, name=H. Baba}, {authorid=4024306, name=J. Abramowitz}, {authorid=4426582, name=L. Birnbaumer}, {authorid=4217785, name=J. Penninger}, {authorid=6509262, name=O. Pongs}, {authorid=145481619, name=M. Kuhn}]","Basic Research in Cardiology","c2827841-b4d7-4ba0-8aed-8d4a033c4ac1","2010","53","77","4","true","[{category=Medicine, source=s2-fos-model}, {category=Biology, source=s2-fos-model}, {category=Biology, source=external}, {category=Medicine, source=external}]","[JournalArticle]","2010-03-30","{name=Basic Research in Cardiology, pages=583 - 595, volume=105}","18533876"
"210924411","{acl=null, dblp=null, arxiv=null, mag=3003865569, corpusid=210924411, pubmed=31985065, doi=10.1111/jmi.12867, pubmedcentral=8597398}","https://www.semanticscholar.org/paper/320ea2a40a3ffe793f39041e7f449f05af08ffbb","Next generation secondary electron detector with energy analysis capability for SEM","[]","Journal of Microscopy","52565dee-9c42-40a4-a69e-411601da6587","2020","15","5","0","true","[{category=Materials Science, source=s2-fos-model}, {category=Physics, source=s2-fos-model}, {category=Engineering, source=s2-fos-model}, {category=Medicine, source=external}, {category=Materials Science, source=external}]","[JournalArticle]","2020-01-27","{name=Journal of Microscopy, pages=207 - 211, volume=279}","210924411"
"22765426","{acl=null, dblp=null, arxiv=null, mag=1991412538, corpusid=22765426, pubmed=24873860, doi=10.5966/sctm.2013-0216, pubmedcentral=null}","https://www.semanticscholar.org/paper/4e45b38d24a246f6a9f9e794654a7d42eb9211d2","Multicolor Staining of Globin Subtypes Reveals Impaired Globin Switching During Erythropoiesis in Human Pluripotent Stem Cells","[{authorid=3758552, name=Kiyosumi Ochi}, {authorid=4596633, name=N. Takayama}, {authorid=1809764, name=Sho-ichi Hirose}, {authorid=4014760, name=T. Nakahata}, {authorid=5846791, name=H. Nakauchi}, {authorid=3302940, name=K. Eto}]","Stem Cells Translational Medicine","351a7b45-82ea-4831-b5df-6cdc27f512d6","2014","38","19","1","true","[{category=Biology, source=s2-fos-model}, {category=Medicine, source=s2-fos-model}, {category=Biology, source=external}, {category=Medicine, source=external}]","[JournalArticle]","2014-07-01","{name=STEM CELLS Translational Medicine, pages=null, volume=3}","22765426"
"1531833","{acl=null, dblp=null, arxiv=null, mag=2030695708, corpusid=1531833, pubmed=25768944, doi=10.1371/journal.pone.0118451, pubmedcentral=4359107}","https://www.semanticscholar.org/paper/de840ad9da2334d401b69a6001059a49a39a5f84","Iron Prevents the Development of Experimental Cerebral Malaria by Attenuating CXCR3-Mediated T Cell Chemotaxis","[{authorid=6815919, name=Kristin M. Van Den Ham}, {authorid=5234604, name=M. Shio}, {authorid=6219144, name=A. Rainone}, {authorid=49406335, name=S. Fournier}, {authorid=3857521, name=C. Krawczyk}, {authorid=144819527, name=M. Olivier}]","PLoS ONE","0aed7a40-85f3-4c66-9e1b-c1556c57001b","2015","59","8","0","true","[{category=Medicine, source=s2-fos-model}, {category=Environmental Science, source=s2-fos-model}, {category=Biology, source=external}, {category=Medicine, source=external}]","[JournalArticle]","2015-03-13","{name=PLoS ONE, pages=null, volume=10}","1531833"
"79497917","{acl=null, dblp=null, arxiv=null, mag=2963959924, corpusid=79497917, pubmed=31417647, doi=10.7150/jca.28674, pubmedcentral=6692619}","https://www.semanticscholar.org/paper/e3ca7ffcaeaa314cf5c87c4e7c9168d870310007","A randomized trial of conventional fraction versus hypofraction radiotherapy for bone metastases from hepatocellular carcinoma","[{authorid=50775002, name=Jian He}, {authorid=15793951, name=S. Shi}, {authorid=14630103, name=L. Ye}, {authorid=14825498, name=Guifen Ma}, {authorid=27747483, name=Xiang-ou Pan}, {authorid=2232723335, name=Yan Huang}, {authorid=1781820, name=Z. Zeng}]","Journal of Cancer","3120f100-cfa2-4130-bd3d-fc7b1a04ca48","2015","28","9","1","true","[{category=Medicine, source=s2-fos-model}, {category=Medicine, source=external}]","[JournalArticle]","2015-07-18","{name=Journal of Cancer, pages=4031 - 4037, volume=10}","79497917"
"262303","{acl=null, dblp=null, arxiv=null, mag=2079815439, corpusid=262303, pubmed=23460846, doi=10.1371/journal.pone.0057379, pubmedcentral=3583848}","https://www.semanticscholar.org/paper/a383c8aa55fa1b94a59d1d3a1f98a9fc92b9ca3f","IL-22 Is Mainly Produced by IFNγ-Secreting Cells but Is Dispensable for Host Protection against Mycobacterium tuberculosis Infection","[{authorid=49148101, name=J. Behrends}, {authorid=4347423, name=J. Renauld}, {authorid=145488657, name=S. Ehlers}, {authorid=49736749, name=C. Hölscher}]","PLoS ONE","0aed7a40-85f3-4c66-9e1b-c1556c57001b","2013","77","42","0","true","[{category=Biology, source=s2-fos-model}, {category=Medicine, source=s2-fos-model}, {category=Biology, source=external}, {category=Medicine, source=external}]","[JournalArticle]","2013-02-27","{name=PLoS ONE, pages=null, volume=8}","262303"
"56144775","{acl=null, dblp=null, arxiv=null, mag=2903940261, corpusid=56144775, pubmed=30540800, doi=10.1371/journal.pone.0207936, pubmedcentral=6291101}","https://www.semanticscholar.org/paper/7523ebb7142a28e6a05ed2325e9593b1b38dbba6","Gene expression is implicated in the ability of pikas to occupy Himalayan elevational gradient","[{authorid=8879578, name=Katherine A. Solari}, {authorid=3356066, name=U. Ramakrishnan}, {authorid=2999004, name=E. Hadly}]","PLoS ONE","0aed7a40-85f3-4c66-9e1b-c1556c57001b","2018","88","8","0","true","[{category=Environmental Science, source=s2-fos-model}, {category=Biology, source=s2-fos-model}, {category=Medicine, source=external}, {category=Biology, source=external}]","[JournalArticle]","2018-12-12","{name=PLoS ONE, pages=null, volume=13}","56144775"
"58582682","{acl=null, dblp=null, arxiv=null, mag=2905763177, corpusid=58582682, pubmed=30573521, doi=10.1158/0008-5472.CAN-17-3053, pubmedcentral=null}","https://www.semanticscholar.org/paper/5bf1ebd9f230444935d6923290da684a91960ce3","Activation of Peroxisome Proliferator-Activated Receptors α and δ Synergizes with Inflammatory Signals to Enhance Adoptive Cell Therapy.","[{authorid=2250493569, name=Samuel D. Saibil}, {authorid=4114920, name=M. St Paul}, {authorid=1871967, name=R. Laister}, {authorid=1412142524, name=Carlos R. Garcia-Batres}, {authorid=1435442128, name=Kavita Israni-Winger}, {authorid=6435886, name=A. Elford}, {authorid=12108744, name=N. Grimshaw}, {authorid=1413337904, name=C. Robert-Tissot}, {authorid=5406926, name=D. Roy}, {authorid=2109219917, name=Russell G. Jones}, {authorid=2150605002, name=L. Nguyen}, {authorid=5629532, name=P. Ohashi}]","Cancer Research","b0bd78b2-6591-460e-af71-196409b62e2c","2018","27","28","1","true","[{category=Medicine, source=s2-fos-model}, {category=Biology, source=s2-fos-model}, {category=Medicine, source=external}, {category=Chemistry, source=external}]","[JournalArticle]","2018-12-20","{name=Cancer research, pages=
          445-451
        , volume=79 3}","58582682"
"7346871","{acl=null, dblp=null, arxiv=null, mag=2740983971, corpusid=7346871, pubmed=28767722, doi=10.1371/journal.pone.0182113, pubmedcentral=5540531}","https://www.semanticscholar.org/paper/3a1f0cc3f91fafb3f763bca6cdc42ecb8d1f63dd","Cost-effectiveness analysis of population-based tobacco control strategies in the prevention of cardiovascular diseases in Tanzania","[{authorid=4941995, name=F. Ngalesoni}, {authorid=6626010, name=G. Ruhago}, {authorid=7478863, name=Mary T Mayige}, {authorid=1933132, name=T. C. Oliveira}, {authorid=3293420, name=B. Robberstad}, {authorid=5384209, name=O. Norheim}, {authorid=34637774, name=Hideki Higashi}]","PLoS ONE","0aed7a40-85f3-4c66-9e1b-c1556c57001b","2017","65","17","2","true","[{category=Economics, source=s2-fos-model}, {category=Medicine, source=s2-fos-model}, {category=Medicine, source=external}]","[JournalArticle]","2017-08-02","{name=PLoS ONE, pages=null, volume=12}","7346871"
"15382390","{acl=null, dblp=null, arxiv=null, mag=2161002699, corpusid=15382390, pubmed=21906348, doi=10.1186/2110-5820-1-17, pubmedcentral=3224476}","https://www.semanticscholar.org/paper/20dee8ea0986f23a3bd02bd9ccecb2582898c638","Surviving sepsis: going beyond the guidelines","[{authorid=3887524, name=P. Marik}]","Annals of Intensive Care","f970b1d5-df9b-4542-958b-775f51e9d3ff","2011","61","72","3","true","[{category=Medicine, source=s2-fos-model}, {category=Medicine, source=external}]","[JournalArticle, Review]","2011-06-07","{name=Annals of Intensive Care, pages=17 - 17, volume=1}","15382390"
"21820895","{acl=null, dblp=null, arxiv=null, mag=2166539201, corpusid=21820895, pubmed=20169109, doi=10.1371/journal.pbio.1000309, pubmedcentral=2821892}","https://www.semanticscholar.org/paper/7a20438571dee6d816c8d6ff48e7206ab5665850","VertNet: A New Model for Biodiversity Data Sharing","[{authorid=49854507, name=Heather B. Constable}, {authorid=145634039, name=R. Guralnick}, {authorid=2675029, name=John Wieczorek}, {authorid=144618211, name=Carol L. Spencer}, {authorid=2080156940, name=A. Peterson}]","PLoS Biology","83ff973b-8a0e-4e00-a06a-2cfd9e222de9","2010","12","160","9","true","[{category=Biology, source=s2-fos-model}, {category=Computer Science, source=s2-fos-model}, {category=Environmental Science, source=s2-fos-model}, {category=Sociology, source=external}, {category=Medicine, source=external}]","[JournalArticle]","2010-02-01","{name=PLoS Biology, pages=null, volume=8}","21820895"
"13687239","{acl=null, dblp=null, arxiv=null, mag=2545194489, corpusid=13687239, pubmed=29737719, doi=10.17533/udea.iee.v34n3a05, pubmedcentral=null}","https://www.semanticscholar.org/paper/71fa9c3c4212505afe2c3878b03b26d16c1a01c7","Effectiveness of an Educational Program on Childhood Tuberculosis Supported on Information and Communication Technologies Aimed at Community Mothers from Cartagena.","[{authorid=114555466, name=Irma Yolanda Castillo Avila}, {authorid=114318612, name=Jacqueline Hernández Escolar}, {authorid=118146319, name=Luis Alvis Estrada}]","Investigación y Educación en Enfermería","a6b937b2-f90d-4d9c-826b-9a580f48663c","2016","21","1","0","true","[{category=Medicine, source=s2-fos-model}, {category=Education, source=s2-fos-model}, {category=Medicine, source=external}]","[JournalArticle]","2016-10-21","{name=Investigacion y educacion en enfermeria, pages=
          465-473
        , volume=34 3}","13687239"
"54479776","{acl=null, dblp=null, arxiv=null, mag=2904190023, corpusid=54479776, pubmed=30539674, doi=10.1080/03009734.2018.1526235, pubmedcentral=6327594}","https://www.semanticscholar.org/paper/9a44a354e1fce6402e6ec209c3b3e92317c850be","Personality disorder: a disease in disguise","[{authorid=5951350, name=L. Ekselius}]","Upsala Journal of Medical Sciences","459a8f66-8318-4c98-a23d-db39b5fe324c","2018","94","26","2","true","[{category=Psychology, source=s2-fos-model}, {category=Medicine, source=s2-fos-model}, {category=Medicine, source=external}]","[Review, JournalArticle]","2018-10-02","{name=Upsala Journal of Medical Sciences, pages=194 - 204, volume=123}","54479776"
"16670211","{acl=null, dblp=null, arxiv=null, mag=1799555931, corpusid=16670211, pubmed=20626568, doi=10.1111/j.1365-2826.2010.02047.x, pubmedcentral=2943589}","https://www.semanticscholar.org/paper/88cd53120f38948bdaee3f0d3c970880d7e28e7c","Regulation of Thyroid Hormone-, Oestrogen- and Androgen-Related Genes by Triiodothyronine in the Brain of Silurana tropicalis","[{authorid=1398137029, name=P. Duarte-Guterman}, {authorid=3067518, name=V. Trudeau}]","Journal of neuroendocrinology","f08ee432-8335-4b14-a72a-bf318e80ff42","2010","54","31","0","true","[{category=Biology, source=s2-fos-model}, {category=Environmental Science, source=s2-fos-model}, {category=Medicine, source=s2-fos-model}, {category=Medicine, source=external}, {category=Biology, source=external}]","[JournalArticle]","2010-09-01","{name=Journal of Neuroendocrinology, pages=1023 - 1031, volume=22}","16670211"
"263950113","{acl=null, dblp=null, arxiv=null, mag=2041341260, corpusid=263950113, pubmed=23455476, doi=10.1093/nar/gkt142, pubmedcentral=3632129}","https://www.semanticscholar.org/paper/a21f7fcb4048f10d056db1303ce68fd5dbf325f5","RIPSeeker: a statistical package for identifying protein-associated transcripts from RIP-seq experiments","[{authorid=2258534108, name=Yue Li}, {authorid=2258097214, name=Dorothy Yanling Zhao}, {authorid=2240137257, name=Jack F. Greenblatt}, {authorid=2257041342, name=Zhaolei Zhang}]","Nucleic Acids Research","da96c220-cd39-4894-bae6-d2d77c8e7aa9","2013","52","5","0","true","[{category=Computer Science, source=s2-fos-model}, {category=Biology, source=s2-fos-model}, {category=Medicine, source=external}, {category=Biology, source=external}]","[JournalArticle]","2013-02-28","{name=Nucleic Acids Research, pages=e94 - e94, volume=41}","263950113"
"14619245","{acl=null, dblp=null, arxiv=null, mag=2026240866, corpusid=14619245, pubmed=24470763, doi=10.2147/OTT.S55344, pubmedcentral=3896323}","https://www.semanticscholar.org/paper/68b09f8bdb3e038db95716acac2924a37ac524a0","Therapeutic targeting of Neu1 sialidase with oseltamivir phosphate (Tamiflu®) disables cancer cell survival in human pancreatic cancer with acquired chemoresistance","[{authorid=1411086232, name=leah K O’shea}, {authorid=9880385, name=Samar Abdulkhalek}, {authorid=144627571, name=S. Allison}, {authorid=35098304, name=R. Neufeld}, {authorid=5031377, name=M. Szewczuk}]","OncoTargets and Therapy","a3c92136-86d8-407a-9c91-45bd53eb2c77","2014","78","55","2","true","[{category=Medicine, source=s2-fos-model}, {category=Medicine, source=external}]","[JournalArticle]","2014-01-16","{name=OncoTargets and therapy, pages=117 - 134, volume=7}","14619245"
"35970613","{acl=null, dblp=null, arxiv=1210.1823, mag=2059696554, corpusid=35970613, pubmed=22417124, doi=10.1021/nn300494k, pubmedcentral=null}","https://www.semanticscholar.org/paper/3b9947d5f263aa431cdc04f5369c92dc6b6fd42d","Rapid size-controlled synthesis of dextran-coated, 64Cu-doped iron oxide nanoparticles.","[{authorid=122418483, name=Ray Wong}, {authorid=15197100, name=D. Gilbert}, {authorid=13250895, name=Kai Liu}, {authorid=4543885, name=A. Louie}]","ACS Nano","81cb3f78-2a86-4785-a493-9305c3268992","2012","27","111","3","true","[{category=Chemistry, source=s2-fos-model}, {category=Materials Science, source=s2-fos-model}, {category=Medicine, source=s2-fos-model}, {category=Physics, source=external}, {category=Materials Science, source=external}, {category=Medicine, source=external}]","[JournalArticle]","2012-03-30","{name=ACS nano, pages=
          3461-7
        , volume=6 4}","35970613"
"264628945","{acl=null, dblp=null, arxiv=null, mag=2619920227, corpusid=264628945, pubmed=28641609, doi=10.1017/S0033291717001659, pubmedcentral=null}","https://www.semanticscholar.org/paper/e128970dd88466f54366d235d9a3dceeb24bd7e1","A systematic review of the psychometric properties, usability and clinical impacts of mobile mood-monitoring applications in young people","[]","Psychological Medicine","d45c1b1e-6745-4ce0-8110-f3a53cf52d6e","2017","0","5","0","true","[{category=Psychology, source=s2-fos-model}, {category=Psychology, source=external}, {category=Medicine, source=external}]","[Review, JournalArticle]","2017-06-23","{name=Psychological Medicine, pages=208 - 228, volume=48}","264628945"
"6013242","{acl=null, dblp=null, arxiv=null, mag=1869033358, corpusid=6013242, pubmed=26496493, doi=10.1371/journal.pone.0141504, pubmedcentral=4619719}","https://www.semanticscholar.org/paper/70bf726d74b6286cb4d3df70a0d8e7295bcb1201","Phylogeny of Symbiotic Genes and the Symbiotic Properties of Rhizobia Specific to Astragalus glycyphyllos L.","[{authorid=4002361, name=S. Gnat}, {authorid=2876634, name=W. Małek}, {authorid=4286485, name=Ewa Oleńska}, {authorid=1401343044, name=Sylwia Wdowiak-Wróbel}, {authorid=34709460, name=M. Kalita}, {authorid=6914283, name=B. Łotocka}, {authorid=36062322, name=M. Wójcik}]","PLoS ONE","0aed7a40-85f3-4c66-9e1b-c1556c57001b","2015","88","17","0","true","[{category=Biology, source=s2-fos-model}, {category=Environmental Science, source=s2-fos-model}, {category=Biology, source=external}, {category=Medicine, source=external}]","[JournalArticle]","2015-10-23","{name=PLoS ONE, pages=null, volume=10}","6013242"
"17023010","{acl=null, dblp=null, arxiv=null, mag=2515410885, corpusid=17023010, pubmed=27536963, doi=10.1371/journal.pone.0161292, pubmedcentral=4990276}","https://www.semanticscholar.org/paper/7bf4c99bc98a04204b5b0579acf7320c3cde3252","Using Dendritic Heat Maps to Simultaneously Display Genotype Divergence with Phenotype Divergence","[{authorid=4876992, name=M. Kellom}, {authorid=49144207, name=J. Raymond}]","PLoS ONE","0aed7a40-85f3-4c66-9e1b-c1556c57001b","2016","42","9","0","true","[{category=Biology, source=s2-fos-model}, {category=Computer Science, source=s2-fos-model}, {category=Biology, source=external}, {category=Medicine, source=external}]","[JournalArticle]","2016-08-18","{name=PLoS ONE, pages=null, volume=11}","17023010"
"2421789","{acl=null, dblp=null, arxiv=null, mag=2606135333, corpusid=2421789, pubmed=28402545, doi=10.1093/nar/gkx270, pubmedcentral=5449597}","https://www.semanticscholar.org/paper/c117677b9ed7eb471b7edbd8f65e2ae4d2040775","ORIO (Online Resource for Integrative Omics): a web-based platform for rapid integration of next generation sequencing data","[{authorid=39291675, name=Christopher A. Lavender}, {authorid=50644372, name=Andrew J. Shapiro}, {authorid=3824433, name=Adam B. Burkholder}, {authorid=40125237, name=Brian D. Bennett}, {authorid=6049686, name=K. Adelman}, {authorid=3271985, name=D. Fargo}]","Nucleic Acids Research","da96c220-cd39-4894-bae6-d2d77c8e7aa9","2017","51","10","0","true","[{category=Biology, source=s2-fos-model}, {category=Computer Science, source=s2-fos-model}, {category=Biology, source=external}, {category=Medicine, source=external}]","[JournalArticle]","2017-04-11","{name=Nucleic Acids Research, pages=5678 - 5690, volume=45}","2421789"
"26599880","{acl=null, dblp=null, arxiv=null, mag=2025728074, corpusid=26599880, pubmed=22777357, doi=10.1038/onc.2012.237, pubmedcentral=3470785}","https://www.semanticscholar.org/paper/5ea387cdff54a182fc89da444a9fee6615e59c55","Terminal differentiation and loss of tumorigenicity of human cancers via pluripotency based reprogramming","[{authorid=2243854789, name=Xi Zhang}, {authorid=2243696818, name=Filemon Dela Cruz}, {authorid=2243711217, name=Melissa Terry}, {authorid=2243784980, name=Fabrizio Remotti}, {authorid=2243786036, name=Igor Matushansky}]","Oncogene","55bed249-d30f-456b-9d2c-a51dc149cb7a","2012","58","123","9","true","[{category=Biology, source=s2-fos-model}, {category=Medicine, source=s2-fos-model}, {category=Biology, source=external}, {category=Medicine, source=external}]","[JournalArticle]","2012-05-14","{name=Oncogene, pages=2249 - 226121, volume=32}","26599880"
"4363822","{acl=null, dblp=null, arxiv=null, mag=2209806916, corpusid=4363822, pubmed=21307934, doi=10.1038/nature09744, pubmedcentral=3075885}","https://www.semanticscholar.org/paper/e909b7e78460df2e579c030db3897183f0fd1d84","The genomic complexity of primary human prostate cancer","[{authorid=33727638, name=M. Berger}, {authorid=1781235, name=M. Lawrence}, {authorid=2382122, name=F. Demichelis}, {authorid=2158129, name=Y. Drier}, {authorid=3251272, name=K. Cibulskis}, {authorid=2147191, name=A. Sivachenko}, {authorid=2315866, name=A. Sboner}, {authorid=7033109, name=Raquel Esgueva}, {authorid=5715823, name=D. Pflueger}, {authorid=145617491, name=C. Sougnez}, {authorid=6552113, name=R. Onofrio}, {authorid=34861533, name=S. Carter}, {authorid=47766724, name=K. Park}, {authorid=2595445, name=L. Habegger}, {authorid=3498095, name=L. Ambrogio}, {authorid=49209642, name=T. Fennell}, {authorid=3100065, name=Melissa Parkin}, {authorid=3164366, name=G. Saksena}, {authorid=40260562, name=Douglas Voet}, {authorid=49133562, name=A. Ramos}, {authorid=2035863, name=Trevor J Pugh}, {authorid=145839636, name=Jane Wilkinson}, {authorid=144482704, name=Sheila A Fisher}, {authorid=2060379, name=W. Winckler}, {authorid=47678266, name=Scott Mahan}, {authorid=4351471, name=K. Ardlie}, {authorid=50148683, name=J. Baldwin}, {authorid=47275360, name=J. Simons}, {authorid=1984045, name=Naoki Kitabayashi}, {authorid=31793409, name=T. Macdonald}, {authorid=9933602, name=P. Kantoff}, {authorid=144750835, name=L. Chin}, {authorid=34428249, name=S. Gabriel}, {authorid=1717018, name=M. Gerstein}, {authorid=2900051, name=T. Golub}, {authorid=145046418, name=M. Meyerson}, {authorid=2012565, name=A. Tewari}, {authorid=9311320, name=E. Lander}, {authorid=2110594, name=G. Getz}, {authorid=144014266, name=M. Rubin}, {authorid=3003287, name=L. Garraway}]","Nature","6c24a0a0-b07d-4d7b-a19b-fd09a3ed453a","2010","53","1189","49","true","[{category=Biology, source=s2-fos-model}, {category=Medicine, source=s2-fos-model}, {category=Biology, source=external}, {category=Medicine, source=external}]","[JournalArticle]","2010-12-10","{name=Nature, pages=214 - 220, volume=470}","4363822"
"129945123","{acl=null, dblp=null, arxiv=null, mag=2935455368, corpusid=129945123, pubmed=31530309, doi=10.1192/bjo.2019.12, pubmedcentral=6469236}","https://www.semanticscholar.org/paper/3d5d14ff9eeaaef82e7dc5812735897a2fc511b4","Understanding psychiatrists' knowledge, attitudes and experiences in identifying and supporting their patients on the autism spectrum: online survey","[{authorid=145450374, name=Laura Crane}, {authorid=47442465, name=I. Davidson}, {authorid=28503495, name=Rachel A Prosser}, {authorid=6717427, name=E. Pellicano}]","BJPsych Open","7e6a8e7b-939b-4d19-af46-0878b11ff420","2019","32","33","1","true","[{category=Psychology, source=s2-fos-model}, {category=Medicine, source=s2-fos-model}, {category=Psychology, source=external}, {category=Medicine, source=external}]","[JournalArticle, Review]","2019-04-05","{name=BJPsych Open, pages=null, volume=5}","129945123"
"125186218","{acl=null, dblp=null, arxiv=null, mag=2936788966, corpusid=125186218, pubmed=31004828, doi=10.1016/j.jcmgh.2019.04.007, pubmedcentral=6698700}","https://www.semanticscholar.org/paper/279a7ba52796604cd89013383c4cc0cde785bf08","Metabolic Targets in Nonalcoholic Fatty Liver Disease","[{authorid=5508643, name=W. Esler}, {authorid=5628796, name=K. Bence}]","Cellular and Molecular Gastroenterology and Hepatology","9ee3fecf-e475-4b58-8766-3f0978a0e64a","2019","187","89","9","true","[{category=Medicine, source=s2-fos-model}, {category=Medicine, source=external}]","[Review, JournalArticle]","2019-04-18","{name=Cellular and Molecular Gastroenterology and Hepatology, pages=247 - 267, volume=8}","125186218"
"5043308","{acl=null, dblp=null, arxiv=null, mag=2086535572, corpusid=5043308, pubmed=25756421, doi=10.1371/journal.pone.0121645, pubmedcentral=4355593}","https://www.semanticscholar.org/paper/9e2b47b233789901c03032b352381fded8b3cf1b","Regulation of Lipid Droplet Size in Mammary Epithelial Cells by Remodeling of Membrane Lipid Composition—A Potential Mechanism","[{authorid=28184770, name=Bat-Chen Cohen}, {authorid=6818000, name=A. Shamay}, {authorid=1399112675, name=N. Argov-Argaman}]","PLoS ONE","0aed7a40-85f3-4c66-9e1b-c1556c57001b","2015","59","58","1","true","[{category=Biology, source=s2-fos-model}, {category=Medicine, source=s2-fos-model}, {category=Biology, source=external}, {category=Medicine, source=external}]","[JournalArticle]","2015-03-10","{name=PLoS ONE, pages=null, volume=10}","5043308"
"52173140","{acl=null, dblp=null, arxiv=null, mag=2891098070, corpusid=52173140, pubmed=30192802, doi=10.1371/journal.pone.0203402, pubmedcentral=6128559}","https://www.semanticscholar.org/paper/45d5edead1748581f8309b28e33d77c085e1c9a1","EGFR signaling suppresses type 1 cytokine-induced T-cell attracting chemokine secretion in head and neck cancer","[{authorid=50143431, name=Wenbo Ma}, {authorid=1399157958, name=F. Concha-Benavente}, {authorid=35158825, name=S. Santegoets}, {authorid=40034755, name=M. Welters}, {authorid=81898363, name=I. Ehsan}, {authorid=4044273, name=R. Ferris}, {authorid=2170219, name=S. H. van der Burg}]","PLoS ONE","0aed7a40-85f3-4c66-9e1b-c1556c57001b","2018","46","22","0","true","[{category=Medicine, source=s2-fos-model}, {category=Biology, source=s2-fos-model}, {category=Chemistry, source=external}, {category=Medicine, source=external}]","[JournalArticle, ClinicalTrial]","2018-09-07","{name=PLoS ONE, pages=null, volume=13}","52173140"
"13473664","{acl=null, dblp=null, arxiv=null, mag=2150308082, corpusid=13473664, pubmed=24744240, doi=10.1093/nar/gku269, pubmedcentral=4041443}","https://www.semanticscholar.org/paper/20214dbb4f9c561bed3b7d3686c9ee7adf45bb3c","DNA–protein π-interactions in nature: abundance, structure, composition and strength of contacts between aromatic amino acids and DNA nucleobases or deoxyribose sugar","[{authorid=6293247, name=K. A. Wilson}, {authorid=7910394, name=J. Kellie}, {authorid=5222198, name=S. Wetmore}]","Nucleic Acids Research","da96c220-cd39-4894-bae6-d2d77c8e7aa9","2014","134","114","2","true","[{category=Biology, source=s2-fos-model}, {category=Chemistry, source=s2-fos-model}, {category=Medicine, source=external}, {category=Biology, source=external}]","[JournalArticle]","2014-04-15","{name=Nucleic Acids Research, pages=6726 - 6741, volume=42}","13473664"
"49417184","{acl=null, dblp=null, arxiv=null, mag=2804019353, corpusid=49417184, pubmed=29943616, doi=10.4102/phcfm.v10i1.1699, pubmedcentral=6018525}","https://www.semanticscholar.org/paper/d116917da30494978c98ec1c8a77829f7e461c70","Intimate partner violence: The need for an alternative primary preventive approach in Botswana","[{authorid=5436514, name=R. Ogundipe}, {authorid=5443341, name=N. Woollett}, {authorid=5591538, name=G. Ogunbanjo}, {authorid=4845148, name=A. Olashore}, {authorid=6922732, name=Stephane Tshitenge}]","African Journal of Primary Health Care & Family Medicine","d5e9cdfa-387f-493e-944f-a4885fa7bf02","2018","29","5","1","true","[{category=Sociology, source=s2-fos-model}, {category=Medicine, source=external}]","[JournalArticle]","2018-05-24","{name=African Journal of Primary Health Care & Family Medicine, pages=null, volume=10}","49417184"
"17035119","{acl=null, dblp=null, arxiv=null, mag=2114790063, corpusid=17035119, pubmed=24676390, doi=10.1371/journal.ppat.1003933, pubmedcentral=3968118}","https://www.semanticscholar.org/paper/34f94a7de6b439fd79cd02a3fb00910988b7484b","Oral Bacteria and Cancer","[{authorid=143906708, name=S. Whitmore}, {authorid=2135121, name=R. Lamont}]","PLoS Pathogens","3dd218aa-dc9d-41c7-bf4b-e9f86f1d86d9","2014","27","265","7","true","[{category=Biology, source=s2-fos-model}, {category=Medicine, source=s2-fos-model}, {category=Biology, source=external}, {category=Medicine, source=external}]","[Review, JournalArticle]","2014-03-01","{name=PLoS Pathogens, pages=null, volume=10}","17035119"
"922997","{acl=null, dblp=null, arxiv=null, mag=2178275497, corpusid=922997, pubmed=26562523, doi=10.1371/journal.pone.0142506, pubmedcentral=4642933}","https://www.semanticscholar.org/paper/565115443ff91db3218450602212afeea823ce49","Atomic Force Microscopy Characterization of Protein Fibrils Formed by the Amyloidogenic Region of the Bacterial Protein MinE on Mica and a Supported Lipid Bilayer","[{authorid=8603755, name=Ya-Ling Chiang}, {authorid=1868131, name=Yuan-Chih Chang}, {authorid=47545646, name=I-Chen Chiang}, {authorid=122027325, name=Huey-Ming Mak}, {authorid=5387729, name=I. Hwang}, {authorid=3435791, name=Y. Shih}]","PLoS ONE","0aed7a40-85f3-4c66-9e1b-c1556c57001b","2015","49","13","0","true","[{category=Materials Science, source=s2-fos-model}, {category=Physics, source=s2-fos-model}, {category=Medicine, source=external}, {category=Chemistry, source=external}]","[JournalArticle]","2015-11-12","{name=PLoS ONE, pages=null, volume=10}","922997"
"10490184","{acl=null, dblp=null, arxiv=null, mag=2675988551, corpusid=10490184, pubmed=28673065, doi=10.5213/inj.1732760.380, pubmedcentral=5497199}","https://www.semanticscholar.org/paper/4d1c2f7c09356c2157d4c850b8c545f8a5069b49","Sociodemographic Factors Related to Lower Urinary Tract Symptoms in Men: A Korean Community Health Survey","[{authorid=6163230, name=J. Jo}, {authorid=4869610, name=Kyu Shik Kim}, {authorid=4731964, name=J. Nam}, {authorid=40537942, name=Bo Yul Choi}, {authorid=6173759, name=H. Moon}]","International Neurourology Journal","df7ae7ef-da15-4307-98a7-991cdc42f916","2017","33","12","0","true","[{category=Medicine, source=s2-fos-model}, {category=Sociology, source=s2-fos-model}, {category=Medicine, source=external}]","[JournalArticle, Review]","2017-06-01","{name=International Neurourology Journal, pages=143 - 151, volume=21}","10490184"
"49876551","{acl=null, dblp=null, arxiv=null, mag=2808951954, corpusid=49876551, pubmed=30026758, doi=10.1155/2018/7192646, pubmedcentral=6031203}","https://www.semanticscholar.org/paper/bd34ac853ee6f2a7ec5a0dc234b31e384432614c","Cellular Stress Responses and Gut Microbiota in Inflammatory Bowel Disease","[{authorid=4272716, name=Siyan Cao}]","Gastroenterology Research and Practice","0de80c9b-b164-4398-b00a-da2fc3b25376","2018","174","23","1","true","[{category=Medicine, source=s2-fos-model}, {category=Biology, source=s2-fos-model}, {category=Environmental Science, source=s2-fos-model}, {category=Medicine, source=external}]","[Review, JournalArticle]","2018-06-20","{name=Gastroenterology Research and Practice, pages=null, volume=2018}","49876551"
"25311185","{acl=null, dblp=null, arxiv=null, mag=2610792835, corpusid=25311185, pubmed=28464004, doi=10.1371/journal.pone.0175517, pubmedcentral=5413041}","https://www.semanticscholar.org/paper/16d6501887ebe91b8b1675ee84868012794d5b95","Vitamin D deficiency is associated with IL-6 levels and monocyte activation in HIV-infected persons","[{authorid=3709091, name=M. Manion}, {authorid=4167804, name=K. H. Hullsiek}, {authorid=152678796, name=E. Wilson}, {authorid=6651217, name=F. Rhame}, {authorid=143691257, name=E. Kojic}, {authorid=2060104129, name=David Gibson}, {authorid=46511936, name=J. Hammer}, {authorid=144796926, name=P. Patel}, {authorid=145184090, name=J. Brooks}, {authorid=1680915, name=J. Baker}, {authorid=2925183, name=I. Sereti}]","PLoS ONE","0aed7a40-85f3-4c66-9e1b-c1556c57001b","2017","17","61","3","true","[{category=Medicine, source=s2-fos-model}, {category=Medicine, source=external}]","[JournalArticle]","2017-05-02","{name=PLoS ONE, pages=null, volume=12}","25311185"
"4577283","{acl=null, dblp=null, arxiv=null, mag=2166690869, corpusid=4577283, pubmed=24992339, doi=10.1371/journal.pone.0100824, pubmedcentral=4081115}","https://www.semanticscholar.org/paper/36096d618c977cc16e278185e5a645e1301dad54","AIF Downregulation and Its Interaction with STK3 in Renal Cell Carcinoma","[{authorid=50433138, name=Shengqiang Xu}, {authorid=5381400, name=Hongjin Wu}, {authorid=50436054, name=Huan Nie}, {authorid=49693105, name=L. Yue}, {authorid=3983741, name=Huadong Jiang}, {authorid=46440656, name=Sheng Xiao}, {authorid=2116611056, name=Yu Li}]","PLoS ONE","0aed7a40-85f3-4c66-9e1b-c1556c57001b","2014","56","11","1","true","[{category=Medicine, source=s2-fos-model}, {category=Medicine, source=external}, {category=Biology, source=external}]","[JournalArticle]","2014-07-03","{name=PLoS ONE, pages=null, volume=9}","4577283"
"44153242","{acl=null, dblp=null, arxiv=null, mag=2803351822, corpusid=44153242, pubmed=29791466, doi=10.1371/journal.pone.0197590, pubmedcentral=5965887}","https://www.semanticscholar.org/paper/f3961efee9f1ab519532f61d97aa9bdecfec57d4","Understanding health advocacy in family medicine and psychiatry curricula and practice: A qualitative study","[{authorid=3727355, name=S. Soklaridis}, {authorid=2061170664, name=Carrie Bernard}, {authorid=50618892, name=Genevieve Ferguson}, {authorid=4679778, name=L. Andermann}, {authorid=7837104, name=Mark Fefergrad}, {authorid=48581837, name=K. Fung}, {authorid=6724768, name=K. Iglar}, {authorid=94356123, name=Andrew Johnson}, {authorid=16161943, name=Morag Paton}, {authorid=4796878, name=C. Whitehead}]","PLoS ONE","0aed7a40-85f3-4c66-9e1b-c1556c57001b","2018","32","8","0","true","[{category=Medicine, source=s2-fos-model}, {category=Education, source=s2-fos-model}, {category=Psychology, source=s2-fos-model}, {category=Psychology, source=external}, {category=Medicine, source=external}]","[JournalArticle]","2018-05-23","{name=PLoS ONE, pages=null, volume=13}","44153242"
"220965308","{acl=null, dblp=null, arxiv=null, mag=3047032389, corpusid=220965308, pubmed=32749184, doi=10.1177/1087054720945019, pubmedcentral=8427808}","https://www.semanticscholar.org/paper/eb8bfcab4010261c4a7a7b72d6dad4bd342915a8","Infant Attentional behaviors Are Associated With ADHD Symptomatology and Executive Function in Early Childhood","[{authorid=47746343, name=Rebecca L. Stephens}, {authorid=2190489793, name=Heba E Elsayed}, {authorid=2190489793, name=Heba E Elsayed}, {authorid=144505011, name=J. Reznick}, {authorid=6296175, name=E. Crais}, {authorid=2709823, name=L. Watson}]","Journal of Attention Disorders","fd00b212-b73a-4348-b676-675e6b2a828e","2020","80","7","0","true","[{category=Psychology, source=s2-fos-model}, {category=Medicine, source=external}, {category=Psychology, source=external}]","[JournalArticle]","2020-08-04","{name=Journal of Attention Disorders, pages=1908 - 1918, volume=25}","220965308"
"8771747","{acl=null, dblp=null, arxiv=null, mag=2041270222, corpusid=8771747, pubmed=24449145, doi=10.1117/1.JBO.19.1.017004, pubmedcentral=null}","https://www.semanticscholar.org/paper/90ee8c9d05f50f971df7b4686ef558e358552016","Correlation between skin, bone, and cerebrospinal fluid layer thickness and optical coefficients measured by multidistance frequency-domain near-infrared spectroscopy in term and preterm infants","[{authorid=123187567, name=A. Demel}, {authorid=48242089, name=K. Feilke}, {authorid=2237786897, name=M. Wolf}, {authorid=3335983, name=C. Poets}, {authorid=1869218, name=A. Franz}]","Journal of Biomedical Optics","3a712262-b7d9-4756-94a1-57c2f9d4197c","2014","20","19","0","true","[{category=Medicine, source=s2-fos-model}, {category=Materials Science, source=external}, {category=Medicine, source=external}, {category=Engineering, source=external}]","[JournalArticle]",,"{name=Journal of Biomedical Optics, pages=null, volume=19}","8771747"
"25319625","{acl=null, dblp=null, arxiv=null, mag=2764090741, corpusid=25319625, pubmed=29039514, doi=10.3892/ijo.2017.4157, pubmedcentral=5673012}","https://www.semanticscholar.org/paper/6b6635a71636168f9c9c236b400a4c6d29c9d205","5,6,7,3′,4′,5′-Hexamethoxyflavone inhibits growth of triple-negative breast cancer cells via suppression of MAPK and Akt signaling pathways and arresting cell cycle","[{authorid=1403656182, name=Natasha Borah}, {authorid=13349113, name=S. Gunawardana}, {authorid=2073324447, name=Haydee M Torres}, {authorid=144441755, name=S. Mcdonnell}, {authorid=48832362, name=S. Van slambrouck}]","International Journal of Oncology","b41df651-5d08-4d1d-afbb-0912b1374f15","2017","39","21","0","true","[{category=Chemistry, source=s2-fos-model}, {category=Medicine, source=s2-fos-model}, {category=Biology, source=external}, {category=Medicine, source=external}]","[JournalArticle]","2017-10-13","{name=International Journal of Oncology, pages=1685 - 1693, volume=51}","25319625"
"53110507","{acl=null, dblp=null, arxiv=null, mag=2898780408, corpusid=53110507, pubmed=30377700, doi=10.1007/s00018-018-2956-z, pubmedcentral=6514067}","https://www.semanticscholar.org/paper/4896f7355c0d3297185e5826a4a6b0d064482574","Pathological effects of ionizing radiation: endothelial activation and dysfunction","[{authorid=5107314, name=Bjorn Baselet}, {authorid=4812169, name=P. Sonveaux}, {authorid=5977374, name=S. Baatout}, {authorid=50711272, name=A. Aerts}]","Cellular and Molecular Life Sciences",,"2018","280","134","5","true","[{category=Environmental Science, source=s2-fos-model}, {category=Medicine, source=s2-fos-model}, {category=Medicine, source=external}]","[Review, JournalArticle]","2018-10-30","{name=Cellular and Molecular Life Sciences, pages=699 - 728, volume=76}","53110507"
"206269566","{acl=null, dblp=null, arxiv=1508.02723, mag=2214923827, corpusid=206269566, pubmed=26943517, doi=10.1103/PhysRevLett.116.070407, pubmedcentral=null}","https://www.semanticscholar.org/paper/5ba9b5a8132092dd11654d92c44932fddf97e3df","Driven Markovian Quantum Criticality.","[{authorid=40341463, name=J. Marino}, {authorid=49182013, name=S. Diehl}]","Physical Review Letters","16c9f9d4-bee1-435d-8c85-22a3deba109d","2015","16","80","1","true","[{category=Physics, source=s2-fos-model}, {category=Medicine, source=external}, {category=Physics, source=external}]","[JournalArticle]","2015-08-11","{name=Physical review letters, pages=
          070407
        , volume=116 7}","206269566"
"18820092","{acl=null, dblp=null, arxiv=null, mag=2294403128, corpusid=18820092, pubmed=26934484, doi=10.1371/journal.pone.0149700, pubmedcentral=4775024}","https://www.semanticscholar.org/paper/8df12e967fa229bc150bf124cff8b9038f23c7a9","Stunted at 10 Years. Linear Growth Trajectories and Stunting from Birth to Pre-Adolescence in a Rural Bangladeshi Cohort","[{authorid=4041714, name=Pernilla Svefors}, {authorid=2148758220, name=Anisur Rahman}, {authorid=2155868, name=E. Ekström}, {authorid=2163666096, name=A. Khan}, {authorid=39873377, name=E. Lindström}, {authorid=1715233, name=L. Persson}, {authorid=8553975, name=K. Ekholm Selling}]","PLoS ONE","0aed7a40-85f3-4c66-9e1b-c1556c57001b","2016","60","45","1","true","[{category=Environmental Science, source=s2-fos-model}, {category=Medicine, source=s2-fos-model}, {category=Medicine, source=external}]","[JournalArticle]","2016-03-02","{name=PLoS ONE, pages=null, volume=11}","18820092"
"52903906","{acl=null, dblp=null, arxiv=null, mag=2892913735, corpusid=52903906, pubmed=30275784, doi=10.31486/toj.17.0112, pubmedcentral=null}","https://www.semanticscholar.org/paper/6b9aa93e1c0c55bbaecc9adb0512cfd186850708","Rhabdomyolysis: Patterns, Circumstances, and Outcomes of Patients Presenting to the Emergency Department","[{authorid=82582195, name=Emily Knafl}, {authorid=36624902, name=J. Hughes}, {authorid=6631574, name=G. Dimeski}, {authorid=78696833, name=R. Eley}]","Ochsner Journal","86978015-5721-4227-a031-04967106cca6","2018","28","11","0","true","[{category=Medicine, source=s2-fos-model}, {category=Medicine, source=external}]","[JournalArticle]","2018-09-21","{name=Ochsner Journal, pages=215 - 221, volume=18}","52903906"
"10928062","{acl=null, dblp=null, arxiv=null, mag=2155048725, corpusid=10928062, pubmed=25371494, doi=10.1093/glycob/cwu120, pubmedcentral=4310351}","https://www.semanticscholar.org/paper/7828cb2adfcde841b39c68a19e32c59bc500dd41","Versican in inflammation and tissue remodeling: The impact on lung disorders","[{authorid=1401767634, name=A. Andersson-Sjöland}, {authorid=5956374, name=O. Hallgren}, {authorid=4488788, name=Sara Rolandsson}, {authorid=5234501, name=Maria Weitoft}, {authorid=3649231, name=E. Tykesson}, {authorid=1399617816, name=Anna-Karin Larsson-Callerfelt}, {authorid=1399564021, name=K. Rydell‐Törmänen}, {authorid=5701423, name=L. Bjermer}, {authorid=2189036, name=A. Malmström}, {authorid=40310823, name=J. Karlsson}, {authorid=1397410006, name=G. Westergren-Thorsson}]","Glycobiology","0262a1c1-fad8-46f3-b8b4-2eb55df39a5e","2014","105","71","1","true","[{category=Biology, source=s2-fos-model}, {category=Environmental Science, source=s2-fos-model}, {category=Medicine, source=s2-fos-model}, {category=Medicine, source=external}]","[Review, JournalArticle]","2014-11-03","{name=Glycobiology, pages=243 - 251, volume=25}","10928062"
"15314939","{acl=null, dblp=null, arxiv=null, mag=1989038111, corpusid=15314939, pubmed=20543523, doi=10.5551/JAT.3830, pubmedcentral=null}","https://www.semanticscholar.org/paper/3487f356a04fd93196514e2a634e2e68d5ddb3be","Serum fetuin-A is an independent marker of insulin resistance in Japanese men.","[{authorid=40344661, name=Ayako Ishibashi}, {authorid=32688368, name=Y. Ikeda}, {authorid=49585709, name=Takashi Ohguro}, {authorid=3839628, name=Y. Kumon}, {authorid=7606319, name=Shigeo Yamanaka}, {authorid=47631451, name=H. Takata}, {authorid=1945434, name=M. Inoue}, {authorid=2986031, name=T. Suehiro}, {authorid=32686803, name=Y. Terada}]","Journal of atherosclerosis and thrombosis","2821f608-3908-4efc-899d-e7880c5e6cf8","2010","33","64","1","true","[{category=Medicine, source=s2-fos-model}, {category=Medicine, source=external}]","[JournalArticle]","2010-09-30","{name=Journal of atherosclerosis and thrombosis, pages=
          925-33
        , volume=17 9}","15314939"
"209609123","{acl=null, dblp=null, arxiv=null, mag=3025235349, corpusid=209609123, pubmed=32471448, doi=10.1186/s12864-020-6764-0, pubmedcentral=7257214}","https://www.semanticscholar.org/paper/07fcba50b57e1581d6e243204a45342b5596f5f1","Functional insights from the GC-poor genomes of two aphid parasitoids, Aphidius ervi and Lysiphlebus fabarum","[{authorid=36193302, name=A. Dennis}, {authorid=50060409, name=G. Ballesteros}, {authorid=152210334, name=S. Robin}, {authorid=5973396, name=L. Schrader}, {authorid=50744115, name=Jens Bast}, {authorid=1473901100, name=Jan Berghöfer}, {authorid=4796443, name=L. Beukeboom}, {authorid=119805207, name=M. Belghazi}, {authorid=2027357, name=A. Bretaudeau}, {authorid=2086156369, name=J. Büllesbach}, {authorid=48241188, name=E. Cash}, {authorid=6105640, name=D. Colinet}, {authorid=4722651, name=Z. Dumas}, {authorid=2051515062, name=Mohammed Errbii}, {authorid=4353862, name=P. Falabella}, {authorid=145074022, name=J. Gatti}, {authorid=6761704, name=E. Geuverink}, {authorid=2127495, name=J. D. Gibson}, {authorid=2049811915, name=Corinne Hertäg}, {authorid=3242976, name=S. Hartmann}, {authorid=1398147083, name=E. Jacquin‐Joly}, {authorid=49317319, name=Mark Lammers}, {authorid=4545204, name=B. Lavandero}, {authorid=13691670, name=I. Lindenbaum}, {authorid=1405106144, name=Lauriane Massardier-Galatà}, {authorid=48019561, name=C. Meslin}, {authorid=4667647, name=N. Montagné}, {authorid=40400919, name=N. Pak}, {authorid=3866220, name=M. Poirié}, {authorid=40341119, name=R. Salvia}, {authorid=66471491, name=Chris C. R. Smith}, {authorid=3058676, name=D. Tagu}, {authorid=4933303, name=S. Tarès}, {authorid=10225070, name=H. Vogel}, {authorid=2443971, name=T. Schwander}, {authorid=144653880, name=J. Simon}, {authorid=3915863, name=C. C. Figueroa}, {authorid=2663603, name=C. Vorburger}, {authorid=2553132, name=F. Legeai}, {authorid=3653894, name=J. Gadau}]","BMC Genomics","8dcbaea5-3cdb-48b3-9f93-45c12ca1bb91","2019","276","18","0","true","[{category=Biology, source=s2-fos-model}, {category=Environmental Science, source=s2-fos-model}, {category=Biology, source=external}, {category=Medicine, source=external}]","[JournalArticle]","2019-11-14","{name=BMC Genomics, pages=null, volume=21}","209609123"
"5964707","{acl=null, dblp=null, arxiv=null, mag=2168069435, corpusid=5964707, pubmed=25892967, doi=10.7150/ijbs.11218, pubmedcentral=4400391}","https://www.semanticscholar.org/paper/7ef47242e9da033a227edb4e9afd69d83300a8d4","DNA Methylation, Its Mediators and Genome Integrity","[{authorid=1489060884, name=Huan Meng}, {authorid=50206871, name=Ying Cao}, {authorid=6638630, name=J. Qin}, {authorid=144532321, name=Xiaoyu Song}, {authorid=2145802967, name=Qing Zhang}, {authorid=32620201, name=Y. Shi}, {authorid=47239065, name=Liu Cao}]","International Journal on Biological Sciences","8e9ac490-4c8b-49ab-8a33-d0691dfd8dc8","2015","219","172","6","true","[{category=Biology, source=s2-fos-model}, {category=Medicine, source=s2-fos-model}, {category=Biology, source=external}, {category=Medicine, source=external}]","[Review, JournalArticle]","2015-04-08","{name=International Journal of Biological Sciences, pages=604 - 617, volume=11}","5964707"
"4669727","{acl=null, dblp=null, arxiv=null, mag=2057271667, corpusid=4669727, pubmed=23056169, doi=10.1371/journal.pone.0041689, pubmedcentral=3463537}","https://www.semanticscholar.org/paper/a0dff1afe06bf3e3e57d11c7cdb88070416e182b","Association of the Maternal MTHFR C677T Polymorphism with Susceptibility to Neural Tube Defects in Offsprings: Evidence from 25 Case-Control Studies","[{authorid=2110152830, name=Lifeng Yan}, {authorid=46586837, name=Lin Zhao}, {authorid=2072951059, name=Yan Long}, {authorid=2065897933, name=P. Zou}, {authorid=6509332, name=Guixiang Ji}, {authorid=49744285, name=A. Gu}, {authorid=144486503, name=Peng Zhao}]","PLoS ONE","0aed7a40-85f3-4c66-9e1b-c1556c57001b","2012","59","91","4","true","[{category=Biology, source=s2-fos-model}, {category=Medicine, source=s2-fos-model}, {category=Medicine, source=external}, {category=Biology, source=external}]","[MetaAnalysis, JournalArticle]","2012-10-03","{name=PLoS ONE, pages=null, volume=7}","4669727"
"8051240","{acl=null, dblp=null, arxiv=null, mag=2047436385, corpusid=8051240, pubmed=21559376, doi=10.1371/journal.pone.0019446, pubmedcentral=3084858}","https://www.semanticscholar.org/paper/8ffba5a81908f47103d1852a8c47bc947e8aa1e2","Control of Precursor Maturation and Disposal Is an Early Regulative Mechanism in the Normal Insulin Production of Pancreatic β-Cells","[{authorid=2146041432, name=Jie Wang}, {authorid=2144540788, name=Ying Chen}, {authorid=4140601, name=Q. Yuan}, {authorid=6217609, name=Wei-Yu Tang}, {authorid=2144523803, name=Xiaoping Zhang}, {authorid=14359178, name=K. Osei}]","PLoS ONE","0aed7a40-85f3-4c66-9e1b-c1556c57001b","2011","61","27","1","true","[{category=Biology, source=s2-fos-model}, {category=Medicine, source=s2-fos-model}, {category=Medicine, source=external}, {category=Biology, source=external}]","[JournalArticle]","2011-04-29","{name=PLoS ONE, pages=null, volume=6}","8051240"
"18448188","{acl=null, dblp=null, arxiv=null, mag=1965191651, corpusid=18448188, pubmed=25157794, doi=10.1371/journal.pone.0105711, pubmedcentral=4144901}","https://www.semanticscholar.org/paper/e2a554737eb24b904577f776b310780199bde8ef","Activation of α-7 Nicotinic Acetylcholine Receptor Reduces Ischemic Stroke Injury through Reduction of Pro-Inflammatory Macrophages and Oxidative Stress","[{authorid=4608288, name=Zhenying Han}, {authorid=35319512, name=F. Shen}, {authorid=144123670, name=Yue He}, {authorid=4594084, name=V. Degos}, {authorid=153646557, name=Marine Camus}, {authorid=32021921, name=M. Maze}, {authorid=52458564, name=W. Young}, {authorid=144696144, name=H. Su}]","PLoS ONE","0aed7a40-85f3-4c66-9e1b-c1556c57001b","2014","42","88","4","true","[{category=Medicine, source=s2-fos-model}, {category=Environmental Science, source=s2-fos-model}, {category=Biology, source=s2-fos-model}, {category=Medicine, source=external}]","[JournalArticle]","2014-08-26","{name=PLoS ONE, pages=null, volume=9}","18448188"
"264006299","{acl=null, dblp=null, arxiv=null, mag=2140649827, corpusid=264006299, pubmed=21702935, doi=10.1186/gm258, pubmedcentral=3218816}","https://www.semanticscholar.org/paper/1fe444631d1ac4d84320c4f2ef581db317952183","Genetic variants in the MRPS30 region and postmenopausal breast cancer risk","[{authorid=2258344879, name=Ying Huang}, {authorid=2236004, name=D. Ballinger}, {authorid=2240716396, name=James Y Dai}, {authorid=2257489253, name=Ulrike Peters}, {authorid=2250615210, name=David A Hinds}, {authorid=2257490018, name=David R. Cox}, {authorid=47855926, name=Erica J. Beilharz}, {authorid=46500525, name=R. Chlebowski}, {authorid=2250317799, name=J. Rossouw}, {authorid=5013151, name=A. McTiernan}, {authorid=2250322473, name=Thomas E. Rohan}, {authorid=2240994898, name=Ross L. Prentice}]","Genome Medicine","a1eabcca-9d3f-45ac-bb78-c024734a2b68","2011","36","20","2","true","[{category=Medicine, source=s2-fos-model}, {category=Medicine, source=external}]","[JournalArticle]","2011-06-24","{name=Genome Medicine, pages=42 - 42, volume=3}","264006299"
"15143424","{acl=null, dblp=null, arxiv=null, mag=2257104660, corpusid=15143424, pubmed=26873719, doi=10.1007/s10689-016-9883-7, pubmedcentral=4901091}","https://www.semanticscholar.org/paper/35e4968f35b539b13424508fa6e6378b61370b27","Hereditary cancer syndromes: utilizing DNA repair deficiency as therapeutic target","[{authorid=145992108, name=G. Goyal}, {authorid=2072650105, name=Tiffany Fan}, {authorid=2057170, name=P. Silberstein}]","Familial Cancer","286e0e72-9cc4-4ec0-b77c-dcf863726a8f","2016","84","27","1","true","[{category=Medicine, source=s2-fos-model}, {category=Biology, source=external}, {category=Medicine, source=external}]","[Review, JournalArticle]","2016-02-12","{name=Familial Cancer, pages=359 - 366, volume=15}","15143424"
"26981643","{acl=null, dblp=null, arxiv=1509.06684, mag=2341594441, corpusid=26981643, pubmed=27152813, doi=10.1103/PhysRevLett.116.166401, pubmedcentral=null}","https://www.semanticscholar.org/paper/642f86efb9a08110a3f990e25fc38ffcebf588f2","Fingerprints of Majorana Bound States in Aharonov-Bohm Geometry.","[{authorid=11664242, name=K. M. Tripathi}, {authorid=2109605359, name=Sourin Das}, {authorid=95932767, name=Sumathi Rao}]","Physical Review Letters","16c9f9d4-bee1-435d-8c85-22a3deba109d","2015","9","19","0","true","[{category=Physics, source=s2-fos-model}, {category=Physics, source=external}, {category=Medicine, source=external}]","[JournalArticle]","2015-09-22","{name=Physical review letters, pages=
          166401
        , volume=116 16}","26981643"
"2018941","{acl=null, dblp=null, arxiv=null, mag=2191689057, corpusid=2018941, pubmed=25875226, doi=10.1371/journal.pone.0122494, pubmedcentral=4395263}","https://www.semanticscholar.org/paper/853d9bc25443e0baf3ddc4f6aa450345a72e6c21","Long-Term Prescription of α-Blockers Decrease the Risk of Recurrent Urolithiasis Needed for Surgical Intervention-A Nationwide Population-Based Study","[{authorid=49046615, name=Chia-Chu Liu}, {authorid=2321731, name=H. Hsieh}, {authorid=80062082, name=Chia-Fang Wu}, {authorid=46527666, name=T. Hsieh}, {authorid=48668833, name=Shu-Pin Huang}, {authorid=145161407, name=Y. Chou}, {authorid=66932874, name=Chun‐Nung Huang}, {authorid=93857415, name=Wen-Jeng Wu}, {authorid=1944805, name=Ming-Tsang Wu}]","PLoS ONE","0aed7a40-85f3-4c66-9e1b-c1556c57001b","2015","27","3","0","true","[{category=Medicine, source=s2-fos-model}, {category=Medicine, source=external}]","[JournalArticle]","2015-04-13","{name=PLoS ONE, pages=null, volume=10}","2018941"
"4817764","{acl=null, dblp=null, arxiv=null, mag=2046085736, corpusid=4817764, pubmed=25075671, doi=10.1590/1678-775720130523, pubmedcentral=4349118}","https://www.semanticscholar.org/paper/6b2c823fecdb42afb86d77b60cb50cfcf2e7a8e6","Rat subcutaneous tissue response to calcium silicate containing different arsenic concentrations","[{authorid=40493361, name=P. G. Minotti}, {authorid=1397352874, name=R. Ordinola‐Zapata}, {authorid=3847695, name=Raquel Zanin Midena}, {authorid=33185548, name=M. Marciano}, {authorid=4330747, name=B. Cavenago}, {authorid=3529010, name=C. Bramante}, {authorid=48470368, name=R. B. Garcia}, {authorid=144436298, name=M. Duarte}, {authorid=6693193, name=I. G. de Moraes}]","Journal of Applied Oral Science","97c79fa5-dc13-4df7-ba10-efc89ed32e2a","2014","32","13","1","true","[{category=Environmental Science, source=s2-fos-model}, {category=Materials Science, source=s2-fos-model}, {category=Medicine, source=s2-fos-model}, {category=Materials Science, source=external}, {category=Medicine, source=external}]","[JournalArticle, Study]","2014-07-29","{name=Journal of Applied Oral Science, pages=42 - 48, volume=23}","4817764"
"3377685","{acl=null, dblp=null, arxiv=null, mag=2782769783, corpusid=3377685, pubmed=29441265, doi=10.3762/bjnano.9.22, pubmedcentral=5789436}","https://www.semanticscholar.org/paper/76709c6031a4de13e4f2e98b6c31c0b6bd471b4a","Liquid-crystalline nanoarchitectures for tissue engineering","[{authorid=10926181, name=Baeckkyoung Sung}, {authorid=33736096, name=Min-Ho Kim}]","Beilstein Journal of Nanotechnology","4c8a5ba5-0e4b-4aa0-825c-419efc21dbe3","2018","133","16","0","true","[{category=Biology, source=s2-fos-model}, {category=Engineering, source=s2-fos-model}, {category=Materials Science, source=s2-fos-model}, {category=Materials Science, source=external}, {category=Medicine, source=external}]","[Review, JournalArticle]","2018-01-18","{name=Beilstein Journal of Nanotechnology, pages=205 - 215, volume=9}","3377685"
"214684157","{acl=null, dblp=null, arxiv=null, mag=3158325339, corpusid=214684157, pubmed=32224769, doi=10.1097/CCM.0000000000004363, pubmedcentral=7176264}","https://www.semanticscholar.org/paper/a17525ba0365d376469cb2e8faeb0bad6d6ed682","Surviving Sepsis Campaign: Guidelines on the Management of Critically Ill Adults with Coronavirus Disease 2019 (COVID-19)","[{authorid=8527327, name=W. Alhazzani}, {authorid=14525438, name=M. Møller}, {authorid=2233787, name=Y. Arabi}, {authorid=2380902, name=M. Loeb}, {authorid=3464133, name=M. Gong}, {authorid=3836817, name=E. Fan}, {authorid=4587140, name=S. Oczkowski}, {authorid=22488411, name=M. Levy}, {authorid=3923173, name=L. Derde}, {authorid=9714592, name=A. Dzierba}, {authorid=40584261, name=B. Du}, {authorid=10662669, name=M. Aboodi}, {authorid=144281056, name=H. Wunsch}, {authorid=1973320, name=M. Cecconi}, {authorid=143725188, name=Y. Koh}, {authorid=6757811, name=D. Chertow}, {authorid=3789463, name=K. Maitland}, {authorid=2427460, name=F. Alshamsi}, {authorid=1398748774, name=E. Belley‐Cote}, {authorid=35911432, name=M. Greco}, {authorid=1596723503, name=M. Laundy}, {authorid=34347729, name=Jill S. Morgan}, {authorid=3817472, name=J. Kesecioglu}, {authorid=50347283, name=A. McGeer}, {authorid=3786734, name=L. Mermel}, {authorid=35238619, name=M. Mammen}, {authorid=40074731, name=P. Alexander}, {authorid=21712098, name=A. Arrington}, {authorid=3257837, name=J. Centofanti}, {authorid=2310412, name=G. Citerio}, {authorid=3658286, name=Bandar Baw}, {authorid=4563008, name=Z. Memish}, {authorid=1750879, name=N. Hammond}, {authorid=4949684, name=F. Hayden}, {authorid=145475555, name=Laura Evans}, {authorid=121707237, name=A. Rhodes}]","Critical Care Medicine","821c6dd5-6b19-4a77-914d-a1cb54aec96d","2020","523","2427","120","true","[{category=Medicine, source=s2-fos-model}, {category=Medicine, source=external}]","[JournalArticle, Review]","2020-03-25","{name=Critical Care Medicine, pages=null, volume=null}","214684157"
"2839675","{acl=null, dblp=null, arxiv=1104.3312, mag=2029748746, corpusid=2839675, pubmed=21573072, doi=10.1371/journal.pone.0019759, pubmedcentral=3089637}","https://www.semanticscholar.org/paper/4303ced177a03878476144c165a151aa076fa002","Atmospheric Reaction Systems as Null-Models to Identify Structural Traces of Evolution in Metabolism","[{authorid=3049099, name=Petter Holme}, {authorid=2256805, name=M. Huss}, {authorid=2152572582, name=Sang Hoon Lee}]","PLoS ONE","0aed7a40-85f3-4c66-9e1b-c1556c57001b","2011","26","12","0","true","[{category=Biology, source=s2-fos-model}, {category=Environmental Science, source=s2-fos-model}, {category=Physics, source=s2-fos-model}, {category=Biology, source=external}, {category=Medicine, source=external}]","[JournalArticle]","2011-04-17","{name=PLoS ONE, pages=null, volume=6}","2839675"
"1779823","{acl=null, dblp=null, arxiv=null, mag=2726778992, corpusid=1779823, pubmed=28729851, doi=10.3389/fneur.2017.00305, pubmedcentral=5498465}","https://www.semanticscholar.org/paper/d8779ee7c155b023dc05d67c1e52f4c6f29aee9f","Development and Validation of an Enzyme-Linked Immunosorbent Assay for the Detection of Binding Anti-Drug Antibodies against Interferon Beta","[{authorid=8191113, name=Kathleen Ingenhoven}, {authorid=143890961, name=D. Kramer}, {authorid=2053200635, name=P. E. Jensen}, {authorid=4910702, name=C. Hermanrud}, {authorid=6288280, name=M. Ryner}, {authorid=4668840, name=F. Deisenhammer}, {authorid=3803055, name=M. Pallardy}, {authorid=34225575, name=T. Menge}, {authorid=145370520, name=H. Hartung}, {authorid=3852618, name=B. Kieseier}, {authorid=49206342, name=E. Bertotti}, {authorid=4385526, name=P. Creeke}, {authorid=1399789304, name=A. Fogdell-Hahn}, {authorid=10047304, name=C. Warnke}]","Frontiers in Neurology","3513ce18-3757-4358-b15f-7060af98e6d0","2017","29","8","0","true","[{category=Medicine, source=s2-fos-model}, {category=Medicine, source=external}, {category=Biology, source=external}]","[JournalArticle]","2017-07-06","{name=Frontiers in Neurology, pages=null, volume=8}","1779823"
"26114265","{acl=null, dblp=null, arxiv=null, mag=2113820879, corpusid=26114265, pubmed=21335375, doi=10.1105/tpc.110.075267, pubmedcentral=null}","https://www.semanticscholar.org/paper/4af68a61ef05144571299210649b027609e33b0c","vanishing tassel2 Encodes a Grass-Specific Tryptophan Aminotransferase Required for Vegetative and Reproductive Development in Maize[C][W][OA]","[{authorid=12334118, name=Kimberly A. Phillips}, {authorid=4996402, name=A. Skirpan}, {authorid=48032790, name=Xing Liu}, {authorid=48443761, name=A. Christensen}, {authorid=6976168, name=Thomas L Slewinski}, {authorid=2064593348, name=Christopher Hudson}, {authorid=7268865, name=Solmaz Barazesh}, {authorid=4243047, name=J. Cohen}, {authorid=2388375, name=S. Malcomber}, {authorid=4916306, name=P. McSteen}]","The Plant Cell","b7024fc9-ebcc-4403-8da1-d0d1f6f6fb24","2011","69","219","12","true","[{category=Biology, source=s2-fos-model}, {category=Environmental Science, source=s2-fos-model}, {category=Biology, source=external}, {category=Medicine, source=external}]","[JournalArticle]","2011-02-01","{name=Plant Cell, pages=550 - 566, volume=23}","26114265"
"8039226","{acl=null, dblp=null, arxiv=null, mag=2770961549, corpusid=8039226, pubmed=29176759, doi=10.1371/journal.pone.0188083, pubmedcentral=5703490}","https://www.semanticscholar.org/paper/f31aff86e81e1ae7c1f607be2d4a09fc01ee0345","Distinct Trypanosoma cruzi isolates induce activation and apoptosis of human neutrophils","[{authorid=3108349, name=L. M. Magalhães}, {authorid=35087277, name=A. Viana}, {authorid=2209430375, name=Augusto C de Jesus}, {authorid=3892384, name=E. Chiari}, {authorid=144087909, name=L. Galvão}, {authorid=144401654, name=J. A. Gomes}, {authorid=5875385, name=K. Gollob}, {authorid=145725659, name=W. Dutra}]","PLoS ONE","0aed7a40-85f3-4c66-9e1b-c1556c57001b","2017","55","7","0","true","[{category=Biology, source=s2-fos-model}, {category=Medicine, source=s2-fos-model}, {category=Medicine, source=external}, {category=Biology, source=external}]","[JournalArticle]","2017-11-27","{name=PLoS ONE, pages=null, volume=12}","8039226"
"385309","{acl=null, dblp=null, arxiv=null, mag=2169992496, corpusid=385309, pubmed=21369370, doi=10.7150/IJMS.8.156, pubmedcentral=3047080}","https://www.semanticscholar.org/paper/3b4b169680976ed9adbc63ade6f0181858d1af9d","Efficacy of the Valsalva Maneuver on Needle Projection Pain and Hemodynamic Responses During Spinal Puncture","[{authorid=32914067, name=S. Mohammadi}, {authorid=5333044, name=A. G. Pajand}, {authorid=5906097, name=G. Shoeibi}]","International Journal of Medical Sciences","066cdb7e-e208-48f2-a573-c3638ce71926","2011","10","23","0","true","[{category=Medicine, source=s2-fos-model}, {category=Medicine, source=external}]","[JournalArticle]","2011-02-16","{name=International Journal of Medical Sciences, pages=156 - 160, volume=8}","385309"
"14393574","{acl=null, dblp=null, arxiv=null, mag=2161339906, corpusid=14393574, pubmed=26537239, doi=10.1007/s10567-015-0196-4, pubmedcentral=4637001}","https://www.semanticscholar.org/paper/60cb4d7d28f30d56fe3661d7fe1b0862dd8b145a","Underlying Mechanisms of Gene–Environment Interactions in Externalizing Behavior: A Systematic Review and Search for Theoretical Mechanisms","[{authorid=4594074, name=J. Weeland}, {authorid=145350510, name=G. Overbeek}, {authorid=145528498, name=B. O. de Castro}, {authorid=3935697, name=W. Matthys}]","Clinical Child and Family Psychology Review","a8fc9804-360c-4d2b-9d7e-fb7008b288ae","2015","248","125","2","true","[{category=Psychology, source=s2-fos-model}, {category=Psychology, source=external}, {category=Medicine, source=external}]","[Review, JournalArticle]","2015-11-04","{name=Clinical Child and Family Psychology Review, pages=413 - 442, volume=18}","14393574"
"1652426","{acl=null, dblp=journals/corr/abs-1711-03449, arxiv=1711.03449, mag=3015470607, corpusid=1652426, pubmed=null, doi=10.1109/TCST.2019.2949540, pubmedcentral=null}","https://www.semanticscholar.org/paper/b8eeb7afb793e19581a36be1eedf98eabdcf9b1d","Optimization-Based Collision Avoidance","[{authorid=46447792, name=Xiaojing Zhang}, {authorid=2373969, name=Alexander Liniger}, {authorid=40547932, name=F. Borrelli}]","IEEE Transactions on Control Systems Technology","84b74f1a-c3d2-484a-a1b8-dc510d488192","2017","61","206","25","true","[{category=Computer Science, source=s2-fos-model}, {category=Engineering, source=s2-fos-model}, {category=Computer Science, source=external}, {category=Mathematics, source=external}]","[JournalArticle]","2017-11-09","{name=IEEE Transactions on Control Systems Technology, pages=972-983, volume=29}","1652426"
"16172458","{acl=null, dblp=null, arxiv=null, mag=2107237710, corpusid=16172458, pubmed=26139831, doi=10.1093/gbe/evv127, pubmedcentral=4558847}","https://www.semanticscholar.org/paper/6652fa63b06f5305f97171a1269215285f532dc5","Evidence of Statistical Inconsistency of Phylogenetic Methods in the Presence of Multiple Sequence Alignment Uncertainty","[{authorid=7401398, name=A.S. Md Mukarram Hossain}, {authorid=3006362, name=Benjamin P. Blackburne}, {authorid=3525213, name=Abhijeet Shah}, {authorid=145895579, name=S. Whelan}]","Genome Biology and Evolution","c6f71bca-e328-4cd5-9d7c-034a231d9a5c","2015","63","18","1","true","[{category=Biology, source=s2-fos-model}, {category=Biology, source=external}, {category=Medicine, source=external}]","[JournalArticle]","2015-07-01","{name=Genome Biology and Evolution, pages=2102 - 2116, volume=7}","16172458"
"15339988","{acl=null, dblp=null, arxiv=null, mag=2129848847, corpusid=15339988, pubmed=24403877, doi=10.2174/1570159X113119990037, pubmedcentral=3763761}","https://www.semanticscholar.org/paper/bb1a3fef7f2b7bc62d5cf1c8e67e5e91f96d71b6","Neurodevelopment in Schizophrenia: The Role of the Wnt Pathways","[{authorid=3562066, name=I. Panaccione}, {authorid=5449335, name=Flavia Napoletano}, {authorid=2197778, name=A. Forte}, {authorid=4452095, name=G. Kotzalidis}, {authorid=8025466, name=A. Del Casale}, {authorid=6907855, name=C. Rapinesi}, {authorid=48158748, name=Chiara Brugnoli}, {authorid=6743818, name=D. Serata}, {authorid=2573071, name=F. Caccia}, {authorid=5445022, name=I. Cuomo}, {authorid=49210548, name=E. Ambrosi}, {authorid=4320389, name=A. Simonetti}, {authorid=4741719, name=Valeria Savoja}, {authorid=32717602, name=L. De Chiara}, {authorid=31793915, name=Emanuela Danese}, {authorid=153004387, name=G. Manfredi}, {authorid=6491446, name=D. Janiri}, {authorid=4939365, name=Marta Motolese}, {authorid=5189798, name=F. Nicoletti}, {authorid=143948107, name=P. Girardi}, {authorid=78739202, name=G. Sani}]","Current Neuropharmacology","00b197ad-db71-4e63-95d6-23c50400ab53","2013","312","39","2","true","[{category=Biology, source=s2-fos-model}, {category=Medicine, source=s2-fos-model}, {category=Medicine, source=external}]","[JournalArticle, Review]","2013-08-31","{name=Current Neuropharmacology, pages=535 - 558, volume=11}","15339988"
"264664224","{acl=null, dblp=null, arxiv=null, mag=1996565365, corpusid=264664224, pubmed=25883140, doi=10.1093/nar/gkv312, pubmedcentral=4482074}","https://www.semanticscholar.org/paper/de12e84193fe8b75cbf916c5dfcfe3ba11631167","The B-WICH chromatin-remodelling complex regulates RNA polymerase III transcription by promoting Max-dependent c-Myc binding","[{authorid=5698893, name=F. Sadeghifar}, {authorid=2262962849, name=Stefanie Böhm}, {authorid=4202290, name=Anna Vintermist}, {authorid=4935694, name=A. Östlund Farrants}]","Nucleic Acids Research","da96c220-cd39-4894-bae6-d2d77c8e7aa9","2015","53","19","1","true","[{category=Biology, source=s2-fos-model}, {category=Biology, source=external}, {category=Medicine, source=external}]","[JournalArticle]","2015-04-16","{name=Nucleic Acids Research, pages=4477 - 4490, volume=43}","264664224"
"7763080","{acl=null, dblp=null, arxiv=null, mag=1981892114, corpusid=7763080, pubmed=22241980, doi=10.1371/journal.ppat.1002444, pubmedcentral=3248471}","https://www.semanticscholar.org/paper/6af265b21d850b53d579e4dd060767b0bfdeaeb1","A Novel Human Cytomegalovirus Locus Modulates Cell Type-Specific Outcomes of Infection","[{authorid=4081436, name=M. Umashankar}, {authorid=4474199, name=Alex S Petrucelli}, {authorid=6766899, name=L. Cicchini}, {authorid=47475414, name=Patrizia Caposio}, {authorid=5546006, name=C. Kreklywich}, {authorid=5878699, name=Michael A Rak}, {authorid=6234977, name=F. Bughio}, {authorid=6678506, name=D. Goldman}, {authorid=6427726, name=Kimberly L. Hamlin}, {authorid=145854019, name=J. Nelson}, {authorid=144282101, name=W. Fleming}, {authorid=5427884, name=D. Streblow}, {authorid=6062376, name=F. Goodrum}]","PLoS Pathogens","3dd218aa-dc9d-41c7-bf4b-e9f86f1d86d9","2011","49","139","7","true","[{category=Medicine, source=s2-fos-model}, {category=Biology, source=s2-fos-model}, {category=Biology, source=external}, {category=Medicine, source=external}]","[JournalArticle]","2011-12-01","{name=PLoS Pathogens, pages=null, volume=7}","7763080"
"5570420","{acl=null, dblp=null, arxiv=null, mag=2046237491, corpusid=5570420, pubmed=23476632, doi=10.1155/2013/896412, pubmedcentral=3576795}","https://www.semanticscholar.org/paper/0b409d16523d9ef2d0ac16f0f11f37408a7ad6b0","PPARs and Liver Disease","[{authorid=6613659, name=Y. Kondo}, {authorid=2057537024, name=Kenji Uno}, {authorid=6269368, name=K. Machida}, {authorid=5180774, name=M. Terajima}]","PPAR Research","ff242901-f142-4c95-98f9-f630bf1b4d87","2013","235","3","0","true","[{category=Medicine, source=s2-fos-model}, {category=Biology, source=external}, {category=Medicine, source=external}]","[JournalArticle, Review]","2013-02-05","{name=PPAR Research, pages=null, volume=2013}","5570420"
"1148032","{acl=null, dblp=null, arxiv=null, mag=2757419317, corpusid=1148032, pubmed=28949973, doi=10.1371/journal.pmed.1002390, pubmedcentral=5614421}","https://www.semanticscholar.org/paper/389934d23f196982b394559e902d0fec7df4f017","Vaginal progesterone pessaries for pregnant women with a previous preterm birth to prevent neonatal respiratory distress syndrome (the PROGRESS Study): A multicentre, randomised, placebo-controlled trial","[{authorid=1912512, name=C. Crowther}, {authorid=35176747, name=P. Ashwood}, {authorid=4009638, name=A. McPhee}, {authorid=6719797, name=V. Flenady}, {authorid=40581011, name=T. Tran}, {authorid=3525901, name=J. Dodd}, {authorid=152115497, name=J. Robinson}]","PLoS Medicine","3b9c2af9-8503-4d14-a0de-af5ba0143ed2","2017","47","56","3","true","[{category=Medicine, source=s2-fos-model}, {category=Medicine, source=external}]","[Study, JournalArticle]","2017-09-01","{name=PLoS Medicine, pages=null, volume=14}","1148032"
"11990732","{acl=null, dblp=null, arxiv=null, mag=2398984926, corpusid=11990732, pubmed=27289693, doi=10.1186/2197-425X-3-S1-A170, pubmedcentral=4796639}","https://www.semanticscholar.org/paper/006a5cf7fd3a4c250952224460a1fabd036754e1","Effectiveness of noninvasive ventilation in acute heart failure edema secondary to acute coronary syndrome","[{authorid=88628685, name=J. Cánovas}, {authorid=2107721769, name=A. López}, {authorid=77628116, name=D. Torres}, {authorid=41201967, name=A. Burruezo}, {authorid=50464611, name=L. Capilla}, {authorid=2255336645, name=Andres E. Carrillo}]","Intensive Care Medicine Experimental","88ad9184-0036-4a05-aa7d-cb323876d714","2015","0","0","0","true","[{category=Medicine, source=s2-fos-model}, {category=Medicine, source=external}]","[JournalArticle]","2015-10-01","{name=Intensive Care Medicine Experimental, pages=null, volume=3}","11990732"
"8758325","{acl=null, dblp=null, arxiv=null, mag=1998791960, corpusid=8758325, pubmed=25390898, doi=10.1371/journal.pone.0112586, pubmedcentral=4229226}","https://www.semanticscholar.org/paper/c893698f53cb6c40e31d32e83c9a281c15903b10","The Status of Vitamin B12 and Folate among Chinese Women: A Population-Based Cross-Sectional Study in Northwest China","[{authorid=2237051, name=S. Dang}, {authorid=1718530, name=Hong Yan}, {authorid=37482879, name=L. Zeng}, {authorid=47598921, name=Quan-li Wang}, {authorid=50444412, name=Qiang Li}, {authorid=5167036, name=Sheng-bin Xiao}, {authorid=46515893, name=Xiaojing Fan}]","PLoS ONE","0aed7a40-85f3-4c66-9e1b-c1556c57001b","2014","48","26","1","true","[{category=Medicine, source=s2-fos-model}, {category=Medicine, source=external}]","[JournalArticle]","2014-11-12","{name=PLoS ONE, pages=null, volume=9}","8758325"
"7675476","{acl=null, dblp=null, arxiv=null, mag=2118200671, corpusid=7675476, pubmed=29308147, doi=10.1039/c5sc00154d, pubmedcentral=5645780}","https://www.semanticscholar.org/paper/85527a035010cdd998fdab92a1671ca5fd9754cd","Magnetic anisotropy of endohedral lanthanide ions: paramagnetic NMR study of MSc2N@C80-I h with M running through the whole 4f row† †Electronic supplementary information (ESI) available: Details of relaxation time measurements, ligand field splitting, additional correlation between data points, Cart","[{authorid=2145956121, name=Yang Zhang}, {authorid=152357315, name=D. Krylov}, {authorid=5783556, name=M. Rosenkranz}, {authorid=2073076, name=S. Schiemenz}, {authorid=29658707, name=A. Popov}]","Chemical Science","2a0713ba-a4af-4a0a-ae49-81b8edeca660","2015","108","34","0","true","[{category=Chemistry, source=s2-fos-model}, {category=Chemistry, source=external}, {category=Medicine, source=external}]","[JournalArticle]","2015-01-28","{name=Chemical Science, pages=2328 - 2341, volume=6}","7675476"
"8883223","{acl=null, dblp=null, arxiv=null, mag=1987326740, corpusid=8883223, pubmed=23577184, doi=10.1371/journal.pone.0061025, pubmedcentral=3618463}","https://www.semanticscholar.org/paper/7555c69da40e9e628508bc2f746e701ae99bbeb0","Clinical Profile of PiB-Positive Corticobasal Syndrome","[{authorid=145503753, name=J. Burrell}, {authorid=3052566, name=M. Hornberger}, {authorid=48804623, name=V. Villemagne}, {authorid=1762185, name=C. Rowe}, {authorid=2569756, name=J. Hodges}]","PLoS ONE","0aed7a40-85f3-4c66-9e1b-c1556c57001b","2013","37","49","1","true","[{category=Medicine, source=s2-fos-model}, {category=Medicine, source=external}, {category=Biology, source=external}]","[JournalArticle]","2013-04-05","{name=PLoS ONE, pages=null, volume=8}","8883223"
"184162","{acl=null, dblp=null, arxiv=null, mag=2114294544, corpusid=184162, pubmed=21040571, doi=10.1186/1741-7015-8-68, pubmedcentral=2987895}","https://www.semanticscholar.org/paper/a1795c6cd9fb50755f4f8a7cdcc65266059aa47f","Unresponsive wakefulness syndrome: a new name for the vegetative state or apallic syndrome","[{authorid=145637706, name=S. Laureys}, {authorid=6452289, name=G. Celesia}, {authorid=4172292, name=F. Cohadon}, {authorid=6093137, name=J. Lavrijsen}, {authorid=82232332, name=J. León-Carrión}, {authorid=145097249, name=W. Sannita}, {authorid=5359584, name=L. Sazbon}, {authorid=10072645, name=E. Schmutzhard}, {authorid=122747468, name=K. V. von Wild}, {authorid=145210389, name=A. Zeman}, {authorid=49625231, name=G. Dolce}]","BMC Medicine","70337d1b-fdf7-4fcb-b391-e096feba3748","2010","62","909","50","true","[{category=Medicine, source=s2-fos-model}, {category=Medicine, source=external}]","[JournalArticle]","2010-11-01","{name=BMC Medicine, pages=68 - 68, volume=8}","184162"
"57013340","{acl=null, dblp=null, arxiv=null, mag=2890554795, corpusid=57013340, pubmed=30596169, doi=10.1016/j.ekir.2018.09.001, pubmedcentral=6308919}","https://www.semanticscholar.org/paper/7ad3eba372fb63eceba9515443bdbd443b7337a0","A Multidisciplinary Approach for the Management of Severe Hyponatremia in Patients Requiring Continuous Renal Replacement Therapy","[{authorid=5531178, name=Javier A. Neyra}, {authorid=1412827787, name=Victor Ortiz-Soriano}, {authorid=150962720, name=D. Ali}, {authorid=23105289, name=P. Morris}, {authorid=65941924, name=Clayton M. Johnston}]","Kidney International Reports","92c11921-0285-46f4-b930-3c949f914f8f","2018","13","17","1","true","[{category=Medicine, source=s2-fos-model}, {category=Medicine, source=external}]","[JournalArticle]","2018-09-13","{name=Kidney International Reports, pages=59 - 66, volume=4}","57013340"
"7215409","{acl=null, dblp=null, arxiv=null, mag=1964545175, corpusid=7215409, pubmed=24649225, doi=10.3892/mco.2013.104, pubmedcentral=3916200}","https://www.semanticscholar.org/paper/7fb3a772f27d7ed0c3cffc32fcf6d47fab93ccaa","Immunohistochemical analysis of organic anion transporter 2 and reduced folate carrier 1 in colorectal cancer: Significance as a predictor of response to oral uracil/ftorafur plus leucovorin chemotherapy","[{authorid=2598935, name=S. Nishino}, {authorid=7440955, name=Ayumi Itoh}, {authorid=50642176, name=H. Matsuoka}, {authorid=6416307, name=K. Maeda}, {authorid=145570032, name=S. Kamoshida}]","Molecular and clinical oncology","90115704-6d12-44a4-917e-04d026a24476","2013","22","16","0","true","[{category=Medicine, source=s2-fos-model}, {category=Medicine, source=external}]","[JournalArticle]","2013-04-15","{name=Molecular and Clinical Oncology, pages=661 - 667, volume=1}","7215409"
"263039980","{acl=null, dblp=null, arxiv=null, mag=2894721422, corpusid=263039980, pubmed=30289919, doi=10.1371/journal.pmed.1002669, pubmedcentral=6173399}","https://www.semanticscholar.org/paper/223be96254f1d17f546685200ec66b97d14a46af","Long-term trends in incidence and risk factors for ischaemic stroke subtypes: Prospective population study of the South London Stroke Register","[{authorid=79572772, name=Hatem A Wafa}, {authorid=2241646061, name=C. D. Wolfe}, {authorid=2244953314, name=Anthony G. Rudd}, {authorid=46395640, name=Yanzhong Wang}]","PLoS Medicine","3b9c2af9-8503-4d14-a0de-af5ba0143ed2","2018","55","31","0","true","[{category=Medicine, source=s2-fos-model}, {category=Medicine, source=external}]","[JournalArticle]","2018-10-01","{name=PLoS Medicine, pages=null, volume=15}","263039980"
"14164070","{acl=null, dblp=null, arxiv=null, mag=2021880485, corpusid=14164070, pubmed=23718685, doi=10.1186/cc12746, pubmedcentral=4057262}","https://www.semanticscholar.org/paper/372bb3ab614b4946ab307dbbcd663c3eaef393bb","Chronic pain in survivors of critical illness: a retrospective analysis of incidence and risk factors","[{authorid=5588506, name=C. Battle}, {authorid=2074339996, name=Simon Lovett}, {authorid=145796386, name=H. Hutchings}]","Critical Care","6fe3a1b3-be8f-4bf7-9b30-d8c9fbf0ecb3","2013","32","97","7","true","[{category=Medicine, source=s2-fos-model}, {category=Medicine, source=external}]","[Study, JournalArticle]","2013-05-29","{name=Critical Care, pages=R101 - R101, volume=17}","14164070"
"482879","{acl=null, dblp=null, arxiv=null, mag=395575306, corpusid=482879, pubmed=26017549, doi=10.1371/journal.pone.0127485, pubmedcentral=4445913}","https://www.semanticscholar.org/paper/0fcbe2bd38fa78598221b2a42e68d8e158d6d603","The State of Social Media Policies in Higher Education","[{authorid=144100796, name=Jeffrey Pomerantz}, {authorid=1806736, name=C. Hank}, {authorid=34836211, name=Cassidy R. Sugimoto}]","PLoS ONE","0aed7a40-85f3-4c66-9e1b-c1556c57001b","2015","81","47","5","true","[{category=Education, source=s2-fos-model}, {category=Political Science, source=external}, {category=Medicine, source=external}]","[JournalArticle]","2015-05-27","{name=PLoS ONE, pages=null, volume=10}","482879"
"204967017","{acl=null, dblp=null, arxiv=null, mag=2982702255, corpusid=204967017, pubmed=31666220, doi=10.1136/bjsports-2019-100886, pubmedcentral=7588406}","https://www.semanticscholar.org/paper/7240659b7fa90f926b782d38fb600b16cba63670","Which specific modes of exercise training are most effective for treating low back pain? Network meta-analysis","[{authorid=13097042, name=Patrick J Owen}, {authorid=46358620, name=C. Miller}, {authorid=12204072, name=N. Mundell}, {authorid=11218094, name=S. Verswijveren}, {authorid=104038761, name=S. Tagliaferri}, {authorid=5591639, name=H. Brisby}, {authorid=3146905, name=S. Bowe}, {authorid=3353250, name=D. Belavy}]","British Journal of Sports Medicine","ddecc765-ad52-4b7d-8ae1-c0e71cf13ad7","2019","157","197","5","true","[{category=Medicine, source=s2-fos-model}, {category=Medicine, source=external}]","[Review, JournalArticle]","2019-10-29","{name=British Journal of Sports Medicine, pages=1279 - 1287, volume=54}","204967017"
"6668303","{acl=null, dblp=null, arxiv=null, mag=2077582952, corpusid=6668303, pubmed=25484882, doi=10.3389/fimmu.2014.00578, pubmedcentral=4240164}","https://www.semanticscholar.org/paper/1ff9261c4987c8a6a3acbca1b4c50c3eae437521","MicroRNA-146a: A Dominant, Negative Regulator of the Innate Immune Response","[{authorid=4338490, name=R. Saba}, {authorid=33057083, name=Debra L. Sorensen}, {authorid=2570815, name=S. Booth}]","Frontiers in Immunology","3f7605a7-7e53-4ff7-8895-42f09a5f4355","2014","95","293","24","true","[{category=Biology, source=s2-fos-model}, {category=Medicine, source=s2-fos-model}, {category=Medicine, source=external}, {category=Biology, source=external}]","[Review, JournalArticle]","2014-11-21","{name=Frontiers in Immunology, pages=null, volume=5}","6668303"
"3925997","{acl=null, dblp=null, arxiv=null, mag=2100476281, corpusid=3925997, pubmed=23842281, doi=10.1186/1478-7954-11-8, pubmedcentral=3717281}","https://www.semanticscholar.org/paper/9a04287b2376c87de99a4fc9d701ba9c9737edc0","Left behind: widening disparities for males and females in US county life expectancy, 1985–2010","[{authorid=49528556, name=Haidong Wang}, {authorid=50643951, name=Austin E. Schumacher}, {authorid=6786341, name=Carly E Levitz}, {authorid=2202932, name=A. Mokdad}, {authorid=145882172, name=C. Murray}]","Population Health Metrics","f8a22f70-7db4-4530-99aa-7ea11152713a","2013","57","123","5","true","[{category=Medicine, source=s2-fos-model}, {category=Medicine, source=external}]","[JournalArticle]","2013-07-10","{name=Population Health Metrics, pages=8 - 8, volume=11}","3925997"
"10572304","{acl=null, dblp=null, arxiv=null, mag=1997955601, corpusid=10572304, pubmed=22962680, doi=10.1093/jxb/ers238, pubmedcentral=3467299}","https://www.semanticscholar.org/paper/6b8e827c73ce37d3e28dd8c2d8084e2f75db3f5f","Mechanism of phytohormone involvement in feedback regulation of cotton leaf senescence induced by potassium deficiency","[{authorid=2270381265, name=Ye Wang}, {authorid=2165243737, name=Bo Li}, {authorid=6777729, name=Ming-wei Du}, {authorid=3943433, name=A. Eneji}, {authorid=2269082334, name=Baomin Wang}, {authorid=2268621562, name=Liusheng Duan}, {authorid=6999022, name=Zhaohu Li}, {authorid=null, name=Xiaoli Tian}]","Journal of Experimental Botany","2360b2ce-5340-4b89-b7d1-b4132d911e39","2012","61","239","19","true","[{category=Agricultural and Food Sciences, source=s2-fos-model}, {category=Biology, source=external}, {category=Medicine, source=external}]","[JournalArticle]","2012-09-07","{name=Journal of Experimental Botany, pages=5887 - 5901, volume=63}","10572304"
"18563577","{acl=null, dblp=journals/corr/UlfarssonPSS16, arxiv=1605.04932, mag=2324132092, corpusid=18563577, pubmed=null, doi=10.1109/JPROC.2015.2501814, pubmedcentral=null}","https://www.semanticscholar.org/paper/13cce0e2730f923b62a6d4420a2067f1e2a4ade4","Classification of Big Data With Application to Imaging Genetics","[{authorid=2189837, name=M. Ulfarsson}, {authorid=34651354, name=F. Palsson}, {authorid=144508477, name=J. Sigurdsson}, {authorid=1728860, name=J. R. Sveinsson}]","Proceedings of the IEEE","6faaccca-1cc4-45a9-aeb6-96a4901d2606","2016","88","18","0","true","[{category=Computer Science, source=s2-fos-model}, {category=Medicine, source=s2-fos-model}, {category=Biology, source=s2-fos-model}, {category=Computer Science, source=external}, {category=Physics, source=external}, {category=Mathematics, source=external}]","[JournalArticle]","2016-03-31","{name=Proceedings of the IEEE, pages=2137-2154, volume=104}","18563577"
"201674654","{acl=null, dblp=null, arxiv=null, mag=2971006667, corpusid=201674654, pubmed=31469400, doi=10.1001/jamanetworkopen.2019.10505, pubmedcentral=6724173}","https://www.semanticscholar.org/paper/0cbad712fde5d46aa110ed281e8a249b006f2c3c","Management Strategies and Patient Selection After a Hospital Funding Reform for Prostate Cancer Surgery in Canada","[{authorid=34391970, name=M. Wettstein}, {authorid=34391970, name=M. Wettstein}, {authorid=39885601, name=Karen S. Palmer}, {authorid=39885601, name=Karen S. Palmer}, {authorid=2164253609, name=Girish S. Kulkarni}, {authorid=2204110288, name=Girish S Kulkarni}, {authorid=2164253609, name=Girish S. Kulkarni}, {authorid=144417324, name=J. Paterson}, {authorid=48043762, name=V. Ling}, {authorid=1412847115, name=L. Lapointe‐Shaw}, {authorid=2154415, name=A. Li}, {authorid=2154415, name=A. Li}, {authorid=1397364673, name=Adalstein Brown}, {authorid=144647063, name=M. Taljaard}, {authorid=144647063, name=M. Taljaard}, {authorid=6905935, name=N. Ivers}]","JAMA Network Open","b9444cdd-c1d0-45a8-9db6-f8a53936292e","2019","23","1","0","true","[{category=Medicine, source=s2-fos-model}, {category=Medicine, source=external}]","[JournalArticle]","2019-08-01","{name=JAMA Network Open, pages=null, volume=2}","201674654"
"3483903","{acl=null, dblp=null, arxiv=null, mag=2763138952, corpusid=3483903, pubmed=29026902, doi=10.1039/c7ob01847a, pubmedcentral=5708342}","https://www.semanticscholar.org/paper/4ebff06aa248aa135a296505b732e14ee98df71e","Exploring the origins of selectivity in soluble epoxide hydrolase from Bacillus megaterium† †Electronic supplementary information (ESI) available. See DOI: 10.1039/c7ob01847a","[{authorid=1422385038, name=Eila Serrano-Hervás}, {authorid=1397557086, name=M. Garcia‐Borràs}, {authorid=1892409, name=Sílvia Osuna}]","Organic and biomolecular chemistry","c8e39466-477c-40ac-9c96-54c7ada401cc","2017","51","13","1","true","[{category=Chemistry, source=s2-fos-model}, {category=Chemistry, source=external}, {category=Medicine, source=external}]","[JournalArticle]","2017-10-11","{name=Organic & Biomolecular Chemistry, pages=8827 - 8835, volume=15}","3483903"
"4884176","{acl=null, dblp=null, arxiv=null, mag=2743950541, corpusid=4884176, pubmed=28849050, doi=10.3892/mmr.2017.7209, pubmedcentral=5647020}","https://www.semanticscholar.org/paper/7360f17a71871d8ae33ec051c2c64266bad5b95b","Naringenin attenuates fibroblast activation and inflammatory response in a mechanical stretch-induced hypertrophic scar mouse model","[{authorid=32698262, name=S. Shan}, {authorid=2108464689, name=Yifan Zhang}, {authorid=2144152227, name=Min Wu}, {authorid=2057992777, name=B. Yi}, {authorid=2152438482, name=Jing Wang}, {authorid=2757851, name=Qingfeng Li}]","Molecular Medicine Reports","9e867a6d-79c2-4cef-b939-738283fc3e3a","2017","58","20","2","true","[{category=Medicine, source=s2-fos-model}, {category=Biology, source=external}, {category=Medicine, source=external}]","[JournalArticle]","2017-08-10","{name=Molecular Medicine Reports, pages=4643 - 4649, volume=16}","4884176"
"14398722","{acl=null, dblp=null, arxiv=null, mag=2038749457, corpusid=14398722, pubmed=25880329, doi=10.1371/journal.pone.0120873, pubmedcentral=4399906}","https://www.semanticscholar.org/paper/ec9c56ef6bf8d79c7298bd98c79194a98a9c553c","A Robust GWSS Method to Simultaneously Detect Rare and Common Variants for Complex Disease","[{authorid=48749687, name=C. Kao}, {authorid=2136138284, name=Jia-Rou Liu}, {authorid=94300796, name=Hung Hung}, {authorid=145734798, name=Po-Hsiu Kuo}]","PLoS ONE","0aed7a40-85f3-4c66-9e1b-c1556c57001b","2015","35","0","0","true","[{category=Medicine, source=s2-fos-model}, {category=Medicine, source=external}, {category=Biology, source=external}]","[JournalArticle]","2015-04-16","{name=PLoS ONE, pages=null, volume=10}","14398722"
"3370758","{acl=null, dblp=null, arxiv=null, mag=2793342456, corpusid=3370758, pubmed=29460762, doi=10.3201/eid2403.161275, pubmedcentral=5823325}","https://www.semanticscholar.org/paper/e99a2651d7802f421e834135c5e342f8683340a8","Cache Valley Virus in Aedes japonicus japonicus Mosquitoes, Appalachian Region, United States","[{authorid=2152891395, name=Fan Yang}, {authorid=1622046403, name=Kevin K. Chan}, {authorid=98345450, name=P. Marek}, {authorid=1853284, name=P. Armstrong}, {authorid=2155812852, name=Pengcheng Liu}, {authorid=143854606, name=Jake Bova}, {authorid=39849510, name=Joshua Bernick}, {authorid=35947761, name=Benjamin E. McMillan}, {authorid=50398599, name=Benjamin G. Weidlich}, {authorid=151494232, name=S. Paulson}]","Emerging Infectious Diseases","59a1832b-4bac-4b66-a0fc-1c8d201d95aa","2018","15","22","1","true","[{category=Environmental Science, source=s2-fos-model}, {category=Biology, source=s2-fos-model}, {category=Biology, source=external}, {category=Medicine, source=external}]","[JournalArticle]","2018-03-01","{name=Emerging Infectious Diseases, pages=553 - 557, volume=24}","3370758"
"14035626","{acl=null, dblp=null, arxiv=null, mag=2082840314, corpusid=14035626, pubmed=23404433, doi=10.3892/etm.2013.889, pubmedcentral=3570148}","https://www.semanticscholar.org/paper/44cf1f7b8c470205879abfe908c3bbea1a58bffc","Combined anticancer activity of osthole and cisplatin in NCI-H460 lung cancer cells in vitro","[{authorid=150345154, name=Xiaoman Xu}, {authorid=2153911500, name=Yi Zhang}, {authorid=2069919466, name=D. Qu}, {authorid=1410056376, name=Hongbo Liu}, {authorid=11082098, name=X. Gu}, {authorid=5041380, name=Guangyu Jiao}, {authorid=49608230, name=Li Zhao}]","Experimental and Therapeutic Medicine","66d636a6-1266-477a-a4b6-928f1f87001d","2013","24","18","1","true","[{category=Chemistry, source=s2-fos-model}, {category=Medicine, source=s2-fos-model}, {category=Medicine, source=external}]","[JournalArticle]","2013-01-08","{name=Experimental and Therapeutic Medicine, pages=707 - 710, volume=5}","14035626"
"694038","{acl=null, dblp=null, arxiv=null, mag=2125298424, corpusid=694038, pubmed=25024644, doi=10.1186/1477-9560-12-14, pubmedcentral=4094926}","https://www.semanticscholar.org/paper/32c5b0cd5750e9842436bc90fc6baf62921ab79e","Quality of vitamin K antagonist control and outcomes in atrial fibrillation patients: a meta-analysis and meta-regression","[{authorid=3875969, name=E. Mearns}, {authorid=2232792444, name=C. White}, {authorid=40465609, name=C. Kohn}, {authorid=17031930, name=J. Hawthorne}, {authorid=47163691, name=Ju-Sung Song}, {authorid=5939332, name=Joy Meng}, {authorid=3623809, name=J. Schein}, {authorid=5254964, name=M. Raut}, {authorid=4026081, name=C. Coleman}]","Thrombosis Journal","3a27c9a5-c39e-49cd-848f-ee8511c1e5fe","2014","120","96","9","true","[{category=Medicine, source=s2-fos-model}, {category=Medicine, source=external}]","[JournalArticle]","2014-06-24","{name=Thrombosis Journal, pages=14 - 14, volume=12}","694038"
"71716127","{acl=null, dblp=null, arxiv=null, mag=2920543743, corpusid=71716127, pubmed=30818359, doi=10.1371/journal.pone.0210667, pubmedcentral=6395041}","https://www.semanticscholar.org/paper/be95c3d63c05a527b312e7642ae5fe7853bdb0c6","Shrinkage of hepatocellular carcinoma after radiofrequency ablation following transcatheter arterial chemoembolization: Analysis of contributing factors","[{authorid=31398058, name=M. Yu}, {authorid=123633971, name=Young Jun Kim}, {authorid=3341314, name=H. Park}, {authorid=28007065, name=S. Jung}, {authorid=3730253, name=H. Jeon}]","PLoS ONE","0aed7a40-85f3-4c66-9e1b-c1556c57001b","2019","40","3","0","true","[{category=Medicine, source=s2-fos-model}, {category=Medicine, source=external}]","[JournalArticle]","2019-02-28","{name=PLoS ONE, pages=null, volume=14}","71716127"
"26312517","{acl=null, dblp=null, arxiv=null, mag=2138442867, corpusid=26312517, pubmed=26587261, doi=10.1098/rsos.140522, pubmedcentral=4632574}","https://www.semanticscholar.org/paper/58b4626e7ae9146382682e38747884c99391af7e","Balance and coordination after viewing stereoscopic 3D television","[{authorid=null, name=Jenny C. A. Read}, {authorid=2272948270, name=Jennifer Simonotto}, {authorid=47220508, name=I. Bohr}, {authorid=2272905447, name=Alan Godfrey}, {authorid=2184026, name=B. Galna}, {authorid=2237632804, name=Lynn Rochester}, {authorid=2272896731, name=Tom V. Smulders}]","Royal Society Open Science","7b19fb63-6e4e-4972-bd80-9e2b17941c95","2015","0","5","0","true","[{category=Medicine, source=s2-fos-model}, {category=Medicine, source=external}]","[JournalArticle]","2015-07-01","{name=Royal Society Open Science, pages=null, volume=2}","26312517"
"51935288","{acl=null, dblp=null, arxiv=null, mag=2952316777, corpusid=51935288, pubmed=30123143, doi=10.3389/fpsyt.2018.00336, pubmedcentral=6085408}","https://www.semanticscholar.org/paper/2baa8ed78461a2d9e6aabf47a7635fb74681fb17","Machine Learning Based Classification of Deep Brain Stimulation Outcomes in a Rat Model of Binge Eating Using Ventral Striatal Oscillations","[{authorid=48582881, name=Wilder T. Doucette}, {authorid=4125230, name=L. Dwiel}, {authorid=120893581, name=Jared E. Boyce}, {authorid=51167208, name=Amanda A. Simon}, {authorid=3548741, name=J. Khokhar}, {authorid=40099196, name=A. Green}]","bioRxiv","027ffd21-ebb0-4af8-baf5-911124292fd0","2018","61","10","0","true","[{category=Computer Science, source=s2-fos-model}, {category=Biology, source=external}, {category=Medicine, source=external}]","[JournalArticle]","2018-01-01","{name=Frontiers in Psychiatry, pages=null, volume=9}","51935288"
"3923396","{acl=null, dblp=null, arxiv=null, mag=2766195635, corpusid=3923396, pubmed=29064009, doi=10.1007/s10654-017-0321-4, pubmedcentral=5662692}","https://www.semanticscholar.org/paper/6cb71b9c8b7ea72f9729ff6659d89ec553ef7652","The Rotterdam Study: 2018 update on objectives, design and main results","[{authorid=145560501, name=M. Ikram}, {authorid=5321377, name=G. Brusselle}, {authorid=5321377, name=G. Brusselle}, {authorid=47531550, name=S. Murad}, {authorid=144985748, name=C. Duijn}, {authorid=2552311, name=O. Franco}, {authorid=5368953, name=A. Goedegebure}, {authorid=145356238, name=C. Klaver}, {authorid=5093812, name=T. Nijsten}, {authorid=2118374, name=R. Peeters}, {authorid=144543816, name=B. Stricker}, {authorid=2882863, name=H. Tiemeier}, {authorid=2230853894, name=A. Uitterlinden}, {authorid=3112594, name=M. Vernooij}, {authorid=2234734796, name=A. Hofman}, {authorid=2158355875, name=A. Hofman}]","European Journal of Epidemiology","107809a9-96c9-4868-941f-08c8804a14a6","2017","494","377","15","true","[{category=Medicine, source=s2-fos-model}, {category=Medicine, source=external}]","[JournalArticle]","2017-10-24","{name=European Journal of Epidemiology, pages=807 - 850, volume=32}","3923396"
"18340682","{acl=null, dblp=null, arxiv=null, mag=2340478217, corpusid=18340682, pubmed=27094170, doi=10.1017/S0031182016000500, pubmedcentral=5264655}","https://www.semanticscholar.org/paper/e4d47e0dfe4d083b40a40d90eed8cc699bb663d5","Are we ready for Taenia solium cysticercosis elimination in sub-Saharan Africa?","[{authorid=2139359, name=M. Johansen}, {authorid=48135269, name=C. Trevisan}, {authorid=5116633, name=S. Gabriël}, {authorid=4318062, name=P. Magnussen}, {authorid=4337785, name=U. C. Braae}]","Parasitology","7f4f53ae-508c-44c1-a65a-c9865a197e8c","2016","32","31","1","true","[{category=Environmental Science, source=s2-fos-model}, {category=Medicine, source=s2-fos-model}, {category=Medicine, source=external}]","[JournalArticle]","2016-04-20","{name=Parasitology, pages=59 - 64, volume=144}","18340682"
"3732673","{acl=null, dblp=journals/corr/abs-1803-02266, arxiv=1803.02266, mag=2794312178, corpusid=3732673, pubmed=null, doi=10.1111/cgf.13340, pubmedcentral=null}","https://www.semanticscholar.org/paper/5f15a4b770560f4d1fac635dd95042185497a023","ExpandNet: A Deep Convolutional Neural Network for High Dynamic Range Expansion from Low Dynamic Range Content","[{authorid=1414190737, name=Demetris Marnerides}, {authorid=1397301855, name=Thomas Bashford-Rogers}, {authorid=48372473, name=Jonathan Hatchett}, {authorid=2019444, name=K. Debattista}]","Computer graphics forum (Print)",,"2018","62","207","37","true","[{category=Computer Science, source=s2-fos-model}, {category=Engineering, source=s2-fos-model}, {category=Computer Science, source=external}]","[JournalArticle]","2018-03-06","{name=Computer Graphics Forum, pages=null, volume=37}","3732673"
"13728707","{acl=null, dblp=null, arxiv=null, mag=2734683754, corpusid=13728707, pubmed=28691764, doi=10.1002/mc.22704, pubmedcentral=null}","https://www.semanticscholar.org/paper/5e0df7a21c499cb60849b59db68453305f8d908b","Cten promotes epithelial‐mesenchymal transition through the post‐transcriptional stabilization of Snail","[{authorid=33484110, name=H. Thorpe}, {authorid=49286958, name=Abdulaziz Asiri}, {authorid=46386107, name=Maham Akhlaq}, {authorid=145825104, name=M. Ilyas}]","Molecular Carcinogenesis","82dbb2b3-72ff-4c83-b5f2-106d467cdc37","2017","26","18","0","true","[{category=Biology, source=s2-fos-model}, {category=Medicine, source=s2-fos-model}, {category=Biology, source=external}, {category=Medicine, source=external}]","[JournalArticle]","2017-09-18","{name=Molecular Carcinogenesis, pages=2601 - 2609, volume=56}","13728707"
"195186811","{acl=null, dblp=null, arxiv=null, mag=2951324921, corpusid=195186811, pubmed=31216289, doi=10.1371/journal.pone.0217408, pubmedcentral=6583946}","https://www.semanticscholar.org/paper/c75350c160ddaf8a8642fa063a63988ede225a2e","On the improvement of reinforcement active learning with the involvement of cross entropy to address one-shot learning problem","[{authorid=66166362, name=Honglan Huang}, {authorid=47513648, name=Jincai Huang}, {authorid=3038982, name=Yanghe Feng}, {authorid=1519091693, name=Jiarui Zhang}, {authorid=145778337, name=Zhong Liu}, {authorid=145346764, name=Qi Wang}, {authorid=2146027497, name=Li Chen}]","PLoS ONE","0aed7a40-85f3-4c66-9e1b-c1556c57001b","2019","53","10","0","true","[{category=Computer Science, source=s2-fos-model}, {category=Medicine, source=external}, {category=Computer Science, source=external}]","[JournalArticle]","2019-06-19","{name=PLoS ONE, pages=null, volume=14}","195186811"
"18512774","{acl=null, dblp=null, arxiv=null, mag=2154537351, corpusid=18512774, pubmed=26420497, doi=10.1186/s12916-015-0464-7, pubmedcentral=4588679}","https://www.semanticscholar.org/paper/7940a126a32c3af76f399c1cb75b442d7767c111","Mandatory implementation of NICE Guidelines for the care of bipolar disorder and other conditions in England and Wales","[{authorid=143980918, name=R. Morriss}]","BMC Medicine","70337d1b-fdf7-4fcb-b391-e096feba3748","2015","74","11","1","true","[{category=Medicine, source=s2-fos-model}, {category=Medicine, source=external}]","[JournalArticle]","2015-09-30","{name=BMC Medicine, pages=null, volume=13}","18512774"
"58615233","{acl=null, dblp=null, arxiv=null, mag=2896508784, corpusid=58615233, pubmed=30567688, doi=10.2196/11048, pubmedcentral=6315266}","https://www.semanticscholar.org/paper/11d9af12c9d117890066b282f0665eff139ad18d","Innovating From Within: A Process Model for User-Centered Digital Development in Academic Medical Centers","[{authorid=52104650, name=S. Chokshi}, {authorid=39185667, name=D. Mann}]","JMIR Human Factors","a2a47d10-8d6c-4c8b-8932-489e1435fc73","2018","67","38","3","true","[{category=Medicine, source=s2-fos-model}, {category=Computer Science, source=s2-fos-model}, {category=Medicine, source=external}, {category=Computer Science, source=external}]","[JournalArticle]","2018-12-19","{name=JMIR Human Factors, pages=null, volume=5}","58615233"
"203836077","{acl=null, dblp=journals/tip/PanDLPP20, arxiv=1910.02442, mag=2979443781, corpusid=203836077, pubmed=31613765, doi=10.1109/TIP.2019.2945867, pubmedcentral=null}","https://www.semanticscholar.org/paper/86129fbb7caf58dd07bdd49b6acfcef210201a6d","Joint Stereo Video Deblurring, Scene Flow Estimation and Moving Object Segmentation","[{authorid=4589043, name=Liyuan Pan}, {authorid=1681554, name=Yuchao Dai}, {authorid=65795460, name=Miaomiao Liu}, {authorid=29905643, name=F. Porikli}, {authorid=144468149, name=Q. Pan}]","IEEE Transactions on Image Processing","e117fa7f-05b7-4dd6-b64b-0a0a7c0393d8","2019","89","20","0","true","[{category=Computer Science, source=s2-fos-model}, {category=Engineering, source=s2-fos-model}, {category=Computer Science, source=external}, {category=Medicine, source=external}]","[JournalArticle]","2019-10-06","{name=IEEE Transactions on Image Processing, pages=1748-1761, volume=29}","203836077"
"15267492","{acl=null, dblp=null, arxiv=null, mag=2597187389, corpusid=15267492, pubmed=28352271, doi=10.3389/fimmu.2017.00296, pubmedcentral=5348531}","https://www.semanticscholar.org/paper/359b86522772cf047799d0980c31b0c3f2d737a7","Sphingosine 1-Phosphate: A Novel Target for Lung Disorders","[{authorid=34983021, name=Sabira Mohammed}, {authorid=4461635, name=K. Harikumar}]","Frontiers in Immunology","3f7605a7-7e53-4ff7-8895-42f09a5f4355","2017","72","49","2","true","[{category=Medicine, source=s2-fos-model}, {category=Biology, source=external}, {category=Medicine, source=external}]","[Review, JournalArticle]","2017-03-14","{name=Frontiers in Immunology, pages=null, volume=8}","15267492"
"23212256","{acl=null, dblp=null, arxiv=null, mag=2125290211, corpusid=23212256, pubmed=22990723, doi=10.1590/S0004-282X2012000900006, pubmedcentral=null}","https://www.semanticscholar.org/paper/0dbbb5652d85ed6cc759b190f5841b35a8f873dd","Effects of Dăoyĭn Qìgōng in postpolio syndrome patients with cold intolerance.","[{authorid=10232375, name=P. Ramos}, {authorid=7357082, name=G. C. Abe}, {authorid=1400905590, name=M. Pradella-Hallinan}, {authorid=1436072906, name=A. Quadros}, {authorid=46602535, name=B. Schmidt}, {authorid=145993927, name=A. Oliveira}]","Arquivos de Neuro-Psiquiatria","5e84da98-51c6-4885-8575-daeaa738a592","2012","44","2","0","true","[{category=Medicine, source=s2-fos-model}, {category=Medicine, source=external}]","[JournalArticle]","2012-09-01","{name=Arquivos de neuro-psiquiatria, pages=
          680-5
        , volume=70 9}","23212256"
"211296837","{acl=null, dblp=journals/corr/abs-2002-10656, arxiv=2002.10656, mag=3006969035, corpusid=211296837, pubmed=null, doi=10.1109/TIFS.2020.2976961, pubmedcentral=null}","https://www.semanticscholar.org/paper/9c23ab4c5d921304f9198f57751cbdc4e60e99fb","Enhancing Physical Layer Security of Random Caching in Large-Scale Multi-Antenna Heterogeneous Wireless Networks","[{authorid=6174647, name=Wanli Wen}, {authorid=2116898033, name=Chenxi Liu}, {authorid=40497879, name=Yaru Fu}, {authorid=1718541, name=Tony Q. S. Quek}, {authorid=1763952, name=F. Zheng}, {authorid=145824256, name=Shi Jin}]","IEEE Transactions on Information Forensics and Security","d406a3f4-dc05-43be-b1f6-812f29de9c0e","2020","40","7","0","true","[{category=Computer Science, source=s2-fos-model}, {category=Engineering, source=s2-fos-model}, {category=Computer Science, source=external}, {category=Mathematics, source=external}]","[JournalArticle]","2020-02-25","{name=IEEE Transactions on Information Forensics and Security, pages=2840-2855, volume=15}","211296837"
"14669104","{acl=null, dblp=journals/dpd/FirthM17, arxiv=1603.04626, mag=2951336423, corpusid=14669104, pubmed=null, doi=10.1007/s10619-017-7196-y, pubmedcentral=null}","https://www.semanticscholar.org/paper/2b78e72752d8e6af396fa1c1a5ec728d435ce85f","TAPER: query-aware, partition-enhancement for large, heterogenous graphs","[{authorid=36475354, name=Hugo Firth}, {authorid=1755645, name=P. Missier}]","Distributed and parallel databases","ceac6326-95ad-4e90-a522-b7ab052ea5a4","2016","41","12","3","true","[{category=Computer Science, source=s2-fos-model}, {category=Computer Science, source=external}]","[JournalArticle]","2016-03-15","{name=Distributed and Parallel Databases, pages=85 - 115, volume=35}","14669104"
"54093510","{acl=null, dblp=null, arxiv=null, mag=2901462563, corpusid=54093510, pubmed=30505639, doi=10.7717/peerj.6010, pubmedcentral=6254240}","https://www.semanticscholar.org/paper/0621312d89fa1b9f008df5b4828d69e0dc1651c5","Not all brawn, but some brain. Strength gains after training alters kinematic motor abundance in hopping","[{authorid=145339611, name=B. Liew}, {authorid=100513548, name=A. Morrison}, {authorid=5953397, name=H. Hobara}, {authorid=144930972, name=S. Morris}, {authorid=13351648, name=K. Netto}]","PeerJ","558a3215-8ffd-4b31-be7f-f653ca3b600d","2018","59","1","0","true","[{category=Medicine, source=s2-fos-model}, {category=Engineering, source=s2-fos-model}, {category=Medicine, source=external}]","[JournalArticle]","2018-11-23","{name=PeerJ, pages=null, volume=6}","54093510"
"3772415","{acl=null, dblp=journals/jmui/MetatlaMPBST16, arxiv=null, mag=2346970182, corpusid=3772415, pubmed=null, doi=10.1007/s12193-016-0217-8, pubmedcentral=null}","https://www.semanticscholar.org/paper/6b2b26fc8e9ce5134041c4acbf28d1cc24e3951b","Audio-haptic interfaces for digital audio workstations","[{authorid=3149441, name=Oussama Metatla}, {authorid=28092557, name=Fiore Martin}, {authorid=2467058, name=A. Parkinson}, {authorid=1399379893, name=N. Bryan-Kinns}, {authorid=73468364, name=T. Stockman}, {authorid=39647503, name=Atau Tanaka}]","Journal on Multimodal User Interfaces","6cb83d62-5e0e-47ec-b483-91f373ec4b32","2016","36","24","1","true","[{category=Computer Science, source=s2-fos-model}, {category=Engineering, source=s2-fos-model}, {category=Computer Science, source=external}]","[JournalArticle]","2016-05-02","{name=Journal on Multimodal User Interfaces, pages=247 - 258, volume=10}","3772415"
"46959574","{acl=null, dblp=null, arxiv=null, mag=2806536507, corpusid=46959574, pubmed=29881949, doi=10.1007/s12035-018-1142-5, pubmedcentral=6401210}","https://www.semanticscholar.org/paper/8209daf7b248e9ac076a849d5d6a37e3e1287b3e","Ca2+/Calmodulin-Dependent Protein Kinase II (CaMKII) β-Dependent Phosphorylation of GABAB1 Triggers Lysosomal Degradation of GABAB Receptors via Mind Bomb-2 (MIB2)-Mediated Lys-63-Linked Ubiquitination","[{authorid=4325131, name=Khaled Zemoura}, {authorid=47106018, name=Karthik Balakrishnan}, {authorid=6089285, name=T. Grampp}, {authorid=4065565, name=D. Benke}]","Molecular Neurobiology","d75ef6ce-f73e-4fd3-a290-8886c151301e","2018","43","16","0","true","[{category=Biology, source=s2-fos-model}, {category=Chemistry, source=external}, {category=Medicine, source=external}]","[JournalArticle]","2018-06-07","{name=Molecular Neurobiology, pages=1293 - 1309, volume=56}","46959574"
"15398130","{acl=null, dblp=journals/twc/NoklebyA16, arxiv=1203.0695, mag=2223761978, corpusid=15398130, pubmed=null, doi=10.1109/TWC.2015.2465904, pubmedcentral=null}","https://www.semanticscholar.org/paper/e37f66f73c34f5c33b3556d6eee9388d07d57505","Cooperative Compute-and-Forward","[{authorid=1799692, name=M. Nokleby}, {authorid=1743325, name=B. Aazhang}]","IEEE Transactions on Wireless Communications","bb40a041-3875-45d5-afd4-e1c75f896fa6","2012","89","16","0","true","[{category=Computer Science, source=s2-fos-model}, {category=Engineering, source=s2-fos-model}, {category=Computer Science, source=external}, {category=Mathematics, source=external}]","[JournalArticle]","2012-03-03","{name=IEEE Transactions on Wireless Communications, pages=14-27, volume=15}","15398130"
"210149598","{acl=null, dblp=null, arxiv=null, mag=2999269646, corpusid=210149598, pubmed=31923082, doi=10.1097/AOG.0000000000003665, pubmedcentral=7012338}","https://www.semanticscholar.org/paper/e47d5b95078bd9e0f6f291a0ecbf349d5f2a65d6","A Risk-Adjusted Model for Ovarian Cancer Care and Disparities in Access to High-Performing Hospitals","[{authorid=4006570, name=R. Bristow}, {authorid=38340456, name=Jenny Chang}, {authorid=6660686, name=C. Villanueva}, {authorid=145785772, name=A. Ziogas}, {authorid=1854514, name=V. Vieira}]","Obstetrics and Gynecology","dd07286f-14d4-4431-9b88-5dfae1db9893","2020","49","7","1","true","[{category=Medicine, source=s2-fos-model}, {category=Medicine, source=external}]","[JournalArticle]","2020-01-09","{name=Obstetrics and Gynecology, pages=328 - 339, volume=135}","210149598"
"10203384","{acl=null, dblp=null, arxiv=null, mag=1972337158, corpusid=10203384, pubmed=23516508, doi=10.1371/journal.pone.0058554, pubmedcentral=3596298}","https://www.semanticscholar.org/paper/41b921f9eece9308cba8821232e3044b5893f80b","Myostatin Suppression of Akirin1 Mediates Glucocorticoid-Induced Satellite Cell Dysfunction","[{authorid=2153514794, name=Yanjun Dong}, {authorid=5811154, name=J. Pan}, {authorid=2108570283, name=Liping Zhang}]","PLoS ONE","0aed7a40-85f3-4c66-9e1b-c1556c57001b","2013","41","41","2","true","[{category=Biology, source=s2-fos-model}, {category=Medicine, source=s2-fos-model}, {category=Biology, source=external}, {category=Medicine, source=external}]","[JournalArticle]","2013-03-13","{name=PLoS ONE, pages=null, volume=8}","10203384"
"3794172","{acl=null, dblp=null, arxiv=null, mag=1821329714, corpusid=3794172, pubmed=26284518, doi=10.1371/journal.pone.0135942, pubmedcentral=4540430}","https://www.semanticscholar.org/paper/512c803489e3bca676904e0a519a0d3f30811ca6","Obstructive Sleep Apnea Susceptibility Genes in Chinese Population: A Field Synopsis and Meta-Analysis of Genetic Association Studies","[{authorid=5899611, name=Jinxian Sun}, {authorid=4824747, name=Jianrong Hu}, {authorid=3765615, name=C. Tu}, {authorid=46769245, name=Anyuan Zhong}, {authorid=3432451, name=Huajun Xu}]","PLoS ONE","0aed7a40-85f3-4c66-9e1b-c1556c57001b","2015","57","16","0","true","[{category=Medicine, source=s2-fos-model}, {category=Biology, source=external}, {category=Medicine, source=external}]","[MetaAnalysis, JournalArticle]","2015-08-18","{name=PLoS ONE, pages=null, volume=10}","3794172"
"9979635","{acl=null, dblp=null, arxiv=null, mag=1961737079, corpusid=9979635, pubmed=26222780, doi=10.1371/journal.pone.0131786, pubmedcentral=4519265}","https://www.semanticscholar.org/paper/2a17a7cfbb72c94c3148c1ddaeb5b29b4316263c","Hit or Miss: Fertilization Outcomes of Natural Inseminations by Japanese Quail","[{authorid=1390126248, name=E. Adkins-Regan}]","PLoS ONE","0aed7a40-85f3-4c66-9e1b-c1556c57001b","2015","63","6","0","true","[{category=Biology, source=s2-fos-model}, {category=Biology, source=external}, {category=Medicine, source=external}]","[JournalArticle]","2015-07-29","{name=PLoS ONE, pages=null, volume=10}","9979635"
"10897408","{acl=null, dblp=null, arxiv=null, mag=2096998124, corpusid=10897408, pubmed=20177660, doi=10.1007/s00134-010-1781-0, pubmedcentral=2837179}","https://www.semanticscholar.org/paper/ae0154933c86838e320ba76e5f882d33cb0d3a33","Year in review in Intensive Care Medicine 2009. Part III: Mechanical ventilation, acute lung injury and respiratory distress syndrome, pediatrics, ethics, and miscellanea","[{authorid=2241227961, name=Massimo Antonelli}, {authorid=2246338079, name=E. Azoulay}, {authorid=2248217746, name=Marc Bonten}, {authorid=2269985739, name=Jean Chastre}, {authorid=2237679628, name=G. Citerio}, {authorid=2254287918, name=G. Conti}, {authorid=2168417493, name=D. De Backer}, {authorid=2269978812, name=François Lemaire}, {authorid=2269979064, name=Herwig Gerlach}, {authorid=2246761034, name=Göran Hedenstierna}, {authorid=2235314504, name=M. Joannidis}, {authorid=2255756736, name=Duncan Macrae}, {authorid=2243053723, name=J. Mancebo}, {authorid=3964675, name=S. Maggiore}, {authorid=2271892150, name=Alexandre Mebazaa}, {authorid=2257717841, name=J. Preiser}, {authorid=2269985839, name=Jerôme Pugin}, {authorid=2250894180, name=J. Wernerman}, {authorid=2255473640, name=Haibo Zhang}]","Intensive Care Medicine","2294caa9-0a4e-478e-9cad-c0218907d492","2010","120","14","1","true","[{category=Medicine, source=s2-fos-model}, {category=Medicine, source=external}]","[Review, JournalArticle]","2010-02-23","{name=Intensive Care Medicine, pages=567 - 584, volume=36}","10897408"
"1640795","{acl=null, dblp=null, arxiv=null, mag=1898308323, corpusid=1640795, pubmed=26496075, doi=10.1371/journal.pone.0141339, pubmedcentral=4619745}","https://www.semanticscholar.org/paper/7d849d5920d3ac5f62a1573ab3cf53faecb55911","Genome-Wide Association Mapping of Yield and Grain Quality Traits in Winter Wheat Genotypes","[{authorid=3880863, name=W. Tadesse}, {authorid=4559506, name=F. Ogbonnaya}, {authorid=4151411, name=A. Jighly}, {authorid=2030061005, name=M. Sanchez-Garcia}, {authorid=37195076, name=Quahir Sohail}, {authorid=50455279, name=S. Rajaram}, {authorid=145115912, name=M. Baum}]","PLoS ONE","0aed7a40-85f3-4c66-9e1b-c1556c57001b","2015","79","97","2","true","[{category=Agricultural and Food Sciences, source=s2-fos-model}, {category=Biology, source=external}, {category=Medicine, source=external}]","[JournalArticle]","2015-10-23","{name=PLoS ONE, pages=null, volume=10}","1640795"
"12564512","{acl=null, dblp=null, arxiv=null, mag=2078599656, corpusid=12564512, pubmed=22114536, doi=10.2147/PRBM.S12996, pubmedcentral=3218777}","https://www.semanticscholar.org/paper/68a188d6737d5b716621de1ae2b02e04a86a02a9","Health psychology in primary care: recent research and future directions","[{authorid=1804492, name=S. Thielke}, {authorid=47022722, name=Alexander W. Thompson}, {authorid=6047509, name=R. Stuart}]","Psychology Research and Behavior Management","94aaf669-7afc-42e0-831e-565e98e9802d","2011","67","14","0","true","[{category=Psychology, source=s2-fos-model}, {category=Medicine, source=s2-fos-model}, {category=Medicine, source=external}, {category=Psychology, source=external}]","[JournalArticle]","2011-06-01","{name=Psychology research and behavior management, pages=59 - 68, volume=4}","12564512"
"3971288","{acl=null, dblp=null, arxiv=null, mag=2604951002, corpusid=3971288, pubmed=28384202, doi=10.1371/journal.pone.0175118, pubmedcentral=5383057}","https://www.semanticscholar.org/paper/c229c0a887d3bf6f4967ecf93f82fbc991f96529","Plasma cross-gestational sphingolipidomic analyses reveal potential first trimester biomarkers of preeclampsia","[{authorid=48409920, name=A. Dobierzewska}, {authorid=40531663, name=Sony Soman}, {authorid=4018823, name=S. Illanes}, {authorid=1799165, name=A. Morris}]","PLoS ONE","0aed7a40-85f3-4c66-9e1b-c1556c57001b","2017","55","28","5","true","[{category=Medicine, source=s2-fos-model}, {category=Medicine, source=external}]","[JournalArticle]","2017-04-06","{name=PLoS ONE, pages=null, volume=12}","3971288"
"52810215","{acl=null, dblp=null, arxiv=null, mag=2765606289, corpusid=52810215, pubmed=29112714, doi=10.1093/nar/gkx1046, pubmedcentral=5728405}","https://www.semanticscholar.org/paper/e72462a3e7045b37bf3646596dfa4a7633a6ebf1","The RNA processing factors THRAP3 and BCLAF1 promote the DNA damage response through selective mRNA splicing and nuclear export","[{authorid=10123607, name=Jekaterina Vohhodina}, {authorid=2059873551, name=Eliana M. Barros}, {authorid=40323379, name=Abigail L Savage}, {authorid=6012658, name=F. Liberante}, {authorid=3586071, name=L. Manti}, {authorid=46741142, name=P. Bankhead}, {authorid=145986896, name=Nicola Cosgrove}, {authorid=145986896, name=Nicola Cosgrove}, {authorid=38461064, name=A. Madden}, {authorid=46442413, name=D. Harkin}, {authorid=4091179, name=K. Savage}]","Nucleic Acids Research","da96c220-cd39-4894-bae6-d2d77c8e7aa9","2017","39","70","2","true","[{category=Biology, source=s2-fos-model}, {category=Medicine, source=s2-fos-model}, {category=Medicine, source=external}, {category=Biology, source=external}]","[JournalArticle]","2017-11-03","{name=Nucleic Acids Research, pages=12816 - 12833, volume=45}","52810215"
"2272702","{acl=null, dblp=journals/corr/BhamreZS16, arxiv=1602.06632, mag=2285319343, corpusid=2272702, pubmed=27129418, doi=10.1016/j.jsb.2016.04.013, pubmedcentral=null}","https://www.semanticscholar.org/paper/fad75ec6748e76fd6f6233ce86f8aef12772df90","Denoising and Covariance Estimation of Single Particle Cryo-EM Images","[{authorid=2370765, name=T. Bhamre}, {authorid=2110104925, name=Teng Zhang}, {authorid=143805915, name=A. Singer}]","Journal of Structural Biology","3dc20922-3913-4122-925d-6b044c08c12f","2016","38","59","4","true","[{category=Physics, source=s2-fos-model}, {category=Computer Science, source=external}, {category=Biology, source=external}, {category=Mathematics, source=external}, {category=Medicine, source=external}]","[JournalArticle]","2016-02-22","{name=Journal of structural biology, pages=
          72-81
        , volume=195 1}","2272702"
"4877890","{acl=null, dblp=null, arxiv=null, mag=2481972811, corpusid=4877890, pubmed=27487376, doi=10.1590/0004-282X20160084, pubmedcentral=null}","https://www.semanticscholar.org/paper/78a510f4c55acf9fc0502e5b66b1f858226d247d","Translation and cross cultural adaptation of the Pediatric Motor Activity Log-Revised scale","[{authorid=6007327, name=G. S. Matuti}, {authorid=3238289, name=J. F. Santos}, {authorid=7573903, name=Ana Carolina Rodrigues da Silva}, {authorid=1403575429, name=Rafael Eras-Garcia}, {authorid=5349614, name=G. Uswatte}, {authorid=143669501, name=E. Taub}]","Arquivos de Neuro-Psiquiatria","5e84da98-51c6-4885-8575-daeaa738a592","2015","27","4","0","true","[{category=Medicine, source=s2-fos-model}, {category=Psychology, source=external}, {category=Medicine, source=external}]","[Study, JournalArticle]","2015-10-02","{name=Arquivos de Neuro-Psiquiatria, pages=555 - 560, volume=74}","4877890"
"211240627","{acl=null, dblp=null, arxiv=null, mag=3003678311, corpusid=211240627, pubmed=32095185, doi=10.14740/wjon1225, pubmedcentral=7011908}","https://www.semanticscholar.org/paper/4ded187aa8821217142fa07b3b27ea4784badb2b","Sarcopenia and Visceral Adiposity Did Not Affect Efficacy of Immune-Checkpoint Inhibitor Monotherapy for Pretreated Patients With Advanced Non-Small Cell Lung Cancer","[{authorid=40469964, name=S. Minami}, {authorid=9051210, name=Shouichi Ihara}, {authorid=1506034097, name=Tsunehiro Tanaka}, {authorid=6783185, name=K. Komuta}]","World Journal of Oncology","f4d38709-90a0-4431-aa31-e36de138c95b","2020","28","34","2","true","[{category=Medicine, source=s2-fos-model}, {category=Medicine, source=external}]","[JournalArticle]","2020-02-01","{name=World Journal of Oncology, pages=9 - 22, volume=11}","211240627"
"16285632","{acl=null, dblp=null, arxiv=null, mag=2524472929, corpusid=16285632, pubmed=27682153, doi=10.1007/s00508-016-1085-7, pubmedcentral=5052289}","https://www.semanticscholar.org/paper/760f925325764a58dce4ca88ab038f84760643c0","Clinical-Pathological Conference Series from the Medical University of Graz","[{authorid=27960752, name=E. Fabian}, {authorid=35644256, name=D. Schiller}, {authorid=4642839, name=A. Tomaschitz}, {authorid=4576354, name=C. Langner}, {authorid=2073673971, name=S. Pilz}, {authorid=49303997, name=S. Quasthoff}, {authorid=3696649, name=R. Raggam}, {authorid=2095804022, name=R. Schoefl}, {authorid=4613742, name=G. Krejs}]","Wiener Klinische Wochenschrift","efb990e0-98cc-472c-a0c1-ed9eb218e238","2016","52","0","0","true","[{category=Medicine, source=s2-fos-model}, {category=Medicine, source=external}]","[JournalArticle, CaseReport]","2016-09-28","{name=Wiener Klinische Wochenschrift, pages=719 - 727, volume=128}","16285632"
"19011197","{acl=null, dblp=null, arxiv=null, mag=2593038077, corpusid=19011197, pubmed=28293236, doi=10.3389/fimmu.2017.00119, pubmedcentral=5328987}","https://www.semanticscholar.org/paper/7ed1dcfad7266bfda122685c0009ec526f77909f","Interferon Lambda: Modulating Immunity in Infectious Diseases","[{authorid=4991097, name=Mohammedyaseen Syedbasha}, {authorid=49374505, name=A. Egli}]","Frontiers in Immunology","3f7605a7-7e53-4ff7-8895-42f09a5f4355","2017","195","109","7","true","[{category=Biology, source=s2-fos-model}, {category=Medicine, source=s2-fos-model}, {category=Medicine, source=external}, {category=Biology, source=external}]","[Review, JournalArticle]","2017-02-28","{name=Frontiers in Immunology, pages=null, volume=8}","19011197"
"199643988","{acl=null, dblp=null, arxiv=null, mag=2964175181, corpusid=199643988, pubmed=31429691, doi=10.2174/1573409915666190722122827, pubmedcentral=6967136}","https://www.semanticscholar.org/paper/f8aa6b5751989a185a603d7003ec5de0b99e6d01","Quality by Design Approach for Development and Characterisation of  Solid Lipid Nanoparticles of Quetiapine Fumarate","[{authorid=3226566, name=Shweta Agarwal}, {authorid=144972081, name=R. Murthy}, {authorid=13310417, name=S. Harikumar}, {authorid=47750883, name=R. Garg}]","Current Computer - Aided Drug Design","48c869db-5a02-4ade-8228-cff5e7600835","2020","35","18","0","true","[{category=Medicine, source=s2-fos-model}, {category=Materials Science, source=s2-fos-model}, {category=Chemistry, source=s2-fos-model}, {category=Medicine, source=external}, {category=Chemistry, source=external}]","[JournalArticle]","2020-01-06","{name=Current Computer-Aided Drug Design, pages=73 - 91, volume=16}","199643988"
"221123546","{acl=null, dblp=null, arxiv=null, mag=3049536867, corpusid=221123546, pubmed=32790772, doi=10.1371/journal.pone.0237674, pubmedcentral=7425967}","https://www.semanticscholar.org/paper/31cde645eb10b6dac5ab575267878d262429e310","New convolutional neural network model for screening and diagnosis of mammograms","[{authorid=2111574284, name=Chen Zhang}, {authorid=2082622, name=Jumin Zhao}, {authorid=144545154, name=Jing Niu}, {authorid=2238580, name=Deng-ao Li}]","PLoS ONE","0aed7a40-85f3-4c66-9e1b-c1556c57001b","2020","48","31","0","true","[{category=Medicine, source=s2-fos-model}, {category=Computer Science, source=s2-fos-model}, {category=Computer Science, source=external}, {category=Medicine, source=external}]","[JournalArticle]","2020-08-13","{name=PLoS ONE, pages=null, volume=15}","221123546"
"1248331","{acl=null, dblp=null, arxiv=null, mag=1913801304, corpusid=1248331, pubmed=26330806, doi=10.4110/in.2015.15.4.199, pubmedcentral=4553258}","https://www.semanticscholar.org/paper/4f28316f58976e4f2c3fc33de13b59d8331e3d08","Anti-proliferative Activity of T-bet","[{authorid=5494545, name=Y. Oh}, {authorid=5699794, name=Ji-Hyun Shin}, {authorid=5590859, name=Hee Yeon Won}, {authorid=5859374, name=E. Hwang}]","Immune Network","43fc1ef1-2ebc-463c-90ee-e841a9147531","2015","31","5","1","true","[{category=Biology, source=s2-fos-model}, {category=Medicine, source=s2-fos-model}, {category=Biology, source=external}, {category=Medicine, source=external}]","[JournalArticle]","2015-08-01","{name=Immune Network, pages=199 - 205, volume=15}","1248331"
"680154","{acl=null, dblp=null, arxiv=null, mag=2415759802, corpusid=680154, pubmed=25876912, doi=10.2174/1381612821666150416100319, pubmedcentral=5421142}","https://www.semanticscholar.org/paper/363405445b465c7067e82c3f3fd5c9be04a009b0","Particle Engineering in Pharmaceutical Solids Processing: Surface Energy  Considerations","[{authorid=145172019, name=Daryl R. Williams}]","Current pharmaceutical design","0d2145ef-02c0-46b9-a2fe-f52a4bdab336","2015","90","48","1","true","[{category=Engineering, source=s2-fos-model}, {category=Materials Science, source=s2-fos-model}, {category=Medicine, source=s2-fos-model}, {category=Materials Science, source=external}, {category=Medicine, source=external}]","[Review, JournalArticle]","2015-05-31","{name=Current Pharmaceutical Design, pages=2677 - 2694, volume=21}","680154"
"20674580","{acl=null, dblp=null, arxiv=null, mag=1992437366, corpusid=20674580, pubmed=22042189, doi=10.1590/S0004-282X2011000600019, pubmedcentral=null}","https://www.semanticscholar.org/paper/2224bd79eca3e97675b368819a155031ace0d4fd","Atypical presentations of neuromyelitis optica.","[{authorid=6527292, name=D. Sato}, {authorid=2953565, name=K. Fujihara}]","Arquivos de Neuro-Psiquiatria","5e84da98-51c6-4885-8575-daeaa738a592","2011","24","33","1","true","[{category=Medicine, source=s2-fos-model}, {category=Medicine, source=external}]","[Review, JournalArticle]","2011-10-01","{name=Arquivos de neuro-psiquiatria, pages=
          824-8
        , volume=69 5}","20674580"
"10791001","{acl=null, dblp=null, arxiv=null, mag=2048054271, corpusid=10791001, pubmed=24505265, doi=10.1371/journal.pone.0086789, pubmedcentral=3913571}","https://www.semanticscholar.org/paper/87adaec6707fd94f8d89c6a03575c035da1870b5","Oxaliplatin-Based Chemotherapy Is More Beneficial in KRAS Mutant than in KRAS Wild-Type Metastatic Colorectal Cancer Patients","[{authorid=5248721, name=Yu-Lin Lin}, {authorid=121679635, name=Yi-Hsin Liang}, {authorid=87116086, name=J. Tsai}, {authorid=2363449, name=Jau-Yu Liau}, {authorid=50685415, name=Jin-Tung Liang}, {authorid=145789469, name=Been-Ren Lin}, {authorid=81560652, name=Ji-Shiang Hung}, {authorid=79593783, name=Liang-In Lin}, {authorid=145219989, name=L. Tseng}, {authorid=4674237, name=Yih-Leong Chang}, {authorid=4592200, name=K. Yeh}, {authorid=144615027, name=A. Cheng}]","PLoS ONE","0aed7a40-85f3-4c66-9e1b-c1556c57001b","2014","13","18","0","true","[{category=Medicine, source=s2-fos-model}, {category=Medicine, source=external}]","[JournalArticle]","2014-02-04","{name=PLoS ONE, pages=null, volume=9}","10791001"
"265781643","{acl=null, dblp=null, arxiv=null, mag=2895979566, corpusid=265781643, pubmed=30410629, doi=10.3762/bjoc.14.245, pubmedcentral=6204808}","https://www.semanticscholar.org/paper/19f0c119794700c534fe6cf6d18e93763fb11df0","Synthesis and biological evaluation of 1,2-disubsubstituted 4-quinolone analogues of Pseudonocardia sp. natural products","[{authorid=4200943, name=S. M. Geddis}, {authorid=2271145844, name=Teodora Coroama}, {authorid=103606786, name=Suzanne Forrest}, {authorid=5007623, name=J. Hodgkinson}, {authorid=2266538217, name=Martin Welch}, {authorid=1761031, name=D. Spring}]","Beilstein Journal of Organic Chemistry","d019220c-56d5-4c73-b3d7-6c4061b3a42d","2018","23","4","0","true","[{category=Chemistry, source=s2-fos-model}, {category=Medicine, source=s2-fos-model}, {category=Chemistry, source=external}, {category=Medicine, source=external}]","[JournalArticle]","2018-10-19","{name=Beilstein Journal of Organic Chemistry, pages=2680 - 2688, volume=14}","265781643"
"761149","{acl=null, dblp=null, arxiv=null, mag=2156049957, corpusid=761149, pubmed=20360847, doi=10.1371/journal.pone.0009871, pubmedcentral=2845614}","https://www.semanticscholar.org/paper/67bb807d2bdd9232a6c68d8cf00574f8c6129ec7","Clinical Protection from Falciparum Malaria Correlates with Neutrophil Respiratory Bursts Induced by Merozoites Opsonized with Human Serum Antibodies","[{authorid=35203172, name=Charlotte Joos}, {authorid=6384490, name=L. Marrama}, {authorid=3890525, name=H. Polson}, {authorid=14509764, name=S. Corre}, {authorid=120340745, name=Antoine-Marie Diatta}, {authorid=4572153, name=B. Diouf}, {authorid=17878381, name=J. Trape}, {authorid=6597136, name=A. Tall}, {authorid=4385575, name=S. Longacre}, {authorid=6395274, name=R. Perraut}]","PLoS ONE","0aed7a40-85f3-4c66-9e1b-c1556c57001b","2010","51","157","11","true","[{category=Biology, source=s2-fos-model}, {category=Medicine, source=s2-fos-model}, {category=Biology, source=external}, {category=Medicine, source=external}]","[JournalArticle]","2010-03-25","{name=PLoS ONE, pages=null, volume=5}","761149"
"14309664","{acl=null, dblp=null, arxiv=null, mag=2059716291, corpusid=14309664, pubmed=25059766, doi=10.1007/s00345-014-1362-x, pubmedcentral=4480330}","https://www.semanticscholar.org/paper/3311c1af2fb3898e314366e8f8231fd773201f3a","Preoperative magnetic resonance imaging for detecting uni- and bilateral extraprostatic disease in patients with prostate cancer","[{authorid=47330641, name=E. Rud}, {authorid=48351104, name=Dagmar Klotz}, {authorid=3766844, name=K. Rennesund}, {authorid=39169396, name=E. Baco}, {authorid=145513580, name=T. B. Johansen}, {authorid=3267379, name=L. Diep}, {authorid=145653291, name=A. Svindland}, {authorid=6380357, name=L. M. Eri}, {authorid=1389991789, name=H. Eggesbø}]","World journal of urology","11d0e58d-2fce-416e-945a-ea8815a278a1","2014","27","26","2","true","[{category=Medicine, source=s2-fos-model}, {category=Medicine, source=external}]","[JournalArticle]","2014-07-25","{name=World Journal of Urology, pages=1015 - 1021, volume=33}","14309664"
"11823123","{acl=null, dblp=null, arxiv=null, mag=2530359464, corpusid=11823123, pubmed=27724873, doi=10.1186/s12866-016-0707-6, pubmedcentral=5057452}","https://www.semanticscholar.org/paper/b517a742e7555b9c4052622368b41d447549a6c8","Antimicrobial susceptibility testing of Neisseria gonorrhoeae isolates in Pakistan by Etest compared to Calibrated Dichotomous Sensitivity and Clinical Laboratory Standards Institute disc diffusion techniques","[{authorid=7647589, name=Pushpa Bhawan Mal}, {authorid=4721655, name=K. Jabeen}, {authorid=2571686, name=J. Farooqi}, {authorid=5478595, name=M. Unemo}, {authorid=46346177, name=E. Khan}]","BMC Microbiology","8aa1809e-2afc-499d-b1eb-4f7d1dab5f28","2016","14","9","1","true","[{category=Medicine, source=s2-fos-model}, {category=Biology, source=external}, {category=Medicine, source=external}]","[JournalArticle, Study]","2016-10-10","{name=BMC Microbiology, pages=null, volume=16}","11823123"
"222067690","{acl=null, dblp=null, arxiv=null, mag=3089617695, corpusid=222067690, pubmed=32996011, doi=10.1007/s11030-020-10135-w, pubmedcentral=7524381}","https://www.semanticscholar.org/paper/aab8c0ccf6e0237ecacf2c522168a6dc8ab7a527","Identification of potential inhibitors of coronavirus hemagglutinin-esterase using molecular docking, molecular dynamics simulation and binding free energy calculation","[{authorid=48991159, name=C. Patel}, {authorid=2109543896, name=Sivakumar Prasanth Kumar}, {authorid=5177412, name=H. Pandya}, {authorid=144278838, name=R. Rawal}]","Molecular diversity","1c60c14e-1b6e-4198-a3de-545707da4d81","2020","57","26","1","true","[{category=Medicine, source=s2-fos-model}, {category=Chemistry, source=s2-fos-model}, {category=Chemistry, source=external}, {category=Medicine, source=external}]","[JournalArticle]","2020-09-29","{name=Molecular Diversity, pages=421 - 433, volume=25}","222067690"
"57013063","{acl=null, dblp=null, arxiv=null, mag=2907814269, corpusid=57013063, pubmed=30593605, doi=10.1007/s11095-018-2551-x, pubmedcentral=7089466}","https://www.semanticscholar.org/paper/416ab10340082790e28d6a2d6c5c49c0a27eccf6","Pharmacokinetic and Pharmacodynamic Considerations for Drugs Binding to Alpha-1-Acid Glycoprotein","[{authorid=34183879, name=Sherri A. Smith}, {authorid=2140994, name=N. Waters}]","Pharmaceutical Research","9adb8537-f32e-4bab-a10c-e7c9d59e04ac","2018","178","81","2","true","[{category=Medicine, source=s2-fos-model}, {category=Medicine, source=external}, {category=Chemistry, source=external}]","[Review, JournalArticle]","2018-12-28","{name=Pharmaceutical Research, pages=null, volume=36}","57013063"
"1287061","{acl=null, dblp=null, arxiv=1603.07237, mag=2949956464, corpusid=1287061, pubmed=27712980, doi=10.1016/j.tpb.2016.09.002, pubmedcentral=null}","https://www.semanticscholar.org/paper/2aa38bd1b56136888d8c76117953d0963a6de23b","Resampling: An improvement of importance sampling in varying population size models.","[{authorid=153039788, name=C. Merle}, {authorid=1790847, name=R. Leblois}, {authorid=3284192, name=F. Rousset}, {authorid=40498102, name=P. Pudlo}]","Theoretical Population Biology","fc85e21e-db46-4fba-8863-ffdb27d7c6bc","2016","28","4","0","true","[{category=Mathematics, source=s2-fos-model}, {category=Mathematics, source=external}, {category=Computer Science, source=external}, {category=Medicine, source=external}]","[JournalArticle]","2016-03-23","{name=Theoretical population biology, pages=
          70-87
        , volume=114}","1287061"
"544453","{acl=null, dblp=null, arxiv=null, mag=2258394817, corpusid=544453, pubmed=26825464, doi=10.1093/nar/gkw037, pubmedcentral=4838364}","https://www.semanticscholar.org/paper/71f863455e67cd92d586c3b2f1a113c252dfee49","FANCM interacts with PCNA to promote replication traverse of DNA interstrand crosslinks","[{authorid=49102433, name=F. Rohleder}, {authorid=49024620, name=Jing Huang}, {authorid=32940441, name=Yutong Xue}, {authorid=134178348, name=J. Kuper}, {authorid=3467630, name=A. Round}, {authorid=3443323, name=M. Seidman}, {authorid=46314988, name=Weidong Wang}, {authorid=38440764, name=C. Kisker}]","Nucleic Acids Research","da96c220-cd39-4894-bae6-d2d77c8e7aa9","2016","68","38","3","true","[{category=Biology, source=s2-fos-model}, {category=Biology, source=external}, {category=Medicine, source=external}]","[JournalArticle]","2016-01-28","{name=Nucleic Acids Research, pages=3219 - 3232, volume=44}","544453"
"211472939","{acl=null, dblp=null, arxiv=null, mag=3007101402, corpusid=211472939, pubmed=32109968, doi=10.1055/a-1081-2036, pubmedcentral=7035130}","https://www.semanticscholar.org/paper/20ee80658b978b7a856977dd9d18ac919f3388c6","Exploration of the Relationship Between Gut Microbiota and Polycystic Ovary Syndrome (PCOS): a Review","[{authorid=47039694, name=Xiaoxuan Zhao}, {authorid=51316904, name=Yue-Peng Jiang}, {authorid=2054918756, name=Hongyan Xi}, {authorid=2115385821, name=Lu Chen}, {authorid=50482077, name=Xiaoling Feng}]","Geburtshilfe und Frauenheilkunde","cf50a44e-a88d-48ee-b09a-83784921411c","2020","132","53","4","true","[{category=Medicine, source=s2-fos-model}, {category=Biology, source=s2-fos-model}, {category=Environmental Science, source=s2-fos-model}, {category=Medicine, source=external}]","[JournalArticle, Review]","2020-02-01","{name=Geburtshilfe und Frauenheilkunde, pages=161 - 171, volume=80}","211472939"
"58012091","{acl=null, dblp=null, arxiv=null, mag=2901103718, corpusid=58012091, pubmed=30651764, doi=10.3892/etm.2018.6953, pubmedcentral=6307520}","https://www.semanticscholar.org/paper/da2cfc864f9471e94aeff3d24a703e2f043f794a","Comparison of neuroendocrine dysfunction in patients with adamantinomatous and papillary craniopharyngiomas","[{authorid=1508938359, name=Yinger Feng}, {authorid=2057459609, name=Ming Ni}, {authorid=2108771052, name=Yonggang Wang}, {authorid=7921063, name=L. Zhong}]","Experimental and Therapeutic Medicine","66d636a6-1266-477a-a4b6-928f1f87001d","2018","27","16","0","true","[{category=Medicine, source=s2-fos-model}, {category=Medicine, source=external}]","[JournalArticle]","2018-11-12","{name=Experimental and Therapeutic Medicine, pages=51 - 56, volume=17}","58012091"
"204952300","{acl=null, dblp=null, arxiv=null, mag=2981437836, corpusid=204952300, pubmed=31659030, doi=10.1073/pnas.1906908116, pubmedcentral=6859310}","https://www.semanticscholar.org/paper/b31539a4f355d9e856587a6cffec5f797b063c00","Multiple health and environmental impacts of foods","[{authorid=2093412956, name=Michael A Clark}, {authorid=4979059, name=M. Springmann}, {authorid=2261542846, name=Jason Hill}, {authorid=2254502183, name=David Tilman}]","Proceedings of the National Academy of Sciences of the United States of America","bb95bf2e-8383-4748-bf9d-d6906d091085","2019","72","405","15","true","[{category=Environmental Science, source=s2-fos-model}, {category=Business, source=external}, {category=Medicine, source=external}]","[JournalArticle]","2019-10-28","{name=Proceedings of the National Academy of Sciences of the United States of America, pages=23357 - 23362, volume=116}","204952300"
"53170168","{acl=null, dblp=null, arxiv=null, mag=2899116121, corpusid=53170168, pubmed=30379806, doi=10.1371/journal.pbio.2005850, pubmedcentral=6231676}","https://www.semanticscholar.org/paper/0135ead5307529f4a768c454cf287748567a5278","The Foxp3+ regulatory T-cell population requires IL-4Rα signaling to control inflammation during helminth infections","[{authorid=9754012, name=N. Abdel Aziz}, {authorid=4675692, name=J. K. Nono}, {authorid=19218872, name=Thabo Mpotje}, {authorid=6018346, name=F. Brombacher}]","PLoS Biology","83ff973b-8a0e-4e00-a06a-2cfd9e222de9","2018","57","25","1","true","[{category=Biology, source=s2-fos-model}, {category=Medicine, source=s2-fos-model}, {category=Medicine, source=external}, {category=Biology, source=external}]","[JournalArticle]","2018-10-01","{name=PLoS Biology, pages=null, volume=16}","53170168"
"713791","{acl=null, dblp=null, arxiv=null, mag=2331752423, corpusid=713791, pubmed=25275644, doi=10.1021/cr500255e, pubmedcentral=4254030}","https://www.semanticscholar.org/paper/03e8690540a053d91e99457968091fd8fcf20c23","Current and Potential Treatments for Ubiquitous but Neglected Herpesvirus Infections","[{authorid=8079194, name=J. Gable}, {authorid=35123607, name=Timothy M. Acker}, {authorid=2143214, name=C. Craik}]","Chemical Reviews","f458795b-af97-4b7c-ba4e-d57bbb57f90a","2014","364","22","1","true","[{category=Medicine, source=s2-fos-model}, {category=Chemistry, source=s2-fos-model}, {category=Chemistry, source=external}, {category=Medicine, source=external}]","[Review, JournalArticle]","2014-10-02","{name=Chemical Reviews, pages=11382 - 11412, volume=114}","713791"
"4925846","{acl=null, dblp=null, arxiv=null, mag=2597230258, corpusid=4925846, pubmed=28289141, doi=10.1101/gad.293449.116, pubmedcentral=5358757}","https://www.semanticscholar.org/paper/88ab41c29c7bcf439dc062e0f40f6b8b943b9210","Oncogenic Kras drives invasion and maintains metastases in colorectal cancer","[{authorid=39347352, name=A. Boutin}, {authorid=4849349, name=W. Liao}, {authorid=2108671251, name=Melody Wang}, {authorid=2228538602, name=Soyoon Sarah Hwang}, {authorid=2030310, name=T. Karpinets}, {authorid=31752694, name=Hannah C. Cheung}, {authorid=2452535, name=Gerald C. Chu}, {authorid=143966976, name=Shan Jiang}, {authorid=12879604, name=Jian Hu}, {authorid=49223477, name=K. Chang}, {authorid=5107339, name=E. Vilar}, {authorid=2230399924, name=Xingzhi Song}, {authorid=123275283, name=Jianhua Zhang}, {authorid=7867918, name=S. Kopetz}, {authorid=6379593, name=A. Futreal}, {authorid=49416094, name=Y. A. Wang}, {authorid=6091301, name=L. Kwong}, {authorid=5593407, name=R. DePinho}]","Genes & Development","94df828d-8411-48df-8aec-f13101ebb8f4","2017","59","123","7","true","[{category=Biology, source=s2-fos-model}, {category=Medicine, source=s2-fos-model}, {category=Medicine, source=external}, {category=Biology, source=external}]","[JournalArticle]","2017-02-15","{name=Genes & Development, pages=370 - 382, volume=31}","4925846"
"9972296","{acl=null, dblp=null, arxiv=null, mag=2124246726, corpusid=9972296, pubmed=26213785, doi=10.1210/er.2015-1036, pubmedcentral=4591525}","https://www.semanticscholar.org/paper/5ec4339ff658fa780fe99f9e88db479906767b4b","The Regulation of Steroid Action by Sulfation and Desulfation","[{authorid=2110564873, name=Jonathan Wolf Mueller}, {authorid=5520284, name=L. Gilligan}, {authorid=6004078, name=J. Idkowiak}, {authorid=1905611, name=W. Arlt}, {authorid=34627152, name=P. Foster}]","Endocrine reviews","30b423bd-bbec-4115-9821-aab008055159","2015","447","295","25","true","[{category=Biology, source=s2-fos-model}, {category=Chemistry, source=s2-fos-model}, {category=Medicine, source=s2-fos-model}, {category=Chemistry, source=external}, {category=Medicine, source=external}]","[Review, JournalArticle]","2015-07-27","{name=Endocrine Reviews, pages=526 - 563, volume=36}","9972296"
"39585667","{acl=null, dblp=null, arxiv=null, mag=1993972087, corpusid=39585667, pubmed=25654475, doi=10.1057/jphp.2014.55, pubmedcentral=null}","https://www.semanticscholar.org/paper/e11e9e2a87738617598d84ee873fb90128676933","Health in All Policies? The case of policies to promote bicycle use in the Netherlands","[{authorid=7214144, name=Lea den Broeder}, {authorid=10237190, name=Eline Scheepers}, {authorid=1402427081, name=W. Wendel-Vos}, {authorid=7821413, name=J. Schuit}]","Journal of Public Health Policy","14db6da9-a112-49d9-9722-129d15c4dc2b","2015","34","3","0","true","[{category=Environmental Science, source=s2-fos-model}, {category=Political Science, source=s2-fos-model}, {category=Political Science, source=external}, {category=Medicine, source=external}]","[JournalArticle, Review]","2015-02-05","{name=Journal of Public Health Policy, pages=194 - 211, volume=36}","39585667"
"12573990","{acl=null, dblp=null, arxiv=null, mag=2129222826, corpusid=12573990, pubmed=23028691, doi=10.1371/journal.pone.0044936, pubmedcentral=3444505}","https://www.semanticscholar.org/paper/718d96ef9d52ee3b312f789c844a8805f31b438a","Robust Markers Reflecting Phylogeny and Taxonomy of Rhizobia","[{authorid=2152820385, name=Yan Ming Zhang}, {authorid=31676334, name=C. Tian}, {authorid=32075297, name=X. Sui}, {authorid=152408957, name=W. Chen}, {authorid=2206793929, name=Wen Xin Chen}]","PLoS ONE","0aed7a40-85f3-4c66-9e1b-c1556c57001b","2012","39","69","3","true","[{category=Biology, source=s2-fos-model}, {category=Environmental Science, source=s2-fos-model}, {category=Biology, source=external}, {category=Medicine, source=external}]","[JournalArticle]","2012-09-17","{name=PLoS ONE, pages=null, volume=7}","12573990"
"21229980","{acl=null, dblp=null, arxiv=null, mag=2063925960, corpusid=21229980, pubmed=21987136, doi=10.1590/S0365-05962011000400012, pubmedcentral=null}","https://www.semanticscholar.org/paper/922a4f80116116536c3523e645a85ed6ae26da71","Sweet's syndrome: study of 73 cases, emphasizing histopathological findings.","[{authorid=5422917, name=M. Rochael}, {authorid=9551025, name=L. Pantaleão}, {authorid=39283477, name=E. Vilar}, {authorid=5768354, name=Luciana Helena Zacaron}, {authorid=2271778569, name=Eduardo Quelhas Spada}, {authorid=2272195329, name=Marcus H S B Xavier}, {authorid=2272194161, name=Karla Strong Rodrigues}]","Anais Brasileiros de Dermatologia","f6c5727f-02d8-4c05-afaa-2c8b30d2ca9e","2011","23","42","1","true","[{category=Medicine, source=s2-fos-model}, {category=Medicine, source=external}]","[JournalArticle]","2011-07-01","{name=Anais brasileiros de dermatologia, pages=
          702-7
        , volume=86 4}","21229980"
"4214","{acl=null, dblp=null, arxiv=null, mag=895794896, corpusid=4214, pubmed=26181753, doi=10.1371/journal.pone.0133075, pubmedcentral=4504671}","https://www.semanticscholar.org/paper/91d532e9d2a8e2e4d04d835a66714640867aeb6a","Persistence of Only a Minute Viable Population in Chlorotic Microcystis aeruginosa PCC 7806 Cultures Obtained by Nutrient Limitation","[{authorid=4072712, name=Diogo de Abreu Meireles}, {authorid=144451614, name=J. Schripsema}, {authorid=12052610, name=Andrea Cristina Vetö Arnholdt}, {authorid=6589474, name=D. Dagnino}]","PLoS ONE","0aed7a40-85f3-4c66-9e1b-c1556c57001b","2015","42","7","0","true","[{category=Biology, source=s2-fos-model}, {category=Environmental Science, source=s2-fos-model}, {category=Biology, source=external}, {category=Medicine, source=external}]","[JournalArticle]","2015-07-16","{name=PLoS ONE, pages=null, volume=10}","4214"
"221619865","{acl=null, dblp=null, arxiv=null, mag=3085621449, corpusid=221619865, pubmed=32914489, doi=10.1002/cpp.2515, pubmedcentral=null}","https://www.semanticscholar.org/paper/34e1958fd3d7c3bc4c76bbd0d742dd7cd2b14127","The impact on mental health practitioners of the death of a patient by suicide: a systematic review.","[{authorid=118647000, name=David M. Sandford}, {authorid=4290872, name=Olivia J. Kirtley}, {authorid=48906201, name=R. Thwaites}, {authorid=1384045554, name=R. O’Connor}]","Clinical Psychology and Psychotherapy","fabdfae0-4036-4430-bbda-2a707fdb26a8","2020","76","21","1","true","[{category=Psychology, source=s2-fos-model}, {category=Medicine, source=s2-fos-model}, {category=Medicine, source=external}, {category=Psychology, source=external}]","[Review, JournalArticle]","2020-09-10","{name=Clinical psychology & psychotherapy, pages=null, volume=null}","221619865"
"16884383","{acl=null, dblp=null, arxiv=null, mag=2147154864, corpusid=16884383, pubmed=24474811, doi=10.1093/jxb/ert434, pubmedcentral=3904722}","https://www.semanticscholar.org/paper/96b90bae6b3076f1f9ffe97147c1e967980030be","Genotype–environment interactions affecting preflowering physiological and morphological traits of Brassica rapa grown in two watering regimes","[{authorid=1411061746, name=Mohamed El-Soda}, {authorid=116912753, name=M. Boer}, {authorid=6009631, name=H. Bagheri}, {authorid=47489182, name=C. Hanhart}, {authorid=5071313, name=M. Koornneef}, {authorid=4128847, name=M. Aarts}]","Journal of Experimental Botany","2360b2ce-5340-4b89-b7d1-b4132d911e39","2014","39","37","4","true","[{category=Biology, source=s2-fos-model}, {category=Environmental Science, source=s2-fos-model}, {category=Biology, source=external}, {category=Medicine, source=external}]","[JournalArticle]","2014-01-27","{name=Journal of Experimental Botany, pages=697 - 708, volume=65}","16884383"
"67858765","{acl=null, dblp=null, arxiv=null, mag=2913445110, corpusid=67858765, pubmed=30716061, doi=10.1371/journal.pbio.3000129, pubmedcentral=6375648}","https://www.semanticscholar.org/paper/b086d91c4dd39c7e77f8791492891553fb608c15","Experimental evolution reveals microbial traits for association with the host gut","[{authorid=143911621, name=Nicole M. Vega}]","PLoS Biology","83ff973b-8a0e-4e00-a06a-2cfd9e222de9","2019","34","7","0","true","[{category=Biology, source=s2-fos-model}, {category=Environmental Science, source=s2-fos-model}, {category=Biology, source=external}, {category=Medicine, source=external}]","[JournalArticle]","2019-02-01","{name=PLoS Biology, pages=null, volume=17}","67858765"
"3320180","{acl=null, dblp=null, arxiv=null, mag=2597140783, corpusid=3320180, pubmed=28367283, doi=10.4097/kjae.2017.70.2.136, pubmedcentral=5370299}","https://www.semanticscholar.org/paper/b569303f5093689a59b79afb9736f08a9e3dbda5","Postdural puncture headache","[{authorid=40514364, name=K. Kwak}]","Korean Journal of Anesthesiology","f48e847b-7ab4-450e-b70e-f32aae17c58d","2017","91","68","2","true","[{category=Medicine, source=s2-fos-model}, {category=Medicine, source=external}]","[Review, JournalArticle]","2017-02-03","{name=Korean Journal of Anesthesiology, pages=136 - 143, volume=70}","3320180"
"262883681","{acl=null, dblp=null, arxiv=null, mag=2156023229, corpusid=262883681, pubmed=20439173, doi=10.1289/ehp.0901755, pubmedcentral=2866693}","https://www.semanticscholar.org/paper/0de86f4fdcd69641abcc3508c2d6f6dff2785c09","Good Laboratory Practices and Safety Assessments: Another View","[{authorid=5308065, name=Tony Tweedale}]","Environmental Health Perspectives","74dbb751-54d9-4be5-baa6-52a5e58ea8dd","2010","30","8","0","true","[{category=Environmental Science, source=s2-fos-model}, {category=Medicine, source=external}, {category=Biology, source=external}]","[JournalArticle, LettersAndComments, Review]","2010-05-01","{name=Environmental Health Perspectives, pages=A194 - A194, volume=118}","262883681"
"25401156","{acl=null, dblp=null, arxiv=null, mag=2196303538, corpusid=25401156, pubmed=26650439, doi=10.1111/bph.13348, pubmedcentral=4718210}","https://www.semanticscholar.org/paper/0e93e695777158160ed223910b2476f6ecc404e6","The Concise Guide to PHARMACOLOGY 2015/16: G protein‐coupled receptors","[{authorid=145482561, name=Stephen P. H. Alexander}, {authorid=1827694, name=A. Davenport}, {authorid=46842990, name=E. Kelly}, {authorid=5421489, name=N. Marrion}, {authorid=145152565, name=J. A. Peters}, {authorid=22520416, name=H. E. Benson}, {authorid=2338220, name=E. Faccenda}, {authorid=1857959, name=Adam J Pawson}, {authorid=2525794, name=J. Sharman}, {authorid=48768858, name=C. Southan}, {authorid=32650718, name=J. Davies}]","British Journal of Pharmacology","72dc4a68-546a-4211-947e-a9ef859d12ad","2015","133","539","16","true","[{category=Medicine, source=s2-fos-model}, {category=Medicine, source=external}]","[JournalArticle, Review]","2015-12-01","{name=British Journal of Pharmacology, pages=5744 - 5869, volume=172}","25401156"
"9462050","{acl=null, dblp=null, arxiv=null, mag=1994961425, corpusid=9462050, pubmed=25057893, doi=10.1371/journal.pone.0103190, pubmedcentral=4109994}","https://www.semanticscholar.org/paper/f8f2a61fb217ad9fb00b93b7ec2bbb016bcbb881","Using Informatics and the Electronic Medical Record to Describe Antimicrobial Use in the Clinical Management of Diarrhea Cases at 12 Companion Animal Practices","[{authorid=38983367, name=R. M. Anholt}, {authorid=3039578, name=J. Berezowski}, {authorid=6272483, name=C. Ribble}, {authorid=143784927, name=M. Russell}, {authorid=88115842, name=C. Stephen}, {authorid=145140313, name=H. Tse}, {authorid=2193676626, name=H. Kong}]","PLoS ONE","0aed7a40-85f3-4c66-9e1b-c1556c57001b","2014","47","16","0","true","[{category=Environmental Science, source=s2-fos-model}, {category=Medicine, source=s2-fos-model}, {category=Medicine, source=external}]","[JournalArticle, Review]","2014-07-24","{name=PLoS ONE, pages=null, volume=9}","9462050"
"79155270","{acl=null, dblp=null, arxiv=null, mag=2549836299, corpusid=79155270, pubmed=31186915, doi=10.1177/2055668316676032, pubmedcentral=6453041}","https://www.semanticscholar.org/paper/0067e4b565924d1eb7b2510dd7a2c0b23ed22157","Efficacy of an activity monitor as a biofeedback device in cerebral palsy","[{authorid=5678582, name=D. Sharan}, {authorid=48683543, name=J. Rajkumar}, {authorid=81843437, name=Rajarajeshwari Balakrishnan}]","Journal of Rehabilitation and Assistive Technologies Engineering","3ea78bf3-da5a-47af-be6a-0de7af087799","2016","45","2","0","true","[{category=Medicine, source=s2-fos-model}, {category=Medicine, source=external}]","[JournalArticle]","2016-11-01","{name=Journal of Rehabilitation and Assistive Technologies Engineering, pages=null, volume=3}","79155270"
"263978176","{acl=null, dblp=null, arxiv=null, mag=844376128, corpusid=263978176, pubmed=26124897, doi=10.3762/bjoc.11.106, pubmedcentral=4464436}","https://www.semanticscholar.org/paper/bafd07a27810a95385cbbe8fb007a2ec1b8a9944","Synthesis and characterization of the cyanobenzene-ethylenedithio-TTF donor","[{authorid=10852322, name=Sandrina Oliveira}, {authorid=8039188, name=D. Belo}, {authorid=2238552842, name=I. C. Santos}, {authorid=8670302, name=S. Rabaça}, {authorid=2243947422, name=Manuel Almeida}]","Beilstein Journal of Organic Chemistry","d019220c-56d5-4c73-b3d7-6c4061b3a42d","2015","37","0","0","true","[{category=Chemistry, source=s2-fos-model}, {category=Chemistry, source=external}, {category=Medicine, source=external}]","[JournalArticle]","2015-06-03","{name=Beilstein Journal of Organic Chemistry, pages=951 - 956, volume=11}","263978176"
"128361542","{acl=null, dblp=null, arxiv=null, mag=2942278504, corpusid=128361542, pubmed=31068896, doi=10.3389/fneur.2019.00409, pubmedcentral=6491577}","https://www.semanticscholar.org/paper/522c2e62dbe9d4e6181b8697f29a656232a9e6d7","Coagulation Pathways in Neurological Diseases: Multiple Sclerosis","[{authorid=40935329, name=N. Ziliotto}, {authorid=2278065, name=F. Bernardi}, {authorid=5855155, name=D. Jakimovski}, {authorid=2974446, name=R. Zivadinov}]","Frontiers in Neurology","3513ce18-3757-4358-b15f-7060af98e6d0","2019","190","38","1","true","[{category=Medicine, source=s2-fos-model}, {category=Medicine, source=external}]","[Review, JournalArticle]","2019-04-24","{name=Frontiers in Neurology, pages=null, volume=10}","128361542"
"6504381","{acl=null, dblp=null, arxiv=null, mag=2072947817, corpusid=6504381, pubmed=24348796, doi=10.3892/etm.2013.1377, pubmedcentral=3860982}","https://www.semanticscholar.org/paper/49bf75112ae74155841e5652e030c6080c5d206a","Evaluation of acoustic radiation force impulse imaging for the clinicopathological typing of renal fibrosis","[{authorid=35862699, name=Guanghe Cui}, {authorid=2109537779, name=Zhi Yang}, {authorid=2108145263, name=Wenxiao Zhang}, {authorid=2118424032, name=Baowei Li}, {authorid=2075373824, name=Fang Sun}, {authorid=2110080837, name=Cui Xu}, {authorid=2155022219, name=Kun Wang}]","Experimental and Therapeutic Medicine","66d636a6-1266-477a-a4b6-928f1f87001d","2013","20","54","3","true","[{category=Medicine, source=s2-fos-model}, {category=Medicine, source=external}]","[JournalArticle]","2013-10-31","{name=Experimental and Therapeutic Medicine, pages=233 - 235, volume=7}","6504381"
"7077887","{acl=null, dblp=null, arxiv=null, mag=2097948046, corpusid=7077887, pubmed=21085593, doi=10.1371/journal.pone.0013984, pubmedcentral=2981572}","https://www.semanticscholar.org/paper/48a4e4bc15679533e4f8d97674fbcef29c3a4606","Enrichment Map: A Network-Based Method for Gene-Set Enrichment Visualization and Interpretation","[{authorid=2224329, name=D. Merico}, {authorid=2376613, name=Ruth Isserlin}, {authorid=48969414, name=Oliver Stueker}, {authorid=2143959, name=A. Emili}, {authorid=144937305, name=Gary D Bader}]","PLoS ONE","0aed7a40-85f3-4c66-9e1b-c1556c57001b","2010","58","1831","181","true","[{category=Computer Science, source=s2-fos-model}, {category=Biology, source=s2-fos-model}, {category=Biology, source=external}, {category=Medicine, source=external}]","[JournalArticle]","2010-11-15","{name=PLoS ONE, pages=null, volume=5}","7077887"
"1414682","{acl=null, dblp=journals/neuroimage/DolzDA18, arxiv=1612.03925, mag=2567599812, corpusid=1414682, pubmed=28450139, doi=10.1016/j.neuroimage.2017.04.039, pubmedcentral=null}","https://www.semanticscholar.org/paper/090dc6adb27cd5e4048746f0ee2a2fd087746530","3D fully convolutional networks for subcortical segmentation in MRI: A large-scale study","[{authorid=144702316, name=J. Dolz}, {authorid=1739646, name=Christian Desrosiers}, {authorid=144019647, name=Ismail Ben Ayed}]","NeuroImage","fd4c7628-c16e-4b50-8555-3ac3ad6da2d7","2016","74","327","13","true","[{category=Computer Science, source=s2-fos-model}, {category=Medicine, source=s2-fos-model}, {category=Computer Science, source=external}, {category=Medicine, source=external}]","[Review, JournalArticle]","2016-12-12","{name=NeuroImage, pages=456-470, volume=170}","1414682"
"15671041","{acl=null, dblp=null, arxiv=null, mag=2026400738, corpusid=15671041, pubmed=23936145, doi=10.1371/journal.pone.0070082, pubmedcentral=3723741}","https://www.semanticscholar.org/paper/74a8452a0451b98f512f6034578ba19ba50cca34","Effect of Socioeconomic Status on Mortality after Bacteremia in Working-Age Patients. A Danish Population-Based Cohort Study","[{authorid=39825195, name=K. Koch}, {authorid=4985375, name=M. Nørgaard}, {authorid=1397980829, name=H. Schønheyder}, {authorid=1921089, name=R. Thomsen}, {authorid=12591219, name=M. Søgaard}]","PLoS ONE","0aed7a40-85f3-4c66-9e1b-c1556c57001b","2013","36","30","0","true","[{category=Sociology, source=s2-fos-model}, {category=Medicine, source=external}]","[JournalArticle]","2013-07-25","{name=PLoS ONE, pages=null, volume=8}","15671041"
"51886962","{acl=null, dblp=null, arxiv=null, mag=2883689849, corpusid=51886962, pubmed=30066822, doi=10.1590/1984-0462/;2019;37;1;00002, pubmedcentral=6362376}","https://www.semanticscholar.org/paper/66b0e4d8de4374faba333fd66478287ffcafbc31","ADRENAL CARCINOMA IN CHILDREN: LONGITUDINAL STUDY IN MINAS GERAIS, BRAZIL","[{authorid=51144664, name=N. L. Monteiro}, {authorid=3598776, name=K. Rodrigues}, {authorid=145446516, name=P. Vidigal}, {authorid=13297818, name=B. Oliveira}]","Revista Paulista de Pediatria","fdf74c68-2d47-4759-8fd9-4f6149d3c8e4","2018","35","8","1","true","[{category=Medicine, source=s2-fos-model}, {category=Medicine, source=external}]","[JournalArticle]","2018-07-26","{name=Revista Paulista de Pediatria, pages=20 - 26, volume=37}","51886962"
"17858381","{acl=null, dblp=null, arxiv=null, mag=2508067163, corpusid=17858381, pubmed=27602172, doi=10.1186/s13148-016-0256-8, pubmedcentral=5012062}","https://www.semanticscholar.org/paper/c3c6afc93ec63f99b2b418b91cf8fe46d9128619","DNA methylation: conducting the orchestra from exposure to phenotype?","[{authorid=5899914, name=Fleur A. D. Leenen}, {authorid=47936210, name=C. Muller}, {authorid=2170815, name=J. D. Turner}]","Clinical Epigenetics","310fa781-1f4e-487d-a580-d8e99f5c81b7","2016","144","155","0","true","[{category=Biology, source=s2-fos-model}, {category=Medicine, source=s2-fos-model}, {category=Biology, source=external}, {category=Medicine, source=external}]","[Review, JournalArticle]","2016-09-06","{name=Clinical Epigenetics, pages=null, volume=8}","17858381"
"88522541","{acl=null, dblp=journals/kybernetika/MrkvickaMJH20, arxiv=1612.03608, mag=3042661625, corpusid=88522541, pubmed=null, doi=10.14736/KYB-2020-3-0432, pubmedcentral=null}","https://www.semanticscholar.org/paper/c4ea77b9a011eccae5373f52de8d58d85068817a","A one-way ANOVA test for functional data with graphical interpretation","[{authorid=2609041, name=T. Mrkvička}, {authorid=32608369, name=M. Myllymäki}, {authorid=2500007, name=M. Jílek}, {authorid=32047598, name=U. Hahn}]","Kybernetika (Praha)","28393a23-f5d0-4c70-9e62-3766df8c65c1","2016","36","42","4","true","[{category=Mathematics, source=s2-fos-model}, {category=Mathematics, source=external}, {category=Computer Science, source=external}]","[JournalArticle]","2016-12-12","{name=Kybernetika, pages=432-458, volume=56}","88522541"
"49189318","{acl=null, dblp=null, arxiv=null, mag=2805240169, corpusid=49189318, pubmed=29901071, doi=10.3892/ijo.2018.4423, pubmedcentral=6017220}","https://www.semanticscholar.org/paper/d529500b13f5c7231c892a1582d39caef19bb643","Curcumin inhibits cell proliferation and motility via suppression of TROP2 in bladder cancer cells","[{authorid=121860351, name=Lian-hua Zhang}, {authorid=122037013, name=Guoliang Yang}, {authorid=48264149, name=Ruiyun Zhang}, {authorid=46514877, name=Liang Dong}, {authorid=2118438699, name=Haige Chen}, {authorid=8473861, name=Juanjie Bo}, {authorid=143666563, name=W. Xue}, {authorid=2114768, name=Yiran Huang}]","International Journal of Oncology","b41df651-5d08-4d1d-afbb-0912b1374f15","2018","43","48","3","true","[{category=Medicine, source=s2-fos-model}, {category=Biology, source=external}, {category=Medicine, source=external}]","[JournalArticle]","2018-05-30","{name=International Journal of Oncology, pages=515 - 526, volume=53}","49189318"
"6570309","{acl=null, dblp=null, arxiv=null, mag=2752633749, corpusid=6570309, pubmed=28880882, doi=10.1371/journal.pone.0180080, pubmedcentral=5589095}","https://www.semanticscholar.org/paper/fd6e584c20e4ff7002405e730610b5eabe7ad414","Putting the methodological brakes on claims to measure national happiness through Twitter: Methodological limitations in social media analytics","[{authorid=144225814, name=E. Jensen}]","PLoS ONE","0aed7a40-85f3-4c66-9e1b-c1556c57001b","2017","18","22","0","true","[{category=Sociology, source=s2-fos-model}, {category=Medicine, source=external}]","[JournalArticle]","2017-09-07","{name=PLoS ONE, pages=null, volume=12}","6570309"
"13421369","{acl=null, dblp=null, arxiv=null, mag=2001734780, corpusid=13421369, pubmed=24391978, doi=10.1371/journal.pone.0084848, pubmedcentral=3877353}","https://www.semanticscholar.org/paper/aeff3ea4ad828a5933d6b9085147f52c4732666f","Effect of Erythropoiesis-Stimulating Agents on Blood Pressure in Pre-Dialysis Patients","[{authorid=3742091, name=M. M. Suttorp}, {authorid=108238353, name=T. Hoekstra}, {authorid=143857565, name=M. Mittelman}, {authorid=3783330, name=I. Ott}, {authorid=3237287, name=C. Franssen}, {authorid=2068186955, name=F. Dekker}]","PLoS ONE","0aed7a40-85f3-4c66-9e1b-c1556c57001b","2013","60","10","0","true","[{category=Medicine, source=s2-fos-model}, {category=Medicine, source=external}]","[JournalArticle, ClinicalTrial]","2013-12-31","{name=PLoS ONE, pages=null, volume=8}","13421369"
"2842044","{acl=null, dblp=null, arxiv=null, mag=2091819569, corpusid=2842044, pubmed=23536817, doi=10.1371/journal.pone.0058718, pubmedcentral=3594150}","https://www.semanticscholar.org/paper/3739c0eaefbaeeee645c8d07586ad39d8e8dd71d","Macrophage Migration Inhibitory Factor Inhibition Is Deleterious for High-Fat Diet-Induced Cardiac Dysfunction","[{authorid=8334155, name=A. Palud}, {authorid=50310141, name=C. Marciniak}, {authorid=3873555, name=D. Montaigne}, {authorid=6761581, name=X. Maréchal}, {authorid=144756733, name=C. Ballot}, {authorid=4639534, name=S. Hassoun}, {authorid=6331032, name=Brigitte Decoster}, {authorid=50513662, name=R. Neviere}, {authorid=3814193, name=S. Lancel}]","PLoS ONE","0aed7a40-85f3-4c66-9e1b-c1556c57001b","2013","44","4","0","true","[{category=Biology, source=s2-fos-model}, {category=Environmental Science, source=s2-fos-model}, {category=Medicine, source=s2-fos-model}, {category=Medicine, source=external}, {category=Chemistry, source=external}]","[JournalArticle]","2013-03-11","{name=PLoS ONE, pages=null, volume=8}","2842044"
"43827250","{acl=null, dblp=null, arxiv=null, mag=1849944518, corpusid=43827250, pubmed=26580315, doi=10.1039/c5ob01916h, pubmedcentral=null}","https://www.semanticscholar.org/paper/6ecdc181a2d290750acef09df579878f1185d9d5","STD NMR and molecular modelling insights into interaction of novel mannose-based ligands with DC-SIGN.","[{authorid=11204777, name=Anita Kotar}, {authorid=3220439, name=T. Tomašič}, {authorid=6064005, name=Martina Lenarčič Živković}, {authorid=32322975, name=Gregor Jug}, {authorid=4612236, name=J. Plavec}, {authorid=4164328, name=M. Anderluh}]","Organic and biomolecular chemistry","c8e39466-477c-40ac-9c96-54c7ada401cc","2016","42","5","0","true","[{category=Chemistry, source=s2-fos-model}, {category=Chemistry, source=external}, {category=Medicine, source=external}]","[JournalArticle]","2016-01-04","{name=Organic & biomolecular chemistry, pages=
          862-75
        , volume=14 3}","43827250"
"16893417","{acl=null, dblp=null, arxiv=null, mag=1973543860, corpusid=16893417, pubmed=25031692, doi=10.2478/hukin-2014-0026, pubmedcentral=4096082}","https://www.semanticscholar.org/paper/f32dbfb6aa768425e245918167cc3e704777f4a1","Can Achievement Goals be Primed in Competitive Tasks?","[{authorid=4047063, name=I. Greenlees}, {authorid=4679107, name=Sean G. Figgins}, {authorid=26176252, name=P. Kearney}]","Journal of Human Kinetics","766ad395-2057-4a42-8253-0e823b0e4763","2014","17","0","0","true","[{category=Psychology, source=s2-fos-model}, {category=Medicine, source=external}]","[JournalArticle]","2014-03-01","{name=Journal of Human Kinetics, pages=245 - 250, volume=40}","16893417"
"15150055","{acl=null, dblp=null, arxiv=null, mag=1986484580, corpusid=15150055, pubmed=25629040, doi=10.1155/2015/189307, pubmedcentral=4300019}","https://www.semanticscholar.org/paper/07063e09b2b794c149bf4c395751d6e672274dc2","Riluzole Stimulates BDNF Release from Human Platelets","[{authorid=3668486, name=P. Türck}, {authorid=5000649, name=M. E. Frizzo}]","BioMed Research International","c52375db-5573-406f-a12b-854c7ba98498","2015","47","20","1","true","[{category=Medicine, source=s2-fos-model}, {category=Medicine, source=external}]","[JournalArticle]","2015-01-06","{name=BioMed Research International, pages=null, volume=2015}","15150055"
"4858839","{acl=null, dblp=null, arxiv=null, mag=2199297994, corpusid=4858839, pubmed=26717577, doi=10.1371/journal.pone.0143543, pubmedcentral=4696674}","https://www.semanticscholar.org/paper/ccbc00b4bb02cf636df3c9638c5b166de33e3237","Seasonal Effects of Habitat on Sources and Rates of Snowshoe Hare Predation in Alaskan Boreal Forests","[{authorid=3737938, name=Dashiell Feierabend}, {authorid=4621955, name=K. Kielland}]","PLoS ONE","0aed7a40-85f3-4c66-9e1b-c1556c57001b","2015","67","20","1","true","[{category=Biology, source=s2-fos-model}, {category=Environmental Science, source=s2-fos-model}, {category=Medicine, source=external}, {category=Biology, source=external}]","[JournalArticle]","2015-12-30","{name=PLoS ONE, pages=null, volume=10}","4858839"
"16983027","{acl=null, dblp=null, arxiv=null, mag=2061764944, corpusid=16983027, pubmed=20207771, doi=10.1373/clinchem.2009.133124, pubmedcentral=null}","https://www.semanticscholar.org/paper/076f3c1b348f2a1776c339f0c49268f20e130967","National Academy of Clinical Biochemistry Laboratory Medicine Practice Guidelines for use of tumor markers in liver, bladder, cervical, and gastric cancers.","[{authorid=36850272, name=C. Sturgeon}, {authorid=2247165013, name=Michael J. Duffy}, {authorid=2271638320, name=Barry R Hofmann}, {authorid=4499883, name=R. Lamerz}, {authorid=2270832777, name=Herbert A. Fritsche}, {authorid=5962317, name=K. Gaarenstroom}, {authorid=145644882, name=J. Bonfrer}, {authorid=2272910862, name=Thorsten H Ecke}, {authorid=2271896870, name=H. B. Grossman}, {authorid=2067492503, name=P. Hayes}, {authorid=65897934, name=R. Hoffmann}, {authorid=2247163197, name=Seth P. Lerner}, {authorid=4214194, name=F. Löhe}, {authorid=5691609, name=J. Louhimo}, {authorid=79057891, name=I. Sawczuk}, {authorid=1722420, name=K. Taketa}, {authorid=5667661, name=E. Diamandis}]","Clinical Chemistry","b142707c-e6b5-427a-a6d4-313604e96add","2010","621","193","4","true","[{category=Medicine, source=s2-fos-model}, {category=Medicine, source=external}]","[JournalArticle, Review]","2010-06-01","{name=Clinical chemistry, pages=
          e1-48
        , volume=56 6}","16983027"
"216102822","{acl=null, dblp=null, arxiv=null, mag=2029722007, corpusid=216102822, pubmed=20802858, doi=10.3389/fnbeh.2010.00052, pubmedcentral=2928667}","https://www.semanticscholar.org/paper/285358e98650b41620acbd12a38983c96f9355ed","Vasotocin Actions on Electric Behavior: Interspecific, Seasonal, and Social Context-Dependent Differences","[{authorid=3386990, name=R. Perrone}, {authorid=2271578638, name=Gervasio Batista}, {authorid=2271536856, name=Daniel Lorenzo}, {authorid=2271536762, name=Omar Macadar}, {authorid=2271959120, name=Ana Silva}]","Frontiers in Behavioral Neuroscience","810ce699-eb80-4394-8aac-a6d3c87840ed","2010","61","12","0","true","[{category=Biology, source=s2-fos-model}, {category=Psychology, source=s2-fos-model}, {category=Biology, source=external}, {category=Medicine, source=external}]","[JournalArticle]","2010-06-29","{name=Frontiers in Behavioral Neuroscience, pages=null, volume=4}","216102822"
"267872","{acl=null, dblp=null, arxiv=null, mag=2148149831, corpusid=267872, pubmed=22848656, doi=10.1371/journal.pone.0041914, pubmedcentral=3407051}","https://www.semanticscholar.org/paper/037a140e91873bcde6a042eac985aa49fbbc8c8e","Reduced Intestinal Tumorigenesis in APCmin Mice Lacking Melanin-Concentrating Hormone","[{authorid=2783961, name=J. Nagel}, {authorid=14669194, name=B. M. Geiger}, {authorid=34513226, name=A. Karagiannis}, {authorid=1398578366, name=Beatriz Gras-Miralles}, {authorid=2960191, name=D. Horst}, {authorid=40563063, name=Robert M. Najarian}, {authorid=3625228, name=D. Ziogas}, {authorid=2144186702, name=Xinhua Chen}, {authorid=6853790, name=E. Kokkotou}]","PLoS ONE","0aed7a40-85f3-4c66-9e1b-c1556c57001b","2012","37","13","0","true","[{category=Biology, source=s2-fos-model}, {category=Medicine, source=s2-fos-model}, {category=Biology, source=external}, {category=Medicine, source=external}]","[JournalArticle]","2012-07-27","{name=PLoS ONE, pages=null, volume=7}","267872"
"14839681","{acl=null, dblp=null, arxiv=null, mag=2152417364, corpusid=14839681, pubmed=27234249, doi=10.1186/1939-8433-5-31, pubmedcentral=5520844}","https://www.semanticscholar.org/paper/32cc370a40cb4d6bb03f4695e298f50a49f393a5","Drought yield index to select high yielding rice lines under different drought stress severities","[{authorid=47510524, name=A. Raman}, {authorid=2243619911, name=Satish Verulkar}, {authorid=2243616061, name=Nimai Mandal}, {authorid=6521840, name=M. Variar}, {authorid=2243554952, name=V. Shukla}, {authorid=2243621814, name=J. Dwivedi}, {authorid=2243921635, name=B. Singh}, {authorid=2243597917, name=O. Singh}, {authorid=144769974, name=P. Swain}, {authorid=2243630871, name=Ashutosh Mall}, {authorid=49490072, name=S. Robin}, {authorid=6270346, name=R. Chandrababu}, {authorid=49148123, name=Abhinav R Jain}, {authorid=121333252, name=T. Ram}, {authorid=4041485, name=S. Hittalmani}, {authorid=4638055, name=S. Haefele}, {authorid=10132074, name=H. Piepho}, {authorid=90820356, name=Arvind Kumar}]","Rice","67734a9d-6cfd-4030-8586-c60ab6936188","2012","38","120","7","true","[{category=Agricultural and Food Sciences, source=s2-fos-model}, {category=Medicine, source=external}, {category=Biology, source=external}]","[JournalArticle]","2012-10-04","{name=Rice, pages=null, volume=5}","14839681"
"2975166","{acl=null, dblp=null, arxiv=null, mag=2154916657, corpusid=2975166, pubmed=24083477, doi=10.1186/2045-9912-3-21, pubmedcentral=4016545}","https://www.semanticscholar.org/paper/614b3f88ca2c0dd9e3756d178c94fc844f51b759","Cold Atmospheric Plasma: methods of production and application in dentistry and oncology","[{authorid=36517106, name=Clotilde Hoffmann}, {authorid=6875963, name=Carlos J Berganza}, {authorid=1519101190, name=John H. Zhang}]","Medical Gas Research","a5835a0e-5465-4e3b-ac17-481587509774","2013","160","280","8","true","[{category=Engineering, source=s2-fos-model}, {category=Medicine, source=s2-fos-model}, {category=Medicine, source=external}]","[JournalArticle]","2013-10-01","{name=Medical Gas Research, pages=21 - 21, volume=3}","2975166"
"51703576","{acl=null, dblp=null, arxiv=null, mag=2884874110, corpusid=51703576, pubmed=30024906, doi=10.1371/journal.pone.0200587, pubmedcentral=6053140}","https://www.semanticscholar.org/paper/bce2200817ad5115eb6f77b9593c930950ac3734","Changes in breakfast frequency and composition during adolescence: The Adolescent Nutritional Assessment Longitudinal Study, a cohort from Brazil","[{authorid=35903817, name=B. K. Hassan}, {authorid=3659703, name=D. Cunha}, {authorid=134000277, name=G. V. da Veiga}, {authorid=1960103, name=R. Pereira}, {authorid=4333246, name=R. Sichieri}]","PLoS ONE","0aed7a40-85f3-4c66-9e1b-c1556c57001b","2018","70","23","0","true","[{category=Medicine, source=s2-fos-model}, {category=Agricultural and Food Sciences, source=s2-fos-model}, {category=Medicine, source=external}]","[JournalArticle]","2018-07-19","{name=PLoS ONE, pages=null, volume=13}","51703576"
"4687884","{acl=null, dblp=null, arxiv=null, mag=2117798786, corpusid=4687884, pubmed=22792227, doi=10.1371/journal.pone.0040128, pubmedcentral=3390348}","https://www.semanticscholar.org/paper/9c073c7913854afa50d99483c92ce613bb081e1d","Hippocampal CA1 Transcriptional Profile of Sleep Deprivation: Relation to Aging and Stress","[{authorid=5566010, name=N. Porter}, {authorid=3883336, name=Julia H. Bohannon}, {authorid=1404451271, name=M. Curran-Rauhut}, {authorid=19733091, name=Heather M. Buechel}, {authorid=33600086, name=A. Dowling}, {authorid=3623840, name=Lawrence D. Brewer}, {authorid=145731471, name=J. Popović}, {authorid=2070376765, name=Véronique Thibault}, {authorid=3606668, name=S. Kraner}, {authorid=2110718718, name=Kuey C Chen}, {authorid=2053075, name=E. Blalock}]","PLoS ONE","0aed7a40-85f3-4c66-9e1b-c1556c57001b","2012","90","26","1","true","[{category=Biology, source=s2-fos-model}, {category=Medicine, source=s2-fos-model}, {category=Biology, source=external}, {category=Medicine, source=external}]","[JournalArticle]","2012-07-05","{name=PLoS ONE, pages=null, volume=7}","4687884"
"9179897","{acl=null, dblp=null, arxiv=null, mag=917250470, corpusid=9179897, pubmed=26186564, doi=10.1371/journal.pone.0133209, pubmedcentral=4505870}","https://www.semanticscholar.org/paper/8aa91ff4600feb16501bd80a4c093ad1d1a03c6a","Correlation of Real Time PCR Cycle Threshold Cut-Off with Bordetella pertussis Clinical Severity","[{authorid=143761174, name=S. Bolotin}, {authorid=13052459, name=S. Deeks}, {authorid=1400239188, name=A. Marchand-Austin}, {authorid=3727969, name=Heather Rilkoff}, {authorid=4758846, name=Vica Dang}, {authorid=2059413199, name=R. Walton}, {authorid=144288102, name=A. Hashim}, {authorid=2241584, name=D. Farrell}, {authorid=3461352, name=N. Crowcroft}]","PLoS ONE","0aed7a40-85f3-4c66-9e1b-c1556c57001b","2015","31","22","1","true","[{category=Medicine, source=s2-fos-model}, {category=Medicine, source=external}]","[JournalArticle]","2015-07-17","{name=PLoS ONE, pages=null, volume=10}","9179897"
"17200453","{acl=null, dblp=null, arxiv=null, mag=2156165361, corpusid=17200453, pubmed=20589096, doi=10.3389/fnana.2010.00021, pubmedcentral=2893003}","https://www.semanticscholar.org/paper/c6adc654ab5fb974479844e8550040e6087500af","Confocal Analysis of Cholinergic and Dopaminergic Inputs onto Pyramidal Cells in the Prefrontal Cortex of Rodents","[{authorid=122542921, name=Zi-Wei Zhang}, {authorid=2248616738, name=Mark W. Burke}, {authorid=2271726407, name=Nicole Calakos}, {authorid=2252241188, name=Jean-Martin Beaulieu}, {authorid=2263071, name=E. Vaucher}]","Frontiers in Neuroanatomy","4b5e3ed8-7db8-4ce9-b981-83290b44ccf5","2010","92","60","4","true","[{category=Biology, source=s2-fos-model}, {category=Chemistry, source=external}, {category=Medicine, source=external}]","[JournalArticle]","2010-04-20","{name=Frontiers in Neuroanatomy, pages=null, volume=4}","17200453"
"211539388","{acl=null, dblp=null, arxiv=null, mag=3007334576, corpusid=211539388, pubmed=32111816, doi=10.1038/s41419-020-2351-1, pubmedcentral=7048787}","https://www.semanticscholar.org/paper/7315e588059bd985bfa9e9789ed889272e00408a","MCL1 binding to the reverse BH3 motif of P18INK4C couples cell survival to cell proliferation","[{authorid=144133878, name=R. Whitaker}, {authorid=144601785, name=W. Placzek}]","Cell Death and Disease","8728aab4-1d0d-492a-9cea-b2fb429a4d58","2020","64","11","0","true","[{category=Biology, source=s2-fos-model}, {category=Medicine, source=s2-fos-model}, {category=Biology, source=external}, {category=Medicine, source=external}]","[JournalArticle]","2020-02-01","{name=Cell Death & Disease, pages=null, volume=11}","211539388"
"31247141","{acl=null, dblp=null, arxiv=null, mag=2754072007, corpusid=31247141, pubmed=28981686, doi=10.1093/nar/gkx782, pubmedcentral=5714241}","https://www.semanticscholar.org/paper/43307484ee01896e32dcdf14f27840dca75869fb","The nuclear mitotic apparatus protein NuMA controls rDNA transcription and mediates the nucleolar stress response in a p53-independent manner","[{authorid=6368436, name=S. Jayaraman}, {authorid=16336032, name=Shirisha Chittiboyina}, {authorid=2593946, name=Yunfeng Bai}, {authorid=4082051, name=Patricia C. Abad}, {authorid=6619719, name=Pierre-Alexandre Vidi}, {authorid=5833894, name=C. Stauffacher}, {authorid=2693022, name=S. Lelièvre}]","Nucleic Acids Research","da96c220-cd39-4894-bae6-d2d77c8e7aa9","2017","109","28","1","true","[{category=Biology, source=s2-fos-model}, {category=Medicine, source=s2-fos-model}, {category=Biology, source=external}, {category=Medicine, source=external}]","[JournalArticle]","2017-09-11","{name=Nucleic Acids Research, pages=11725 - 11742, volume=45}","31247141"
"203987","{acl=null, dblp=null, arxiv=null, mag=2019723623, corpusid=203987, pubmed=22550588, doi=10.1155/2012/493894, pubmedcentral=3328890}","https://www.semanticscholar.org/paper/84c5ee9737c1d4a5496a02d80ee25147f6494e95","Health and Cellular Impacts of Air Pollutants: From Cytoprotection to Cytotoxicity","[{authorid=3736308, name=K. Andréau}, {authorid=47140375, name=M. Leroux}, {authorid=39514453, name=A. Bouharrour}]","Biochemistry Research International","304f8f52-71ae-44e1-8574-2f15153f196a","2012","187","62","2","true","[{category=Environmental Science, source=s2-fos-model}, {category=Medicine, source=s2-fos-model}, {category=Biology, source=external}, {category=Medicine, source=external}]","[JournalArticle]","2012-04-09","{name=Biochemistry Research International, pages=null, volume=2012}","203987"
"23485556","{acl=null, dblp=journals/corr/abs-1805-02007, arxiv=1805.02007, mag=2802251371, corpusid=23485556, pubmed=null, doi=10.1109/MITS.2018.2879163, pubmedcentral=null}","https://www.semanticscholar.org/paper/d8ba1506d44624955b1bd25fed0f7c1171495f30","Parallel Closed-Loop Connected Vehicle Simulator for Large-Scale Transportation Network Management: Challenges, Issues, and Solution Approaches","[{authorid=98334446, name=M. A. Hoque}, {authorid=1696277, name=X. Hong}, {authorid=8799837, name=Md. Salman Ahmed}]","IEEE Intelligent Transportation Systems Magazine","c9d9bef0-39f3-4046-a25e-2a2af3e7c43d","2018","75","14","0","true","[{category=Computer Science, source=s2-fos-model}, {category=Engineering, source=s2-fos-model}, {category=Environmental Science, source=s2-fos-model}, {category=Computer Science, source=external}]","[JournalArticle]","2018-05-05","{name=IEEE Intelligent Transportation Systems Magazine, pages=62-77, volume=11}","23485556"
"8278196","{acl=null, dblp=null, arxiv=null, mag=2007490518, corpusid=8278196, pubmed=24728455, doi=10.1371/journal.pone.0094585, pubmedcentral=3984171}","https://www.semanticscholar.org/paper/85c912a4697c1acdc5caf40d8b9ab739a2f16c1d","Effect of HDL-Raising Drugs on Cardiovascular Outcomes: A Systematic Review and Meta-Regression","[{authorid=48931685, name=N. Kaur}, {authorid=34842642, name=A. Pandey}, {authorid=36745452, name=H. Negi}, {authorid=6809498, name=N. Shafiq}, {authorid=39871842, name=S. Reddy}, {authorid=143962854, name=H. Kaur}, {authorid=4226661, name=Neelima Chadha}, {authorid=35383676, name=S. Malhotra}]","PLoS ONE","0aed7a40-85f3-4c66-9e1b-c1556c57001b","2014","32","60","2","true","[{category=Medicine, source=s2-fos-model}, {category=Medicine, source=external}]","[Review, MetaAnalysis, JournalArticle]","2014-04-11","{name=PLoS ONE, pages=null, volume=9}","8278196"
"10103620","{acl=null, dblp=null, arxiv=null, mag=2085696639, corpusid=10103620, pubmed=23691114, doi=10.1371/journal.pone.0063910, pubmedcentral=3656843}","https://www.semanticscholar.org/paper/cccd18fea7e35a884f13d8b25e0f5341c975274f","Trends in the Prevalence of Tuberous Sclerosis Complex Manifestations: An Epidemiological Study of 166 Japanese Patients","[{authorid=1398034109, name=M. Wataya-Kaneda}, {authorid=2110303912, name=Mari Tanaka}, {authorid=2044886, name=T. Hamasaki}, {authorid=3759170, name=I. Katayama}]","PLoS ONE","0aed7a40-85f3-4c66-9e1b-c1556c57001b","2013","66","83","3","true","[{category=Medicine, source=s2-fos-model}, {category=Medicine, source=external}]","[JournalArticle]","2013-05-17","{name=PLoS ONE, pages=null, volume=8}","10103620"
"52161548","{acl=null, dblp=null, arxiv=null, mag=2889629641, corpusid=52161548, pubmed=30183056, doi=10.2340/00015555-3033, pubmedcentral=null}","https://www.semanticscholar.org/paper/26c897fb5c4e60474a40dda64689b53c2e5c99c6","Intergluteal Contour Deformity in Hidradenitis Suppurativa.","[{authorid=40302935, name=M. Musumeci}, {authorid=5096980, name=G. Capuzzo}, {authorid=12546051, name=B. Cammisuli}, {authorid=40319047, name=A. Pesce}, {authorid=2168968, name=G. Micali}]","Acta Dermato-Venereologica","61aec066-7ed4-4f00-a2ee-e0e1160b005b","2019","0","3","0","true","[{category=Medicine, source=s2-fos-model}, {category=Medicine, source=external}]","[JournalArticle]",,"{name=Acta dermato-venereologica, pages=
          109-110
        , volume=99 1}","52161548"
"73505065","{acl=null, dblp=null, arxiv=null, mag=2922003354, corpusid=73505065, pubmed=30847471, doi=10.1093/brain/awz041, pubmedcentral=6439323}","https://www.semanticscholar.org/paper/d2dab7a56234b14d805a6feacca7dfa13e28e021","Biallelic POLR3A variants confirmed as a frequent cause of hereditary ataxia and spastic paraparesis","[{authorid=7165963, name=S. L. Rydning}, {authorid=5142197, name=J. Koht}, {authorid=4535061, name=Y. Sheng}, {authorid=38896809, name=P. Sowa}, {authorid=6573110, name=H. Hjorthaug}, {authorid=6173485, name=I. Wedding}, {authorid=36504325, name=A. Erichsen}, {authorid=5004195, name=I. A. Hovden}, {authorid=5832873, name=P. H. Backe}, {authorid=3966814, name=C. Tallaksen}, {authorid=3411086, name=M. D. Vigeland}, {authorid=3410977, name=K. Selmer}]","Brain : a journal of neurology",,"2019","14","20","1","true","[{category=Medicine, source=s2-fos-model}, {category=Medicine, source=external}]","[JournalArticle]","2019-03-07","{name=Brain, pages=e12 - e12, volume=142}","73505065"
"6299706","{acl=null, dblp=journals/ploscb/TanakaHT15, arxiv=null, mag=758963095, corpusid=6299706, pubmed=26158498, doi=10.1371/journal.pcbi.1004356, pubmedcentral=4497635}","https://www.semanticscholar.org/paper/29d2b2e0bebc0fa1ed749b287fa9c3cdf418a44c","How Co-translational Folding of Multi-domain Protein Is Affected by Elongation Schedule: Molecular Simulations","[{authorid=2116800843, name=Tomohiro Tanaka}, {authorid=49432830, name=N. Hori}, {authorid=2941900, name=S. Takada}]","PLoS Comput. Biol.",,"2015","57","21","0","true","[{category=Biology, source=s2-fos-model}, {category=Chemistry, source=s2-fos-model}, {category=Chemistry, source=external}, {category=Medicine, source=external}, {category=Computer Science, source=external}]","[JournalArticle]","2015-07-01","{name=PLoS Computational Biology, pages=null, volume=11}","6299706"
"4402535","{acl=null, dblp=null, arxiv=null, mag=2792046953, corpusid=4402535, pubmed=29543898, doi=10.1371/journal.pone.0194156, pubmedcentral=5854350}","https://www.semanticscholar.org/paper/03c1ff52a1749c50d16543a8d73c9956eb502f3f","Polymorphisms in the Egl nine homolog 3 (EGLN3) and Peroxisome proliferator activated receptor-alpha (PPARα) genes and their correlation with hypoxia adaptation in Tibetan chickens","[{authorid=9480694, name=Chengling Zhong}, {authorid=2143204524, name=Sichen Li}, {authorid=2157141796, name=Jingjing Li}, {authorid=49515717, name=Fengpeng Li}, {authorid=81634465, name=Mingxia Ran}, {authorid=2068180048, name=L. Qiu}, {authorid=49621133, name=Diyan Li}, {authorid=143744992, name=Qing Zhu}, {authorid=2152540834, name=Yan Wang}, {authorid=5386632, name=H. Yin}, {authorid=47236825, name=G. Shu}, {authorid=115475415, name=Chaowu Yang}, {authorid=4674436, name=Xiaoling Zhao}]","PLoS ONE","0aed7a40-85f3-4c66-9e1b-c1556c57001b","2018","28","5","0","true","[{category=Agricultural and Food Sciences, source=s2-fos-model}, {category=Biology, source=s2-fos-model}, {category=Biology, source=external}, {category=Medicine, source=external}]","[JournalArticle]","2018-03-15","{name=PLoS ONE, pages=null, volume=13}","4402535"
"32672192","{acl=null, dblp=null, arxiv=null, mag=2765567136, corpusid=32672192, pubmed=29053968, doi=10.1016/j.cell.2017.09.043, pubmedcentral=5651218}","https://www.semanticscholar.org/paper/1bba75eaf16172668e00a78421f7ca7637c77fee","Multiscale 3D Genome Rewiring during Mouse Neural Development","[{authorid=40012463, name=B. Bonev}, {authorid=21879953, name=Netta Mendelson Cohen}, {authorid=14467386, name=Quentin Szabo}, {authorid=48982369, name=L. Fritsch}, {authorid=32210591, name=G. Papadopoulos}, {authorid=2435340, name=Yaniv Lubling}, {authorid=2143359597, name=Xiaole Xu}, {authorid=48575143, name=Xiaodan Lv}, {authorid=3658930, name=J. Hugnot}, {authorid=3068588, name=A. Tanay}, {authorid=16117864, name=Giacomo Cavalli}]","Cell","e4782337-db2d-4ab2-8eda-a71d1c60709b","2017","78","920","76","true","[{category=Biology, source=s2-fos-model}, {category=Biology, source=external}, {category=Medicine, source=external}]","[JournalArticle]","2017-10-19","{name=Cell, pages=557 - 572.e24, volume=171}","32672192"
"78092557","{acl=null, dblp=null, arxiv=null, mag=2921190292, corpusid=78092557, pubmed=30870532, doi=10.1371/journal.ppat.1007650, pubmedcentral=6435197}","https://www.semanticscholar.org/paper/44438ea2f7ec5dc4be9e9fa6f5d343b4c2c5bc87","Varicella zoster virus productively infects human peripheral blood mononuclear cells to modulate expression of immunoinhibitory proteins and blocking PD-L1 enhances virus-specific CD8+ T cell effector function","[{authorid=38710025, name=Dallas Jones}, {authorid=20851611, name=Christina N. Como}, {authorid=39248839, name=L. Jing}, {authorid=37129623, name=A. Blackmon}, {authorid=1984649, name=C. Neff}, {authorid=47215824, name=O. Krueger}, {authorid=48757730, name=Andrew N. Bubak}, {authorid=35159961, name=B. Palmer}, {authorid=1966692, name=D. Koelle}, {authorid=8149152, name=M. Nagel}]","PLoS Pathogens","3dd218aa-dc9d-41c7-bf4b-e9f86f1d86d9","2019","52","32","1","true","[{category=Medicine, source=s2-fos-model}, {category=Biology, source=s2-fos-model}, {category=Biology, source=external}, {category=Medicine, source=external}]","[JournalArticle]","2019-03-01","{name=PLoS Pathogens, pages=null, volume=15}","78092557"
"1934163","{acl=null, dblp=null, arxiv=null, mag=2084044507, corpusid=1934163, pubmed=23826576, doi=10.5045/br.2013.48.2.76, pubmedcentral=3698412}","https://www.semanticscholar.org/paper/e4962ac71222b7fca0306d44f91d0ab5e81a382d","Cardiovascular repair with bone marrow-derived cells","[{authorid=153451646, name=Woansang Kim}, {authorid=2144571256, name=Sangho Lee}, {authorid=4529605, name=Y. Yoon}]","Blood Research","afc5de70-9012-41dd-80a6-d6da26e24f1d","2013","162","5","1","true","[{category=Medicine, source=s2-fos-model}, {category=Medicine, source=external}]","[JournalArticle]","2013-06-01","{name=Blood research, pages=76 - 86, volume=48}","1934163"
"54478278","{acl=null, dblp=null, arxiv=null, mag=2897487027, corpusid=54478278, pubmed=30534874, doi=10.4067/s0034-98872018000800933, pubmedcentral=null}","https://www.semanticscholar.org/paper/6bf8ea8f04f5af75f74b7d8bac14ed722e701506","[Gastric intramural pseudocyst in a heterotopic pancreas causing gastric outlet obstruction. Report of one case].","[{authorid=12033863, name=G. Schiappacasse}, {authorid=51127593, name=F. Villacrés}, {authorid=31571604, name=C. Cavalla}, {authorid=34623441, name=F. Orellana}, {authorid=34656899, name=A. Gallardo}, {authorid=145021738, name=Roberto Charles}]","Revista médica de Chile (Impresa)","8c774eb4-96eb-4179-a471-68ea8371692f","2018","14","2","0","true","[{category=Medicine, source=s2-fos-model}, {category=Medicine, source=external}]","[JournalArticle, CaseReport]","2018-08-01","{name=Revista medica de Chile, pages=
          933-937
        , volume=146 8}","54478278"
"3555636","{acl=null, dblp=null, arxiv=null, mag=2791016534, corpusid=3555636, pubmed=29387942, doi=10.1007/s00441-017-2753-2, pubmedcentral=5820413}","https://www.semanticscholar.org/paper/347bd0763ac7eddbdd07a14685ad73691b4dcd59","Partners in crime: neutrophils and monocytes/macrophages in inflammation and disease","[{authorid=84707554, name=Kathryn Prame Kumar}, {authorid=13255436, name=Alyce J. Nicholls}, {authorid=50455784, name=Connie H. Y. Wong}]","Cell and Tissue Research","503a0a60-57c9-4a12-9ed8-b81f4e122509","2018","161","271","5","true","[{category=Biology, source=s2-fos-model}, {category=Medicine, source=s2-fos-model}, {category=Medicine, source=external}, {category=Biology, source=external}]","[Review, JournalArticle]","2018-01-31","{name=Cell and Tissue Research, pages=551 - 565, volume=371}","3555636"
"1151351","{acl=null, dblp=null, arxiv=null, mag=2035482151, corpusid=1151351, pubmed=22548086, doi=10.1155/2012/363520, pubmedcentral=3323906}","https://www.semanticscholar.org/paper/0c52a711372bbcb9f0fd761ef872175d9b789007","Using a Geographical-Information-System-Based Decision Support to Enhance Malaria Vector Control in Zambia","[{authorid=5180332, name=E. Chanda}, {authorid=6719197, name=V. Mukonka}, {authorid=46753759, name=David Mthembu}, {authorid=5443672, name=Mulakwa Kamuliwo}, {authorid=2097041625, name=Sarel Coetzer}, {authorid=5596265, name=C. Shinondo}]","Journal of Tropical Medicine","ca0bd925-c5c0-4815-af5b-2d887e38ac86","2012","59","20","3","true","[{category=Environmental Science, source=s2-fos-model}, {category=Geography, source=s2-fos-model}, {category=Medicine, source=s2-fos-model}, {category=Medicine, source=external}]","[JournalArticle]","2012-04-02","{name=Journal of Tropical Medicine, pages=null, volume=2012}","1151351"
"13686203","{acl=null, dblp=null, arxiv=null, mag=2790692334, corpusid=13686203, pubmed=29368161, doi=10.1007/s00330-017-5242-9, pubmedcentral=5938294}","https://www.semanticscholar.org/paper/17963e07126b6a46b15e146cbdc39446c689e4d5","Prediction of spontaneous ureteral stone passage: Automated 3D-measurements perform equal to radiologists, and linear measurements equal to volumetric","[{authorid=4944946, name=Johan Jendeberg}, {authorid=2216382, name=H. Geijer}, {authorid=8996711, name=Muhammed Alshamari}, {authorid=2394801, name=M. Lidén}]","European Radiology","47f41409-58e8-4cf2-b8cb-2470d27e901a","2018","21","12","0","true","[{category=Medicine, source=s2-fos-model}, {category=Medicine, source=external}]","[JournalArticle]","2018-01-24","{name=European Radiology, pages=2474 - 2483, volume=28}","13686203"
"15222319","{acl=null, dblp=null, arxiv=null, mag=2294568813, corpusid=15222319, pubmed=26375223, doi=10.1590/abd1806-4841.20153370, pubmedcentral=4560543}","https://www.semanticscholar.org/paper/68603a9372f4e9194ab09c4e585e3150b4025e97","Female Pattern Hair Loss: a clinical and pathophysiological review","[{authorid=6952709, name=P. M. Ramos}, {authorid=3758741, name=H. Miot}]","Anais Brasileiros de Dermatologia","f6c5727f-02d8-4c05-afaa-2c8b30d2ca9e","2015","144","132","8","true","[{category=Medicine, source=s2-fos-model}, {category=Medicine, source=external}, {category=Biology, source=external}]","[Review, JournalArticle]","2015-07-01","{name=Anais Brasileiros de Dermatologia, pages=529 - 543, volume=90}","15222319"
"224803987","{acl=null, dblp=null, arxiv=null, mag=3093406736, corpusid=224803987, pubmed=33076835, doi=10.1186/s12864-020-07143-3, pubmedcentral=7574279}","https://www.semanticscholar.org/paper/cff3fb5742aea88e2a193ca0b9478810a49f4768","Identification of loci and candidate gene GmSPX-RING1 responsible for phosphorus efficiency in soybean via genome-wide association analysis","[{authorid=152248412, name=Wenkai Du}, {authorid=6825062, name=Lihua Ning}, {authorid=2108081138, name=Yongshun Liu}, {authorid=2145403388, name=Shixi Zhang}, {authorid=2108910042, name=Yuming Yang}, {authorid=90744452, name=Qing Wang}, {authorid=2005044062, name=S. Chao}, {authorid=46402442, name=Hui Yang}, {authorid=144751787, name=F. Huang}, {authorid=50435227, name=Hao Cheng}, {authorid=4914998, name=Deyue Yu}]","BMC Genomics","8dcbaea5-3cdb-48b3-9f93-45c12ca1bb91","2020","55","11","0","true","[{category=Agricultural and Food Sciences, source=s2-fos-model}, {category=Biology, source=s2-fos-model}, {category=Medicine, source=external}, {category=Biology, source=external}]","[JournalArticle]","2020-10-19","{name=BMC Genomics, pages=null, volume=21}","224803987"
"15758404","{acl=null, dblp=null, arxiv=null, mag=2466185814, corpusid=15758404, pubmed=27415632, doi=10.1371/journal.pone.0158431, pubmedcentral=4945034}","https://www.semanticscholar.org/paper/a80980222a9333af34907234cec48c4eaeaab3e4","Efficacy and Safety of Direct Acting Antivirals in Kidney Transplant Recipients with Chronic Hepatitis C Virus Infection","[{authorid=47840163, name=M. Lin}, {authorid=6383189, name=M. Sise}, {authorid=5796170, name=M. Pavlakis}, {authorid=32419790, name=Beth Amundsen}, {authorid=34634807, name=D. Chute}, {authorid=3697309, name=Anna E. Rutherford}, {authorid=3097575, name=R. Chung}, {authorid=145320055, name=M. Curry}, {authorid=4535918, name=J. Hanifi}, {authorid=11363459, name=S. Gabardi}, {authorid=144013890, name=A. Chandraker}, {authorid=5249234, name=Eliot C Heher}, {authorid=145847155, name=N. Elias}, {authorid=4559876, name=L. Riella}]","PLoS ONE","0aed7a40-85f3-4c66-9e1b-c1556c57001b","2016","34","92","4","true","[{category=Medicine, source=s2-fos-model}, {category=Medicine, source=external}]","[JournalArticle, Review]","2016-07-14","{name=PLoS ONE, pages=null, volume=11}","15758404"
"5253196","{acl=null, dblp=null, arxiv=1303.0055, mag=2021192395, corpusid=5253196, pubmed=23521242, doi=10.1103/PhysRevLett.110.100505, pubmedcentral=null}","https://www.semanticscholar.org/paper/9c87705cbc1f842a2b07fa2d4ab43a78a37ba758","Operator quantum Zeno effect: protecting quantum information with noisy two-qubit interactions.","[{authorid=47672600, name=Shu-Chao Wang}, {authorid=102448830, name=Ying Li}, {authorid=48630913, name=Xiang-Bin Wang}, {authorid=2635019, name=L. Kwek}]","Physical Review Letters","16c9f9d4-bee1-435d-8c85-22a3deba109d","2013","2","35","1","true","[{category=Physics, source=s2-fos-model}, {category=Computer Science, source=external}, {category=Medicine, source=external}, {category=Physics, source=external}]","[JournalArticle]","2013-03-01","{name=Physical review letters, pages=
          100505
        , volume=110 10}","5253196"
"220701045","{acl=null, dblp=null, arxiv=null, mag=3045211583, corpusid=220701045, pubmed=32696048, doi=10.1093/intqhc/mzaa075, pubmedcentral=7654383}","https://www.semanticscholar.org/paper/a7598084db8857a1977f2501723332a8c3799ef4","Development and evaluation of a quality improvement framework for healthcare","[{authorid=143788471, name=S. Hamilton}, {authorid=144519679, name=Alison Jennings}, {authorid=144791688, name=A. Forster}]","International Journal for Quality in Health Care","27f01f02-3a7e-4869-b61b-6a703b32e79e","2020","15","11","0","true","[{category=Medicine, source=s2-fos-model}, {category=Psychology, source=external}, {category=Medicine, source=external}]","[JournalArticle, Review]","2020-07-21","{name=International Journal for Quality in Health Care, pages=456 - 463, volume=32}","220701045"
"16843730","{acl=null, dblp=null, arxiv=null, mag=2062202021, corpusid=16843730, pubmed=25794003, doi=10.1371/journal.pone.0119916, pubmedcentral=4368674}","https://www.semanticscholar.org/paper/28acac3485c1b4d672000e8ec98e6209f2052b29","The Mediating Role of Resilience in the Relationship between Big Five Personality and Anxiety among Chinese Medical Students: A Cross-Sectional Study","[{authorid=46508761, name=Meng Shi}, {authorid=49480441, name=Li Liu}, {authorid=2108735615, name=Z. Wang}, {authorid=97846626, name=Lie Wang}]","PLoS ONE","0aed7a40-85f3-4c66-9e1b-c1556c57001b","2015","58","108","6","true","[{category=Medicine, source=s2-fos-model}, {category=Psychology, source=s2-fos-model}, {category=Medicine, source=external}, {category=Psychology, source=external}]","[Study, JournalArticle]","2015-03-20","{name=PLoS ONE, pages=null, volume=10}","16843730"
"1594051","{acl=null, dblp=null, arxiv=null, mag=2157714504, corpusid=1594051, pubmed=24413348, doi=10.1136/bmjopen-2013-004018, pubmedcentral=3902328}","https://www.semanticscholar.org/paper/4f64529d81d9eb98d9c44e6bfda6cd584ef3dede","Effects of smoking, gender and occupational exposure on the risk of severe pulmonary fibrosis: a population-based case-control study","[{authorid=2065670224, name=M. Ekström}, {authorid=40116548, name=Torbjörn Gustafson}, {authorid=50278381, name=K. Boman}, {authorid=2105725733, name=K. Nilsson}, {authorid=3953146, name=G. Tornling}, {authorid=5193282, name=N. Murgia}, {authorid=3849153, name=K. Torén}]","BMJ Open","e6216b43-2428-4aaf-8101-b40e1dfd2810","2014","24","48","0","true","[{category=Environmental Science, source=s2-fos-model}, {category=Medicine, source=s2-fos-model}, {category=Medicine, source=external}]","[JournalArticle]","2014-01-01","{name=BMJ Open, pages=null, volume=4}","1594051"
"11602768","{acl=null, dblp=null, arxiv=null, mag=1494996948, corpusid=11602768, pubmed=24002548, doi=10.21775/cimb.016.055, pubmedcentral=null}","https://www.semanticscholar.org/paper/21884f96edb3051dc3494b518819a65a4f286a20","The Influence of Intestinal Tract and Probiotics on the Fate of Orally Administered Drugs.","[{authorid=5776673, name=M. Stojančević}, {authorid=10091922, name=G. Bojić}, {authorid=87429776, name=H. Salami}, {authorid=145784164, name=M. Mikov}]","Current Issues in Molecular Biology","bea9a940-d7ba-4899-a8f7-5ebd2a6aec40","2014","126","77","4","true","[{category=Biology, source=s2-fos-model}, {category=Medicine, source=s2-fos-model}, {category=Biology, source=external}, {category=Medicine, source=external}]","[Review, JournalArticle]",,"{name=Current issues in molecular biology, pages=
          55-68
        , volume=16}","11602768"
"4852351","{acl=null, dblp=null, arxiv=null, mag=2182272691, corpusid=4852351, pubmed=26629819, doi=10.1371/journal.pone.0144124, pubmedcentral=4668004}","https://www.semanticscholar.org/paper/82aed7bf693ab80d4bd087667bbc75064b2e49d4","Frost Induces Respiration and Accelerates Carbon Depletion in Trees","[{authorid=40321452, name=O. Sperling}, {authorid=null, name=J. Mason Earles}, {authorid=33958295, name=F. Secchi}, {authorid=38941377, name=Jessie Godfrey}, {authorid=4368392, name=M. Zwieniecki}]","PLoS ONE","0aed7a40-85f3-4c66-9e1b-c1556c57001b","2015","34","39","1","true","[{category=Environmental Science, source=s2-fos-model}, {category=Biology, source=s2-fos-model}, {category=Medicine, source=external}, {category=Biology, source=external}]","[JournalArticle, Review]","2015-12-02","{name=PLoS ONE, pages=null, volume=10}","4852351"
"263869649","{acl=null, dblp=journals/bioinformatics/GlaabBKV10, arxiv=null, mag=2125943945, corpusid=263869649, pubmed=20335277, doi=10.1093/bioinformatics/btq131, pubmedcentral=2859135}","https://www.semanticscholar.org/paper/4b65a5f70fb46aad56e35c40f6e5f08dfb283fcd","TopoGSA: network topological gene set analysis","[]","Bioinform.",,"2010","0","60","4","true","[{category=Computer Science, source=s2-fos-model}, {category=Biology, source=s2-fos-model}, {category=Medicine, source=external}, {category=Computer Science, source=external}, {category=Biology, source=external}]","[JournalArticle]","2010-03-24","{name=Bioinformatics, pages=1271 - 1272, volume=26}","263869649"
"3858470","{acl=null, dblp=null, arxiv=null, mag=2075655999, corpusid=3858470, pubmed=21949736, doi=10.1371/journal.pone.0024630, pubmedcentral=3176230}","https://www.semanticscholar.org/paper/d91ee1eebfbb14ff5081fa393618a6002dc046d3","Real-Time Contrast Enhancement to Improve Speech Recognition","[{authorid=144032744, name=Joshua M Alexander}, {authorid=2986475, name=R. Jenison}, {authorid=2358877, name=K. Kluender}]","PLoS ONE","0aed7a40-85f3-4c66-9e1b-c1556c57001b","2011","57","13","2","true","[{category=Computer Science, source=s2-fos-model}, {category=Medicine, source=external}, {category=Physics, source=external}]","[JournalArticle]","2011-09-19","{name=PLoS ONE, pages=null, volume=6}","3858470"
"6777658","{acl=null, dblp=null, arxiv=null, mag=2169203430, corpusid=6777658, pubmed=25216051, doi=10.1371/journal.pone.0107531, pubmedcentral=4162619}","https://www.semanticscholar.org/paper/a2c857803f28aabc7694915dcff0b3838461abe9","Cross-Species Comparison of Genes Related to Nutrient Sensing Mechanisms Expressed along the Intestine","[{authorid=32705926, name=Nikkie van der Wielen}, {authorid=6971841, name=M. van Avesaat}, {authorid=67070669, name=N. D. de Wit}, {authorid=1987867, name=J. Vogels}, {authorid=5727590, name=F. Troost}, {authorid=32272199, name=A. Masclee}, {authorid=3828124, name=S. Koopmans}, {authorid=114820912, name=J. van der Meulen}, {authorid=6505707, name=M. Boekschoten}, {authorid=143989258, name=Michael Müller}, {authorid=92024896, name=H. Hendriks}, {authorid=145796484, name=R. Witkamp}, {authorid=145449617, name=J. Meijerink}]","PLoS ONE","0aed7a40-85f3-4c66-9e1b-c1556c57001b","2014","64","45","1","true","[{category=Biology, source=s2-fos-model}, {category=Environmental Science, source=s2-fos-model}, {category=Biology, source=external}, {category=Medicine, source=external}]","[JournalArticle]","2014-09-12","{name=PLoS ONE, pages=null, volume=9}","6777658"
"18448816","{acl=null, dblp=null, arxiv=null, mag=2160589153, corpusid=18448816, pubmed=24244276, doi=10.1371/journal.pone.0077407, pubmedcentral=3820691}","https://www.semanticscholar.org/paper/8a9b4fa7ca963e33dfed99c261c3cbb656e7fe58","Characterization of Prostate Cancer Bone Metastases According to Expression Levels of Steroidogenic Enzymes and Androgen Receptor Splice Variants","[{authorid=3865307, name=Emma Jernberg}, {authorid=2746469, name=Elin Thysell}, {authorid=50989301, name=Erik Bovinder Ylitalo}, {authorid=4662336, name=S. Rudolfsson}, {authorid=4699538, name=S. Crnalic}, {authorid=6809350, name=A. Widmark}, {authorid=143916270, name=A. Bergh}, {authorid=2096345, name=P. Wikström}]","PLoS ONE","0aed7a40-85f3-4c66-9e1b-c1556c57001b","2013","41","82","2","true","[{category=Medicine, source=s2-fos-model}, {category=Medicine, source=external}]","[JournalArticle, ClinicalTrial]","2013-11-07","{name=PLoS ONE, pages=null, volume=8}","18448816"
"263931032","{acl=null, dblp=null, arxiv=null, mag=2930463134, corpusid=263931032, pubmed=30951521, doi=10.1371/journal.pmed.1002777, pubmedcentral=6450618}","https://www.semanticscholar.org/paper/72772fceaaf7f67a300c6a4701133f74a5fc0d25","Octreotide-LAR in later-stage autosomal dominant polycystic kidney disease (ALADIN 2): A randomized, double-blind, placebo-controlled, multicenter trial","[]","PLoS Medicine","3b9c2af9-8503-4d14-a0de-af5ba0143ed2","2019","67","13","1","true","[{category=Medicine, source=s2-fos-model}, {category=Medicine, source=external}]","[JournalArticle]","2019-04-01","{name=PLoS Medicine, pages=null, volume=16}","263931032"
"7970020","{acl=null, dblp=null, arxiv=null, mag=2116595900, corpusid=7970020, pubmed=24425782, doi=10.1093/molbev/msu037, pubmedcentral=3969562}","https://www.semanticscholar.org/paper/e9499fd4926ffd990c7b4d64fbca2147cd205c89","A High-Definition View of Functional Genetic Variation from Natural Yeast Genomes","[{authorid=47269529, name=Anders Bergström}, {authorid=1965762, name=J. Simpson}, {authorid=144021419, name=F. Salinas}, {authorid=1979387, name=B. Barré}, {authorid=2827805, name=L. Parts}, {authorid=51094889, name=Amin Zia}, {authorid=2422462, name=Alex N. Nguyen Ba}, {authorid=145497462, name=Alan M. Moses}, {authorid=35633102, name=E. Louis}, {authorid=2616026, name=Ville Mustonen}, {authorid=49398049, name=J. Warringer}, {authorid=144187514, name=R. Durbin}, {authorid=2694739, name=Gianni Liti}]","Molecular biology and evolution","52bd1f2f-5bb2-4bae-8674-c503b506c30e","2014","94","259","15","true","[{category=Biology, source=s2-fos-model}, {category=Medicine, source=external}, {category=Biology, source=external}]","[JournalArticle]","2014-01-14","{name=Molecular Biology and Evolution, pages=872 - 888, volume=31}","7970020"
"8908433","{acl=null, dblp=null, arxiv=null, mag=2583027162, corpusid=8908433, pubmed=28232848, doi=10.1155/2017/3083481, pubmedcentral=5292382}","https://www.semanticscholar.org/paper/9330e9c1d73f70e4768233c57ee3bf65108afc0d","The Application of Hemospray in Gastrointestinal Bleeding during Emergency Endoscopy","[{authorid=3765963, name=A. Hagel}, {authorid=40579741, name=H. Albrecht}, {authorid=98594290, name=A. Nägel}, {authorid=9484109, name=F. Vitali}, {authorid=153553887, name=M. Vetter}, {authorid=49282787, name=Christine Dauth}, {authorid=6424245, name=M. Neurath}, {authorid=2957322, name=M. Raithel}]","Gastroenterology Research and Practice","0de80c9b-b164-4398-b00a-da2fc3b25376","2017","25","42","4","true","[{category=Medicine, source=s2-fos-model}, {category=Medicine, source=external}]","[JournalArticle]","2017-01-23","{name=Gastroenterology Research and Practice, pages=null, volume=2017}","8908433"
"9661182","{acl=null, dblp=null, arxiv=null, mag=2286791971, corpusid=9661182, pubmed=26733249, doi=10.14814/phy2.12667, pubmedcentral=4760404}","https://www.semanticscholar.org/paper/d68e1cf4f0e220b80fa506d8a9b15853e8069851","Treatment with selectin blocking antibodies after lengthening contractions of mouse muscle blunts neutrophil accumulation but does not reduce damage","[{authorid=6949825, name=D. Sloboda}, {authorid=6383850, name=S. Brooks}]","Physiological Reports","1ad41804-dafa-4abd-8751-88652b3ea436","2016","42","3","0","true","[{category=Biology, source=s2-fos-model}, {category=Medicine, source=s2-fos-model}, {category=Biology, source=external}, {category=Medicine, source=external}]","[JournalArticle]","2016-01-01","{name=Physiological Reports, pages=null, volume=4}","9661182"
"3790908","{acl=null, dblp=null, arxiv=null, mag=2786793629, corpusid=3790908, pubmed=29377961, doi=10.1371/journal.pone.0192082, pubmedcentral=5788382}","https://www.semanticscholar.org/paper/9b1790f3d6f3f7baadf3bd361080a7fc7d6b8fa8","Shared and organism-specific host responses to childhood diarrheal diseases revealed by whole blood transcript profiling","[{authorid=6609048, name=H. DeBerg}, {authorid=35617545, name=M. Zaidi}, {authorid=12453065, name=Matthew C. Altman}, {authorid=5303903, name=Prasong Khaenam}, {authorid=5311870, name=V. Gersuk}, {authorid=121282712, name=F. Campos}, {authorid=1411980722, name=I. Perez-Martinez}, {authorid=1422187663, name=Mario Meza-Segura}, {authorid=144623113, name=D. Chaussabel}, {authorid=1986476, name=J. Banchereau}, {authorid=1399206288, name=T. Estrada-Garcia}, {authorid=2703885, name=P. Linsley}]","PLoS ONE","0aed7a40-85f3-4c66-9e1b-c1556c57001b","2018","48","19","2","true","[{category=Biology, source=s2-fos-model}, {category=Medicine, source=s2-fos-model}, {category=Medicine, source=external}]","[JournalArticle]","2018-01-29","{name=PLoS ONE, pages=null, volume=13}","3790908"
"9607685","{acl=null, dblp=null, arxiv=1303.4655, mag=1965974168, corpusid=9607685, pubmed=24484017, doi=10.1103/PhysRevLett.112.023905, pubmedcentral=null}","https://www.semanticscholar.org/paper/6c84c4a7c296efdbdd15711949c00b03d9b55794","Absence of Anderson localization of light in a random ensemble of point scatterers.","[{authorid=4873675, name=S. Skipetrov}, {authorid=2058457222, name=I. Sokolov}]","Physical Review Letters","16c9f9d4-bee1-435d-8c85-22a3deba109d","2013","14","168","6","true","[{category=Physics, source=s2-fos-model}, {category=Medicine, source=external}, {category=Physics, source=external}]","[JournalArticle]","2013-03-19","{name=Physical review letters, pages=
          023905
        , volume=112 2}","9607685"
"146809664","{acl=null, dblp=null, arxiv=null, mag=2944116815, corpusid=146809664, pubmed=31062837, doi=10.1093/aje/kwz110, pubmedcentral=6670050}","https://www.semanticscholar.org/paper/4264d87abd7eb37ea15df7205ab8a2c61c47161a","Force of Infection and True Infection Rate of Dengue in Singapore: Implications for Dengue Control and Management","[{authorid=49839147, name=L. Tan}, {authorid=5292465, name=S. Low}, {authorid=47217741, name=Haoyang Sun}, {authorid=2118757781, name=Yuan Shi}, {authorid=6505664, name=Lilac Liu}, {authorid=115126903, name=S. Lam}, {authorid=50322661, name=H. H. Tan}, {authorid=2537716, name=L. Ang}, {authorid=2093342053, name=W. Wong}, {authorid=6359346, name=Rachel Chua}, {authorid=6712936, name=D. Teo}, {authorid=16256565, name=L. Ng}, {authorid=2821849, name=A. Cook}]","American Journal of Epidemiology","247cac2c-d387-4a11-acb8-59fcae2e52b0","2019","67","29","0","true","[{category=Medicine, source=s2-fos-model}, {category=Environmental Science, source=s2-fos-model}, {category=Medicine, source=external}]","[JournalArticle, Review]","2019-05-07","{name=American Journal of Epidemiology, pages=1529 - 1538, volume=188}","146809664"
"14491008","{acl=null, dblp=null, arxiv=null, mag=2044183218, corpusid=14491008, pubmed=24363646, doi=10.3389/fpsyt.2013.00157, pubmedcentral=3849802}","https://www.semanticscholar.org/paper/061988d139fd237bdd49692dee4e9db061772cae","Pharmacological Interventions for the MATRICS Cognitive Domains in Schizophrenia: What’s the Evidence?","[{authorid=5945833, name=W. Vingerhoets}, {authorid=1886248, name=O. Bloemen}, {authorid=145037832, name=G. Bakker}, {authorid=2044951, name=T. van Amelsvoort}]","Frontiers in Psychiatry","07931092-9002-4e9f-a62d-00af30be540f","2013","132","37","1","true","[{category=Medicine, source=s2-fos-model}, {category=Psychology, source=s2-fos-model}, {category=Psychology, source=external}, {category=Medicine, source=external}]","[Review, JournalArticle]","2013-12-04","{name=Frontiers in Psychiatry, pages=null, volume=4}","14491008"
"8466896","{acl=null, dblp=journals/bmcbi/GaoW11, arxiv=null, mag=2083667678, corpusid=8466896, pubmed=21884587, doi=10.1186/1471-2105-12-359, pubmedcentral=3203352}","https://www.semanticscholar.org/paper/ec53e2b697d3b197f274d07fd63dce1b85c6fceb","Quantitative utilization of prior biological knowledge in the Bayesian network modeling of gene expression data","[{authorid=2236748, name=Shouguo Gao}, {authorid=47120783, name=Xujing Wang}]","BMC Bioinformatics","be3f884c-b44a-496a-a593-1cad3f89d254","2011","53","24","1","true","[{category=Biology, source=s2-fos-model}, {category=Computer Science, source=s2-fos-model}, {category=Computer Science, source=external}, {category=Medicine, source=external}]","[JournalArticle]","2011-08-31","{name=BMC Bioinformatics, pages=359 - 359, volume=12}","8466896"
"49219449","{acl=null, dblp=null, arxiv=null, mag=2808480928, corpusid=49219449, pubmed=29906262, doi=10.1289/EHP2773, pubmedcentral=6108582}","https://www.semanticscholar.org/paper/2168a35a55602b513f4375a7b452222d3c883864","Exposure to Polycyclic Aromatic Hydrocarbons and Accelerated DNA Methylation Aging","[{authorid=2152747452, name=Jun Li}, {authorid=2142923526, name=Xiaoyan Zhu}, {authorid=2637260, name=Kuai Yu}, {authorid=2870112, name=Haijing Jiang}, {authorid=1591122366, name=Yizhi Zhang}, {authorid=4255612, name=Biqi Wang}, {authorid=46523127, name=Xuezhen Liu}, {authorid=4416184, name=Siyun Deng}, {authorid=2112348385, name=Jieping Hu}, {authorid=4056042, name=Q. Deng}, {authorid=48729066, name=Huizhen Sun}, {authorid=1729940, name=Huan Guo}, {authorid=145326228, name=Xiaomin Zhang}, {authorid=50504118, name=Weihong Chen}, {authorid=145078778, name=Jing Yuan}, {authorid=8362646, name=M. He}, {authorid=4343862, name=Y. Bai}, {authorid=1820680967, name=Xu Han}, {authorid=2149123972, name=Bing Liu}, {authorid=4234662, name=Chuanyao Liu}, {authorid=49813721, name=Yanjun Guo}, {authorid=2117925330, name=Bing Zhang}, {authorid=2109086234, name=Zhihong Zhang}, {authorid=2242100447, name=F. Hu}, {authorid=2153577697, name=W. Gao}, {authorid=2107951088, name=Liming Li}, {authorid=145123881, name=M. Lathrop}, {authorid=3642150, name=C. Laprise}, {authorid=3039333, name=L. Liang}, {authorid=3567607, name=Tangchun Wu}]","Environmental Health Perspectives","74dbb751-54d9-4be5-baa6-52a5e58ea8dd","2018","60","43","1","true","[{category=Environmental Science, source=s2-fos-model}, {category=Medicine, source=s2-fos-model}, {category=Medicine, source=external}, {category=Biology, source=external}]","[JournalArticle]","2018-06-01","{name=Environmental Health Perspectives, pages=null, volume=126}","49219449"
"28597252","{acl=null, dblp=null, arxiv=null, mag=2611816826, corpusid=28597252, pubmed=28660151, doi=10.14218/JCTH.2017.00005, pubmedcentral=5472934}","https://www.semanticscholar.org/paper/829c58ffc5f5a59c1f824a0b66440bea736c4d0f","Nonalcoholic Fatty Liver Disease (NAFLD) and Risk of Cardiac Arrhythmias: A New Aspect of the Liver-heart Axis","[{authorid=38842412, name=A. Mantovani}]","Journal of Clinical and Translational Hepatology","7b9daee4-bc83-406c-9974-6014721147b3","2017","52","48","1","true","[{category=Medicine, source=s2-fos-model}, {category=Medicine, source=external}]","[Review, JournalArticle]","2017-05-04","{name=Journal of Clinical and Translational Hepatology, pages=134 - 141, volume=5}","28597252"
"195187157","{acl=null, dblp=null, arxiv=null, mag=2952995156, corpusid=195187157, pubmed=31216314, doi=10.1371/journal.pone.0218248, pubmedcentral=6583971}","https://www.semanticscholar.org/paper/50c2447a60613ee331e795550490f156be372fe2","A novel diversity method for smartphone camera-based heart rhythm signals in the presence of motion and noise artifacts","[{authorid=36015536, name=F. Tabei}, {authorid=74368774, name=Rifat-uz Zaman}, {authorid=147205636, name=Kamrul H. Foysal}, {authorid=2145684944, name=Rajnish Kumar}, {authorid=2119192699, name=Yeesock Kim}, {authorid=9432793, name=J. Chong}]","PLoS ONE","0aed7a40-85f3-4c66-9e1b-c1556c57001b","2019","54","10","0","true","[{category=Medicine, source=s2-fos-model}, {category=Engineering, source=s2-fos-model}, {category=Computer Science, source=external}, {category=Medicine, source=external}]","[JournalArticle]","2019-06-19","{name=PLoS ONE, pages=null, volume=14}","195187157"
"8893110","{acl=null, dblp=null, arxiv=null, mag=2751474278, corpusid=8893110, pubmed=29134123, doi=10.4155/fsoa-2017-0062, pubmedcentral=5674245}","https://www.semanticscholar.org/paper/3040c6c36b6504d27252232b08ec391bfce9d947","Green synthesis of capped gold nanoparticles and their effect on Gram-positive and Gram-negative bacteria","[{authorid=28932221, name=Yashvant Rao}, {authorid=7692615, name=G. K. Inwati}, {authorid=82877708, name=Man Singh}]","Future Science OA","21464d48-e717-401d-91a8-c1ce3a14e66b","2017","43","46","0","true","[{category=Biology, source=s2-fos-model}, {category=Chemistry, source=s2-fos-model}, {category=Environmental Science, source=s2-fos-model}, {category=Materials Science, source=s2-fos-model}, {category=Medicine, source=s2-fos-model}, {category=Chemistry, source=external}, {category=Medicine, source=external}]","[JournalArticle]","2017-09-05","{name=Future Science OA, pages=null, volume=3}","8893110"
"5945342","{acl=null, dblp=null, arxiv=null, mag=2140590341, corpusid=5945342, pubmed=22232586, doi=10.3389/fnhum.2011.00154, pubmedcentral=3249355}","https://www.semanticscholar.org/paper/5a8b29de6a69c9ef3d0f368ee3a9e6f223344ebc","The Riddle of Style Changes in the Visual Arts after Interference with the Right Brain","[{authorid=145844079, name=O. Blanke}, {authorid=3500627, name=Isabella Pasqualini}]","Frontiers in Human Neuroscience","f1d65bf7-0efb-4099-9607-0904a843a6ec","2011","50","11","2","true","[{category=Art, source=s2-fos-model}, {category=Psychology, source=s2-fos-model}, {category=Medicine, source=external}, {category=Psychology, source=external}]","[JournalArticle]","2011-08-14","{name=Frontiers in Human Neuroscience, pages=null, volume=5}","5945342"
"4382024","{acl=null, dblp=null, arxiv=null, mag=2792176822, corpusid=4382024, pubmed=29543865, doi=10.1371/journal.pone.0194466, pubmedcentral=5854384}","https://www.semanticscholar.org/paper/e8e417bf0155266f70e7d7802abdf32e5276f8d4","Decline in perception of acid regurgitation symptoms from gastroesophageal reflux disease in diabetes mellitus patients","[{authorid=4610795, name=Kosuke Sakitani}, {authorid=6013004, name=Nobumi Suzuki}, {authorid=9561691, name=Sozaburo Ihara}, {authorid=46326764, name=Y. Hirata}, {authorid=47097431, name=S. Kawazu}, {authorid=1963685, name=Y. Iwamoto}, {authorid=36118330, name=K. Koike}]","PLoS ONE","0aed7a40-85f3-4c66-9e1b-c1556c57001b","2018","35","5","0","true","[{category=Medicine, source=s2-fos-model}, {category=Medicine, source=external}]","[JournalArticle]","2018-03-15","{name=PLoS ONE, pages=null, volume=13}","4382024"
"17761036","{acl=null, dblp=null, arxiv=null, mag=2593927173, corpusid=17761036, pubmed=28331296, doi=10.2147/PPA.S127147, pubmedcentral=5352230}","https://www.semanticscholar.org/paper/fbcaaae716aa4913e2da137c8b3ffdd44c28173d","Lay health educators within primary care practices to improve cancer screening uptake for South Asian patients: challenges in quality improvement","[{authorid=9695023, name=A. Lofters}, {authorid=36096937, name=M. Vahabi}, {authorid=2067222062, name=V. Prakash}, {authorid=114367450, name=L. Banerjee}, {authorid=2067386918, name=P. Bansal}, {authorid=1657698932, name=S. Goel}, {authorid=47471507, name=S. Dunn}]","Patient Preference and Adherence","e055c110-d48e-4040-b2ae-60d4ff9a22e0","2017","45","8","0","true","[{category=Education, source=s2-fos-model}, {category=Medicine, source=s2-fos-model}, {category=Medicine, source=external}]","[JournalArticle]","2017-03-08","{name=Patient preference and adherence, pages=495 - 503, volume=11}","17761036"
"4008069","{acl=null, dblp=null, arxiv=null, mag=2775439418, corpusid=4008069, pubmed=29218923, doi=10.1117/1.JBO.22.12.121707, pubmedcentral=5745673}","https://www.semanticscholar.org/paper/2342303f5c6b212b1dc4460fcfc6ec8239172559","Visible-light optical coherence tomography: a review","[{authorid=89391041, name=X. Shu}, {authorid=6814395, name=Lisa Beckmann}, {authorid=2144612378, name=Hao F. Zhang}]","Journal of Biomedical Optics","3a712262-b7d9-4756-94a1-57c2f9d4197c","2017","101","113","4","true","[{category=Engineering, source=s2-fos-model}, {category=Medicine, source=s2-fos-model}, {category=Physics, source=s2-fos-model}, {category=Engineering, source=external}, {category=Medicine, source=external}, {category=Materials Science, source=external}]","[Review, JournalArticle]","2017-12-01","{name=Journal of Biomedical Optics, pages=null, volume=22}","4008069"
"71909","{acl=null, dblp=null, arxiv=null, mag=2163053671, corpusid=71909, pubmed=22655262, doi=10.3389/fonc.2012.00014, pubmedcentral=3356003}","https://www.semanticscholar.org/paper/28d825de471989da1b0b91eb821bfee3702e161b","Exposure to Polycyclic Aromatic Hydrocarbons Among Never Smokers in Golestan Province, Iran, an Area of High Incidence of Esophageal Cancer – a Cross-Sectional Study with Repeated Measurement of Urinary 1-OHPG in Two Seasons","[{authorid=5813941, name=F. Islami}, {authorid=6099499, name=P. Boffetta}, {authorid=5069329, name=F. V. van Schooten}, {authorid=2358944, name=P. Strickland}, {authorid=145494754, name=D. Phillips}, {authorid=4902243, name=A. Pourshams}, {authorid=13296950, name=Akbar Fazel-tabar Malekshah}, {authorid=47795454, name=R. Godschalk}, {authorid=48408286, name=E. Jafari}, {authorid=2176346, name=A. Etemadi}, {authorid=7482126, name=S. Abubaker}, {authorid=5077883, name=F. Kamangar}, {authorid=6662319, name=K. Straif}, {authorid=1402660806, name=H. Møller}, {authorid=49643738, name=J. Schüz}, {authorid=143980596, name=R. Malekzadeh}]","Frontiers in Oncology","fdeb07d1-a046-4a1a-98aa-167e7f8e667a","2012","57","27","0","true","[{category=Environmental Science, source=s2-fos-model}, {category=Medicine, source=s2-fos-model}, {category=Medicine, source=external}, {category=Biology, source=external}]","[JournalArticle]","2012-02-17","{name=Frontiers in Oncology, pages=null, volume=2}","71909"
"3748101","{acl=null, dblp=null, arxiv=null, mag=2528951665, corpusid=3748101, pubmed=28172715, doi=10.1093/europace/euw279, pubmedcentral=5400077}","https://www.semanticscholar.org/paper/02017d6f5fc8f5fbcbec5e7a6ee3ccc17b71a804","Atrial high-rate episodes and stroke prevention","[{authorid=49554627, name=A. Camm}, {authorid=6097026, name=E. Simantirakis}, {authorid=145154622, name=A. Goette}, {authorid=2143930829, name=G. Lip}, {authorid=2143930829, name=G. Lip}, {authorid=2976895, name=P. Vardas}, {authorid=3611470, name=M. Calvert}, {authorid=3651647, name=G. Chlouverakis}, {authorid=145800739, name=H. Diener}, {authorid=1997575, name=P. Kirchhof}, {authorid=1997575, name=P. Kirchhof}]","Europace","ed4ba1ba-fda9-4eda-9cc6-1bc461b88370","2016","89","87","4","true","[{category=Medicine, source=s2-fos-model}, {category=Medicine, source=external}]","[Review, JournalArticle]","2016-10-04","{name=Europace, pages=169 - 179, volume=19}","3748101"
